{
    "0": {
        "cost": 24.0,
        "ce": 13,
        "cc": 0,
        "z": 0
    },
    "1": {
        "cost": 25.0,
        "ce": 0,
        "cc": 14,
        "z": 1.0
    },
    "2": {
        "cost": 26.0,
        "ce": 1,
        "cc": 14,
        "z": 0.99
    },
    "3": {
        "cost": 26.0,
        "ce": 2,
        "cc": 13,
        "z": 0.97
    },
    "4": {
        "cost": 26.0,
        "ce": 2,
        "cc": 13,
        "z": 0.96
    },
    "5": {
        "cost": 26.0,
        "ce": 2,
        "cc": 13,
        "z": 0.95
    },
    "6": {
        "cost": 26.0,
        "ce": 2,
        "cc": 13,
        "z": 0.94
    },
    "7": {
        "cost": 26.0,
        "ce": 3,
        "cc": 12,
        "z": 0.8799999999999999
    },
    "8": {
        "cost": 26.0,
        "ce": 3,
        "cc": 12,
        "z": 0.8699999999999999
    },
    "9": {
        "cost": 26.0,
        "ce": 3,
        "cc": 12,
        "z": 0.8599999999999999
    },
    "10": {
        "cost": 26.0,
        "ce": 4,
        "cc": 11,
        "z": 0.7899999999999998
    },
    "11": {
        "cost": 26.0,
        "ce": 4,
        "cc": 11,
        "z": 0.7799999999999998
    },
    "12": {
        "cost": 26.0,
        "ce": 4,
        "cc": 11,
        "z": 0.7699999999999998
    },
    "13": {
        "cost": 26.0,
        "ce": 5,
        "cc": 10,
        "z": 0.7099999999999997
    },
    "14": {
        "cost": 26.0,
        "ce": 5,
        "cc": 10,
        "z": 0.6999999999999997
    },
    "15": {
        "cost": 26.0,
        "ce": 5,
        "cc": 10,
        "z": 0.6899999999999997
    },
    "16": {
        "cost": 26.0,
        "ce": 6,
        "cc": 9,
        "z": 0.6099999999999997
    },
    "17": {
        "cost": 26.0,
        "ce": 6,
        "cc": 9,
        "z": 0.5999999999999996
    },
    "18": {
        "cost": 26.0,
        "ce": 7,
        "cc": 8,
        "z": 0.5299999999999996
    },
    "19": {
        "cost": 26.0,
        "ce": 7,
        "cc": 8,
        "z": 0.5199999999999996
    },
    "20": {
        "cost": 26.0,
        "ce": 7,
        "cc": 8,
        "z": 0.5099999999999996
    },
    "21": {
        "cost": 26.0,
        "ce": 8,
        "cc": 7,
        "z": 0.4399999999999995
    },
    "22": {
        "cost": 26.0,
        "ce": 8,
        "cc": 7,
        "z": 0.4299999999999995
    },
    "23": {
        "cost": 26.0,
        "ce": 9,
        "cc": 6,
        "z": 0.3499999999999994
    },
    "24": {
        "cost": 26.0,
        "ce": 9,
        "cc": 6,
        "z": 0.3399999999999994
    },
    "25": {
        "cost": 26.0,
        "ce": 10,
        "cc": 5,
        "z": 0.26999999999999935
    },
    "26": {
        "cost": 26.0,
        "ce": 10,
        "cc": 5,
        "z": 0.25999999999999934
    },
    "27": {
        "cost": 26.0,
        "ce": 10,
        "cc": 5,
        "z": 0.24999999999999933
    },
    "28": {
        "cost": 26.0,
        "ce": 11,
        "cc": 4,
        "z": 0.18999999999999928
    },
    "29": {
        "cost": 26.000000000000004,
        "ce": 11,
        "cc": 4,
        "z": 0.17999999999999927
    },
    "30": {
        "cost": 26.0,
        "ce": 11,
        "cc": 4,
        "z": 0.16999999999999926
    },
    "31": {
        "cost": 26.0,
        "ce": 11,
        "cc": 4,
        "z": 0.15999999999999925
    },
    "32": {
        "cost": 25.999999999999996,
        "ce": 12,
        "cc": 3,
        "z": 0.10999999999999924
    },
    "33": {
        "cost": 26.0,
        "ce": 12,
        "cc": 3,
        "z": 0.09999999999999924
    },
    "34": {
        "cost": 26.0,
        "ce": 12,
        "cc": 3,
        "z": 0.08999999999999925
    },
    "35": {
        "cost": 26.0,
        "ce": 12,
        "cc": 3,
        "z": 0.07999999999999925
    },
    "36": {
        "cost": 26.0,
        "ce": 12,
        "cc": 3,
        "z": 0.06999999999999926
    },
    "37": {
        "cost": 26.000000000000004,
        "ce": 12,
        "cc": 3,
        "z": 0.059999999999999255
    },
    "38": {
        "cost": 26.0,
        "ce": 13,
        "cc": 2,
        "z": 0.03999999999999925
    },
    "39": {
        "cost": 26.0,
        "ce": 13,
        "cc": 2,
        "z": 0.02999999999999925
    },
    "40": {
        "cost": 26.0,
        "ce": 13,
        "cc": 2,
        "z": 0.019999999999999248
    },
    "41": {
        "cost": 26.0,
        "ce": 13,
        "cc": 2,
        "z": 0.009999999999999247
    },
    "42": {
        "cost": 27.0,
        "ce": 2,
        "cc": 14,
        "z": 0.98
    },
    "43": {
        "cost": 27.0,
        "ce": 3,
        "cc": 13,
        "z": 0.9299999999999999
    },
    "44": {
        "cost": 27.0,
        "ce": 3,
        "cc": 13,
        "z": 0.9199999999999999
    },
    "45": {
        "cost": 27.0,
        "ce": 3,
        "cc": 13,
        "z": 0.9099999999999999
    },
    "46": {
        "cost": 27.0,
        "ce": 3,
        "cc": 13,
        "z": 0.8999999999999999
    },
    "47": {
        "cost": 27.0,
        "ce": 3,
        "cc": 13,
        "z": 0.8899999999999999
    },
    "48": {
        "cost": 27.0,
        "ce": 4,
        "cc": 12,
        "z": 0.8499999999999999
    },
    "49": {
        "cost": 27.0,
        "ce": 4,
        "cc": 12,
        "z": 0.8399999999999999
    },
    "50": {
        "cost": 27.0,
        "ce": 4,
        "cc": 12,
        "z": 0.8299999999999998
    },
    "51": {
        "cost": 27.0,
        "ce": 4,
        "cc": 12,
        "z": 0.8199999999999998
    },
    "52": {
        "cost": 27.0,
        "ce": 4,
        "cc": 12,
        "z": 0.8099999999999998
    },
    "53": {
        "cost": 27.0,
        "ce": 4,
        "cc": 12,
        "z": 0.7999999999999998
    },
    "54": {
        "cost": 27.0,
        "ce": 5,
        "cc": 11,
        "z": 0.7599999999999998
    },
    "55": {
        "cost": 27.0,
        "ce": 5,
        "cc": 11,
        "z": 0.7499999999999998
    },
    "56": {
        "cost": 27.0,
        "ce": 5,
        "cc": 11,
        "z": 0.7399999999999998
    },
    "57": {
        "cost": 27.0,
        "ce": 5,
        "cc": 11,
        "z": 0.7299999999999998
    },
    "58": {
        "cost": 27.0,
        "ce": 5,
        "cc": 11,
        "z": 0.7199999999999998
    },
    "59": {
        "cost": 27.0,
        "ce": 6,
        "cc": 10,
        "z": 0.6799999999999997
    },
    "60": {
        "cost": 27.0,
        "ce": 6,
        "cc": 10,
        "z": 0.6699999999999997
    },
    "61": {
        "cost": 27.0,
        "ce": 6,
        "cc": 10,
        "z": 0.6599999999999997
    },
    "62": {
        "cost": 27.0,
        "ce": 6,
        "cc": 10,
        "z": 0.6499999999999997
    },
    "63": {
        "cost": 27.0,
        "ce": 6,
        "cc": 10,
        "z": 0.6399999999999997
    },
    "64": {
        "cost": 27.0,
        "ce": 6,
        "cc": 10,
        "z": 0.6299999999999997
    },
    "65": {
        "cost": 27.0,
        "ce": 6,
        "cc": 10,
        "z": 0.6199999999999997
    },
    "66": {
        "cost": 27.0,
        "ce": 7,
        "cc": 9,
        "z": 0.5899999999999996
    },
    "67": {
        "cost": 27.0,
        "ce": 7,
        "cc": 9,
        "z": 0.5799999999999996
    },
    "68": {
        "cost": 27.0,
        "ce": 7,
        "cc": 9,
        "z": 0.5699999999999996
    },
    "69": {
        "cost": 27.0,
        "ce": 7,
        "cc": 9,
        "z": 0.5599999999999996
    },
    "70": {
        "cost": 27.0,
        "ce": 7,
        "cc": 9,
        "z": 0.5499999999999996
    },
    "71": {
        "cost": 27.0,
        "ce": 7,
        "cc": 9,
        "z": 0.5399999999999996
    },
    "72": {
        "cost": 27.0,
        "ce": 8,
        "cc": 8,
        "z": 0.49999999999999956
    },
    "73": {
        "cost": 27.0,
        "ce": 8,
        "cc": 8,
        "z": 0.48999999999999955
    },
    "74": {
        "cost": 27.0,
        "ce": 8,
        "cc": 8,