{
    "0": {
        "cost": 113.0,
        "ce": 20,
        "cc": 39,
        "z": 0.6699999999999999
    },
    "1": {
        "cost": 113.0,
        "ce": 20,
        "cc": 39,
        "z": 0.6799999999999999
    },
    "2": {
        "cost": 113.00000000000001,
        "ce": 19,
        "cc": 40,
        "z": 0.69
    },
    "3": {
        "cost": 113.0,
        "ce": 19,
        "cc": 40,
        "z": 0.7
    }
}