{
    "0": {
        "cost": 101.0,
        "ce": 20,
        "cc": 33,
        "z": 0.6399999999999999
    },
    "1": {
        "cost": 101.0,
        "ce": 19,
        "cc": 34,
        "z": 0.6499999999999999
    },
    "2": {
        "cost": 101.0,
        "ce": 19,
        "cc": 34,
        "z": 0.6599999999999999
    },
    "3": {
        "cost": 101.0,
        "ce": 18,
        "cc": 35,
        "z": 0.6799999999999999
    },
    "4": {
        "cost": 101.0,
        "ce": 17,
        "cc": 36,
        "z": 0.7
    },
    "5": {
        "cost": 101.0,
        "ce": 17,
        "cc": 36,
        "z": 0.71
    },
    "6": {
        "cost": 101.0,
        "ce": 16,
        "cc": 37,
        "z": 0.72
    },
    "7": {
        "cost": 101.0,
        "ce": 16,
        "cc": 37,
        "z": 0.73
    },
    "8": {
        "cost": 101.0,
        "ce": 15,
        "cc": 38,
        "z": 0.74
    },
    "9": {
        "cost": 101.0,
        "ce": 15,
        "cc": 38,
        "z": 0.75
    },
    "10": {
        "cost": 101.0,
        "ce": 14,
        "cc": 39,
        "z": 0.76
    },
    "11": {
        "cost": 101.0,
        "ce": 14,
        "cc": 39,
        "z": 0.77
    },
    "12": {
        "cost": 101.0,
        "ce": 13,
        "cc": 40,
        "z": 0.78
    },
    "13": {
        "cost": 101.0,
        "ce": 13,
        "cc": 40,
        "z": 0.79
    },
    "14": {
        "cost": 102.0,
        "ce": 19,
        "cc": 35,
        "z": 0.6699999999999999
    },
    "15": {
        "cost": 102.0,
        "ce": 18,
        "cc": 36,
        "z": 0.69
    }
}