{
    "0": {
        "cost": 47.0,
        "ce": 0,
        "cc": 25,
        "z": 1.0
    },
    "1": {
        "cost": 48.0,
        "ce": 2,
        "cc": 24,
        "z": 0.98
    },
    "2": {
        "cost": 49.0,
        "ce": 20,
        "cc": 7,
        "z": 0.18999999999999928
    },
    "3": {
        "cost": 49.0,
        "ce": 20,
        "cc": 7,
        "z": 0.1999999999999993
    },
    "4": {
        "cost": 49.0,
        "ce": 20,
        "cc": 7,
        "z": 0.2099999999999993
    },
    "5": {
        "cost": 48.99999999999999,
        "ce": 20,
        "cc": 7,
        "z": 0.2199999999999993
    },
    "6": {
        "cost": 49.0,
        "ce": 19,
        "cc": 8,
        "z": 0.23999999999999932
    },
    "7": {
        "cost": 49.0,
        "ce": 19,
        "cc": 8,
        "z": 0.24999999999999933
    },
    "8": {
        "cost": 49.0,
        "ce": 19,
        "cc": 8,
        "z": 0.25999999999999934
    },
    "9": {
        "cost": 49.0,
        "ce": 18,
        "cc": 9,
        "z": 0.27999999999999936
    },
    "10": {
        "cost": 49.0,
        "ce": 18,
        "cc": 9,
        "z": 0.28999999999999937
    },
    "11": {
        "cost": 49.0,
        "ce": 18,
        "cc": 9,
        "z": 0.2999999999999994
    },
    "12": {
        "cost": 49.0,
        "ce": 17,
        "cc": 10,
        "z": 0.3299999999999994
    },
    "13": {
        "cost": 49.0,
        "ce": 17,
        "cc": 10,
        "z": 0.3399999999999994
    },
    "14": {
        "cost": 49.0,
        "ce": 17,
        "cc": 10,
        "z": 0.3499999999999994
    },
    "15": {
        "cost": 49.0,
        "ce": 16,
        "cc": 11,
        "z": 0.37999999999999945
    },
    "16": {
        "cost": 49.0,
        "ce": 16,
        "cc": 11,
        "z": 0.38999999999999946
    },
    "17": {
        "cost": 49.0,
        "ce": 15,
        "cc": 12,
        "z": 0.4199999999999995
    },
    "18": {
        "cost": 49.0,
        "ce": 15,
        "cc": 12,
        "z": 0.4299999999999995
    },
    "19": {
        "cost": 49.0,
        "ce": 15,
        "cc": 12,
        "z": 0.4399999999999995
    },
    "20": {
        "cost": 49.0,
        "ce": 14,
        "cc": 13,
        "z": 0.4599999999999995
    },
    "21": {
        "cost": 49.0,
        "ce": 14,
        "cc": 13,
        "z": 0.46999999999999953
    },
    "22": {
        "cost": 49.0,
        "ce": 14,
        "cc": 13,
        "z": 0.47999999999999954
    },
    "23": {
        "cost": 49.0,
        "ce": 13,
        "cc": 14,
        "z": 0.5099999999999996
    },
    "24": {
        "cost": 49.0,
        "ce": 13,
        "cc": 14,
        "z": 0.5199999999999996
    },
    "25": {
        "cost": 49.0,
        "ce": 13,
        "cc": 14,
        "z": 0.5299999999999996
    },
    "26": {
        "cost": 49.0,
        "ce": 12,
        "cc": 15,
        "z": 0.5599999999999996
    },
    "27": {
        "cost": 49.0,
        "ce": 12,
        "cc": 15,
        "z": 0.5699999999999996
    },
    "28": {
        "cost": 49.0,
        "ce": 11,
        "cc": 16,
        "z": 0.5999999999999996
    },
    "29": {
        "cost": 49.0,
        "ce": 11,
        "cc": 16,
        "z": 0.6099999999999997
    },
    "30": {
        "cost": 49.0,
        "ce": 11,
        "cc": 16,
        "z": 0.6199999999999997
    },
    "31": {
        "cost": 49.0,
        "ce": 10,
        "cc": 17,
        "z": 0.6399999999999997
    },
    "32": {
        "cost": 49.0,
        "ce": 10,
        "cc": 17,
        "z": 0.6499999999999997
    },
    "33": {
        "cost": 49.0,
        "ce": 10,
        "cc": 17,
        "z": 0.6599999999999997
    },
    "34": {
        "cost": 49.0,
        "ce": 9,
        "cc": 18,
        "z": 0.6899999999999997
    },
    "35": {
        "cost": 49.0,
        "ce": 9,
        "cc": 18,
        "z": 0.6999999999999997
    },
    "36": {
        "cost": 49.0,
        "ce": 9,
        "cc": 18,
        "z": 0.7099999999999997
    },
    "37": {
        "cost": 49.0,
        "ce": 8,
        "cc": 19,
        "z": 0.7299999999999998
    },
    "38": {
        "cost": 49.0,
        "ce": 8,
        "cc": 19,
        "z": 0.7399999999999998
    },
    "39": {
        "cost": 49.0,
        "ce": 8,
        "cc": 19,
        "z": 0.7499999999999998
    },
    "40": {
        "cost": 49.0,
        "ce": 7,
        "cc": 20,
        "z": 0.7699999999999998
    },
    "41": {
        "cost": 49.0,
        "ce": 7,
        "cc": 20,
        "z": 0.7799999999999998
    },
    "42": {
        "cost": 49.0,
        "ce": 7,
        "cc": 20,
        "z": 0.7899999999999998
    },
    "43": {
        "cost": 49.0,
        "ce": 7,
        "cc": 20,
        "z": 0.7999999999999998
    },
    "44": {
        "cost": 49.0,
        "ce": 6,
        "cc": 21,
        "z": 0.8199999999999998
    },
    "45": {
        "cost": 49.0,
        "ce": 6,
        "cc": 21,
        "z": 0.8299999999999998
    },
    "46": {
        "cost": 49.0,
        "ce": 6,
        "cc": 21,
        "z": 0.8399999999999999
    },
    "47": {
        "cost": 49.0,
        "ce": 5,
        "cc": 22,
        "z": 0.8599999999999999
    },
    "48": {
        "cost": 49.0,
        "ce": 5,
        "cc": 22,
        "z": 0.8699999999999999
    },
    "49": {
        "cost": 49.0,
        "ce": 5,
        "cc": 22,
        "z": 0.8799999999999999
    },
    "50": {
        "cost": 49.0,
        "ce": 5,
        "cc": 22,
        "z": 0.8899999999999999
    },
    "51": {
        "cost": 49.0,
        "ce": 4,
        "cc": 23,
        "z": 0.8999999999999999
    },
    "52": {
        "cost": 49.0,
        "ce": 4,
        "cc": 23,
        "z": 0.9099999999999999
    },
    "53": {
        "cost": 49.0,
        "ce": 4,
        "cc": 23,
        "z": 0.9199999999999999
    },
    "54": {
        "cost": 49.0,
        "ce": 4,
        "cc": 23,
        "z": 0.9299999999999999
    },
    "55": {
        "cost": 49.0,
        "ce": 3,
        "cc": 24,
        "z": 0.94
    },
    "56": {
        "cost": 49.0,
        "ce": 3,
        "cc": 24,
        "z": 0.95
    },
    "57": {
        "cost": 49.0,
        "ce": 3,
        "cc": 24,
        "z": 0.96
    },
    "58": {
        "cost": 49.0,
        "ce": 3,
        "cc": 24,
        "z": 0.97
    },
    "59": {
        "cost": 49.0,
        "ce": 2,
        "cc": 25,
        "z": 0.99
    },
    "60": {
        "cost": 50.0,
        "ce": 20,
        "cc": 8,
        "z": 0.22999999999999932
    },
    "61": {
        "cost": 50.0,
        "ce": 19,
        "cc": 9,
        "z": 0.26999999999999935
    },
    "62": {
        "cost": 50.0,
        "ce": 18,
        "cc": 10,
        "z": 0.3099999999999994
    },
    "63": {
        "cost": 50.0,
        "ce": 18,
        "cc": 10,
        "z": 0.3199999999999994
    },
    "64": {
        "cost": 50.0,
        "ce": 17,
        "cc": 11,
        "z": 0.35999999999999943
    },
    "65": {
        "cost": 50.0,
        "ce": 17,
        "cc": 11,
        "z": 0.36999999999999944
    },
    "66": {
        "cost": 50.0,
        "ce": 16,
        "cc": 12,
        "z": 0.39999999999999947
    },
    "67": {
        "cost": 50.0,
        "ce": 16,
        "cc": 12,
        "z": 0.4099999999999995
    },
    "68": {
        "cost": 50.0,
        "ce": 15,
        "cc": 13,
        "z": 0.4499999999999995
    },
    "69": {
        "cost": 50.0,
        "ce": 14,
        "cc": 14,
        "z": 0.48999999999999955
    },
    "70": {
        "cost": 50.0,
        "ce": 14,
        "cc": 14,
        "z": 0.49999999999999956
    },
    "71": {
        "cost": 50.0,
        "ce": 13,
        "cc": 15,
        "z": 0.5399999999999996
    },
    "72": {
        "cost": 50.0,
        "ce": 13,
        "cc": 15,
        "z": 0.5499999999999996
    },
    "73": {
        "cost": 50.0,
        "ce": 12,
        "cc": 16,
        "z": 0.5799999999999996
    },
    "74": {
        "cost": 50.0,
        "ce": 12,