{
    "0": {
        "cost": 56.026666661064,
        "ce": 16,
        "cc": 40,
        "z": 0.73
    },
    "1": {
        "cost": 57.373333327595994,
        "ce": 17,
        "cc": 40,
        "z": 0.72
    },
    "2": {
        "cost": 57.38666666092799,
        "ce": 17,
        "cc": 39,
        "z": 0.71
    },
    "3": {
        "cost": 58.733333327459995,
        "ce": 18,
        "cc": 39,
        "z": 0.7
    },
    "4": {
        "cost": 58.746666660792,
        "ce": 18,
        "cc": 38,
        "z": 0.69
    },
    "5": {
        "cost": 60.093333327324004,
        "ce": 19,
        "cc": 38,
        "z": 0.6799999999999999
    },
    "6": {
        "cost": 60.106666660655996,
        "ce": 19,
        "cc": 37,
        "z": 0.6699999999999999
    },
    "7": {
        "cost": 61.45333332718799,
        "ce": 20,
        "cc": 37,
        "z": 0.6599999999999999
    },
    "8": {
        "cost": 61.466666660520005,
        "ce": 20,
        "cc": 36,
        "z": 0.6499999999999999
    }
}