{
    "0": {
        "cost": 87.855172412036,
        "ce": 18,
        "cc": 40,
        "z": 0.7
    },
    "1": {
        "cost": 88.50068965340242,
        "ce": 19,
        "cc": 39,
        "z": 0.6799999999999999
    },
    "2": {
        "cost": 89.0227586189092,
        "ce": 19,
        "cc": 40,
        "z": 0.69
    },
    "3": {
        "cost": 89.6682758602756,
        "ce": 20,
        "cc": 39,
        "z": 0.6699999999999999
    }
}