{
    "0": {
        "cost": 112.46000000741896,
        "ce": 20,
        "cc": 14,
        "z": 0.36999999999999944
    },
    "1": {
        "cost": 113.04000000750597,
        "ce": 20,
        "cc": 14,
        "z": 0.37999999999999945
    },
    "2": {
        "cost": 113.62000000759298,
        "ce": 20,
        "cc": 14,
        "z": 0.38999999999999946
    },
    "3": {
        "cost": 114.20000000767998,
        "ce": 20,
        "cc": 14,
        "z": 0.39999999999999947
    },
    "4": {
        "cost": 116.78000000806696,
        "ce": 19,
        "cc": 15,
        "z": 0.4099999999999995
    },
    "5": {
        "cost": 117.36000000815396,
        "ce": 19,
        "cc": 15,
        "z": 0.4199999999999995
    },
    "6": {
        "cost": 117.94000000824096,
        "ce": 19,
        "cc": 15,
        "z": 0.4299999999999995
    },
    "7": {
        "cost": 120.52000000862796,
        "ce": 18,
        "cc": 16,
        "z": 0.4399999999999995
    },
    "8": {
        "cost": 121.10000000871497,
        "ce": 18,
        "cc": 16,
        "z": 0.4499999999999995
    },
    "9": {
        "cost": 121.68000000880197,
        "ce": 18,
        "cc": 16,
        "z": 0.4599999999999995
    },
    "10": {
        "cost": 122.26000000888897,
        "ce": 18,
        "cc": 16,
        "z": 0.46999999999999953
    },
    "11": {
        "cost": 124.84000000927597,
        "ce": 17,
        "cc": 17,
        "z": 0.47999999999999954
    },
    "12": {
        "cost": 125.42000000936295,
        "ce": 17,
        "cc": 17,
        "z": 0.48999999999999955
    },
    "13": {
        "cost": 126.00000000944996,
        "ce": 17,
        "cc": 17,
        "z": 0.49999999999999956
    },
    "14": {
        "cost": 129.16000000992398,
        "ce": 16,
        "cc": 18,
        "z": 0.5199999999999996
    },
    "15": {
        "cost": 129.58000000983697,
        "ce": 17,
        "cc": 18,
        "z": 0.5099999999999996
    },
    "16": {
        "cost": 129.74000001001096,
        "ce": 16,
        "cc": 18,
        "z": 0.5299999999999996
    },
    "17": {
        "cost": 130.32000001009797,
        "ce": 16,
        "cc": 18,
        "z": 0.5399999999999996
    },
    "18": {
        "cost": 132.90000001048497,
        "ce": 15,
        "cc": 19,
        "z": 0.5499999999999996
    },
    "19": {
        "cost": 133.48000001057198,
        "ce": 15,
        "cc": 19,
        "z": 0.5599999999999996
    },
    "20": {
        "cost": 134.060000010659,
        "ce": 15,
        "cc": 19,
        "z": 0.5699999999999996
    },
    "21": {
        "cost": 136.64000001104597,
        "ce": 14,
        "cc": 20,
        "z": 0.5799999999999996
    },
    "22": {
        "cost": 137.22000001113298,
        "ce": 14,
        "cc": 20,
        "z": 0.5899999999999996
    },
    "23": {
        "cost": 137.80000001121996,
        "ce": 14,
        "cc": 20,
        "z": 0.5999999999999996
    },
    "24": {
        "cost": 138.38000001130695,
        "ce": 14,
        "cc": 20,
        "z": 0.6099999999999997
    },
    "25": {
        "cost": 140.96000001169398,
        "ce": 13,
        "cc": 21,
        "z": 0.6199999999999997
    },
    "26": {
        "cost": 141.540000011781,
        "ce": 13,
        "cc": 21,
        "z": 0.6299999999999997
    },
    "27": {
        "cost": 142.12000001186797,
        "ce": 13,
        "cc": 21,
        "z": 0.6399999999999997
    },
    "28": {
        "cost": 144.70000001225497,
        "ce": 12,
        "cc": 22,
        "z": 0.6499999999999997
    },
    "29": {
        "cost": 145.280000012342,
        "ce": 12,
        "cc": 22,
        "z": 0.6599999999999997
    },
    "30": {
        "cost": 145.860000012429,
        "ce": 12,
        "cc": 22,
        "z": 0.6699999999999997
    },
    "31": {
        "cost": 148.44000001281597,
        "ce": 11,
        "cc": 23,
        "z": 0.6799999999999997
    },
    "32": {
        "cost": 149.02000001290298,
        "ce": 11,
        "cc": 23,
        "z": 0.6899999999999997
    },
    "33": {
        "cost": 149.60000001298997,
        "ce": 11,
        "cc": 23,
        "z": 0.6999999999999997
    },
    "34": {
        "cost": 152.76000001346398,
        "ce": 10,
        "cc": 24,
        "z": 0.7199999999999998
    },
    "35": {
        "cost": 153.180000013377,
        "ce": 11,
        "cc": 24,
        "z": 0.7099999999999997
    },
    "36": {
        "cost": 153.340000013551,
        "ce": 10,
        "cc": 24,
        "z": 0.7299999999999998
    },
    "37": {
        "cost": 153.920000013638,
        "ce": 10,
        "cc": 24,
        "z": 0.7399999999999998
    },
    "38": {
        "cost": 156.50000001402498,
        "ce": 9,
        "cc": 25,
        "z": 0.7499999999999998
    },
    "39": {
        "cost": 157.080000014112,
        "ce": 9,
        "cc": 25,
        "z": 0.7599999999999998
    },
    "40": {
        "cost": 157.660000014199,
        "ce": 9,
        "cc": 25,
        "z": 0.7699999999999998
    },
    "41": {
        "cost": 158.240000014286,
        "ce": 9,
        "cc": 25,
        "z": 0.7799999999999998
    },
    "42": {
        "cost": 160.82000001467298,
        "ce": 8,
        "cc": 26,
        "z": 0.7899999999999998
    },
    "43": {
        "cost": 161.40000001476,
        "ce": 8,
        "cc": 26,
        "z": 0.7999999999999998
    },
    "44": {
        "cost": 161.980000014847,
        "ce": 8,
        "cc": 26,
        "z": 0.8099999999999998
    },
    "45": {
        "cost": 164.56000001523398,
        "ce": 7,
        "cc": 27,
        "z": 0.8199999999999998
    },
    "46": {
        "cost": 165.140000015321,
        "ce": 7,
        "cc": 27,
        "z": 0.8299999999999998
    },
    "47": {
        "cost": 165.30000001549502,
        "ce": 6,
        "cc": 27,
        "z": 0.8499999999999999
    },
    "48": {
        "cost": 165.720000015408,
        "ce": 7,
        "cc": 27,
        "z": 0.8399999999999999
    },
    "49": {
        "cost": 168.880000015882,
        "ce": 6,
        "cc": 28,
        "z": 0.8599999999999999
    },
    "50": {
        "cost": 169.460000015969,
        "ce": 6,
        "cc": 28,
        "z": 0.8699999999999999
    },
    "51": {
        "cost": 170.040000016056,
        "ce": 6,
        "cc": 28,
        "z": 0.8799999999999999
    },
    "52": {
        "cost": 172.620000016443,
        "ce": 5,
        "cc": 29,
        "z": 0.8899999999999999
    },
    "53": {
        "cost": 173.20000001653,
        "ce": 5,
        "cc": 29,
        "z": 0.8999999999999999
    },
    "54": {
        "cost": 173.360000016704,
        "ce": 4,
        "cc": 29,
        "z": 0.9199999999999999
    },
    "55": {
        "cost": 173.780000016617,
        "ce": 5,
        "cc": 29,
        "z": 0.9099999999999999
    },
    "56": {
        "cost": 176.940000017091,
        "ce": 4,
        "cc": 30,
        "z": 0.9299999999999999
    },
    "57": {
        "cost": 177.10000001726502,
        "ce": 3,
        "cc": 30,
        "z": 0.95
    },
    "58": {
        "cost": 177.520000017178,
        "ce": 4,
        "cc": 30,
        "z": 0.94
    },
    "59": {
        "cost": 180.680000017652,
        "ce": 3,
        "cc": 31,
        "z": 0.96
    },
    "60": {
        "cost": 180.840000017826,
        "ce": 2,
        "cc": 31,
        "z": 0.98
    },
    "61": {
        "cost": 181.260000017739,
        "ce": 3,
        "cc": 31,
        "z": 0.97
    },
    "62": {
        "cost": 183.0000000183,
        "ce": 0,
        "cc": 32,
        "z": 1.0
    },
    "63": {
        "cost": 184.420000018213,
        "ce": 2,
        "cc": 32,
        "z": 0.99
    }
}