{
    "0": {
        "cost": 9.999999999999998,
        "ce": 6,
        "cc": 0,
        "z": 0
    },
    "1": {
        "cost": 13.080000000311992,
        "ce": 6,
        "cc": 1,
        "z": 0.009999999999999247
    },
    "2": {
        "cost": 16.16000000062399,
        "ce": 6,
        "cc": 2,
        "z": 0.019999999999999248
    },
    "3": {
        "cost": 16.240000000635995,
        "ce": 6,
        "cc": 2,
        "z": 0.02999999999999925
    },
    "4": {
        "cost": 16.320000000647994,
        "ce": 6,
        "cc": 2,
        "z": 0.03999999999999925
    },
    "5": {
        "cost": 16.400000000659993,
        "ce": 6,
        "cc": 2,
        "z": 0.04999999999999925
    },
    "6": {
        "cost": 16.480000000671993,
        "ce": 6,
        "cc": 2,
        "z": 0.059999999999999255
    },
    "7": {
        "cost": 16.560000000683992,
        "ce": 6,
        "cc": 2,
        "z": 0.06999999999999926
    },
    "8": {
        "cost": 16.640000000695995,
        "ce": 6,
        "cc": 2,
        "z": 0.07999999999999925
    },
    "9": {
        "cost": 16.720000000707994,
        "ce": 6,
        "cc": 2,
        "z": 0.08999999999999925
    },
    "10": {
        "cost": 16.800000000719994,
        "ce": 6,
        "cc": 2,
        "z": 0.09999999999999924
    },
    "11": {
        "cost": 16.880000000731993,
        "ce": 6,
        "cc": 2,
        "z": 0.10999999999999924
    },
    "12": {
        "cost": 16.960000000743992,
        "ce": 6,
        "cc": 2,
        "z": 0.11999999999999923
    },
    "13": {
        "cost": 17.04000000075599,
        "ce": 6,
        "cc": 2,
        "z": 0.12999999999999923
    },
    "14": {
        "cost": 19.200000001079992,
        "ce": 5,
        "cc": 3,
        "z": 0.14999999999999925
    },
    "15": {
        "cost": 19.28000000109199,
        "ce": 5,
        "cc": 3,
        "z": 0.15999999999999925
    },
    "16": {
        "cost": 19.360000001103995,
        "ce": 5,
        "cc": 3,
        "z": 0.16999999999999926
    },
    "17": {
        "cost": 19.44000000111599,
        "ce": 5,
        "cc": 3,
        "z": 0.17999999999999927
    },
    "18": {
        "cost": 19.52000000112799,
        "ce": 5,
        "cc": 3,
        "z": 0.18999999999999928
    },
    "19": {
        "cost": 19.600000001139993,
        "ce": 5,
        "cc": 3,
        "z": 0.1999999999999993
    },
    "20": {
        "cost": 19.680000001151996,
        "ce": 5,
        "cc": 3,
        "z": 0.2099999999999993
    },
    "21": {
        "cost": 19.76000000116399,
        "ce": 5,
        "cc": 3,
        "z": 0.2199999999999993
    },
    "22": {
        "cost": 19.84000000117599,
        "ce": 5,
        "cc": 3,
        "z": 0.22999999999999932
    },
    "23": {
        "cost": 19.920000001187994,
        "ce": 5,
        "cc": 3,
        "z": 0.23999999999999932
    },
    "24": {
        "cost": 20.000000001199993,
        "ce": 5,
        "cc": 3,
        "z": 0.24999999999999933
    },
    "25": {
        "cost": 20.080000001211992,
        "ce": 5,
        "cc": 3,
        "z": 0.25999999999999934
    },
    "26": {
        "cost": 20.12000000106799,
        "ce": 6,
        "cc": 3,
        "z": 0.13999999999999924
    },
    "27": {
        "cost": 20.16000000122399,
        "ce": 5,
        "cc": 3,
        "z": 0.26999999999999935
    },
    "28": {
        "cost": 20.240000001235995,
        "ce": 5,
        "cc": 3,
        "z": 0.27999999999999936
    },
    "29": {
        "cost": 20.320000001247994,
        "ce": 5,
        "cc": 3,
        "z": 0.28999999999999937
    },
    "30": {
        "cost": 20.40000000125999,
        "ce": 5,
        "cc": 3,
        "z": 0.2999999999999994
    },
    "31": {
        "cost": 20.480000001271993,
        "ce": 5,
        "cc": 3,
        "z": 0.3099999999999994
    },
    "32": {
        "cost": 23.040000001655994,
        "ce": 4,
        "cc": 4,
        "z": 0.37999999999999945
    },
    "33": {
        "cost": 23.120000001667997,
        "ce": 4,
        "cc": 4,
        "z": 0.38999999999999946
    },
    "34": {
        "cost": 23.200000001679996,
        "ce": 4,
        "cc": 4,
        "z": 0.39999999999999947
    },
    "35": {
        "cost": 23.280000001691995,
        "ce": 4,
        "cc": 4,
        "z": 0.4099999999999995
    },
    "36": {
        "cost": 23.360000001703995,
        "ce": 4,
        "cc": 4,
        "z": 0.4199999999999995
    },
    "37": {
        "cost": 23.440000001715994,
        "ce": 4,
        "cc": 4,
        "z": 0.4299999999999995
    },
    "38": {
        "cost": 23.520000001727997,
        "ce": 4,
        "cc": 4,
        "z": 0.4399999999999995
    },
    "39": {
        "cost": 23.560000001583994,
        "ce": 5,
        "cc": 4,
        "z": 0.3199999999999994
    },
    "40": {
        "cost": 23.600000001739996,
        "ce": 4,
        "cc": 4,
        "z": 0.4499999999999995
    },
    "41": {
        "cost": 23.640000001595997,
        "ce": 5,
        "cc": 4,
        "z": 0.3299999999999994
    },
    "42": {
        "cost": 23.680000001751996,
        "ce": 4,
        "cc": 4,
        "z": 0.4599999999999995
    },
    "43": {
        "cost": 23.720000001607993,
        "ce": 5,
        "cc": 4,
        "z": 0.3399999999999994
    },
    "44": {
        "cost": 23.760000001763995,
        "ce": 4,
        "cc": 4,
        "z": 0.46999999999999953
    },
    "45": {
        "cost": 23.800000001619996,
        "ce": 5,
        "cc": 4,
        "z": 0.3499999999999994
    },
    "46": {
        "cost": 23.840000001775998,
        "ce": 4,
        "cc": 4,
        "z": 0.47999999999999954
    },
    "47": {
        "cost": 23.880000001631995,
        "ce": 5,
        "cc": 4,
        "z": 0.35999999999999943
    },
    "48": {
        "cost": 23.920000001787997,
        "ce": 4,
        "cc": 4,
        "z": 0.48999999999999955
    },
    "49": {
        "cost": 23.960000001643998,
        "ce": 5,
        "cc": 4,
        "z": 0.36999999999999944
    },
    "50": {
        "cost": 24.000000001799997,
        "ce": 4,
        "cc": 4,
        "z": 0.49999999999999956
    },
    "51": {
        "cost": 24.080000001811996,
        "ce": 4,
        "cc": 4,
        "z": 0.5099999999999996
    },
    "52": {
        "cost": 24.160000001823995,
        "ce": 4,
        "cc": 4,
        "z": 0.5199999999999996
    },
    "53": {
        "cost": 26.880000002231995,
        "ce": 3,
        "cc": 5,
        "z": 0.6099999999999997
    },
    "54": {
        "cost": 26.960000002243994,
        "ce": 3,
        "cc": 5,
        "z": 0.6199999999999997
    },
    "55": {
        "cost": 27.040000002255994,
        "ce": 3,
        "cc": 5,
        "z": 0.6299999999999997
    },
    "56": {
        "cost": 27.120000002267997,
        "ce": 3,
        "cc": 5,
        "z": 0.6399999999999997
    },
    "57": {
        "cost": 27.200000002279996,
        "ce": 3,
        "cc": 5,
        "z": 0.6499999999999997
    },
    "58": {
        "cost": 27.240000002135996,
        "ce": 4,
        "cc": 5,
        "z": 0.5299999999999996
    },
    "59": {
        "cost": 27.280000002291995,
        "ce": 3,
        "cc": 5,
        "z": 0.6599999999999997
    },
    "60": {
        "cost": 27.320000002147992,
        "ce": 4,
        "cc": 5,
        "z": 0.5399999999999996
    },
    "61": {
        "cost": 27.360000002303995,
        "ce": 3,
        "cc": 5,
        "z": 0.6699999999999997
    },
    "62": {
        "cost": 27.400000002159995,
        "ce": 4,
        "cc": 5,
        "z": 0.5499999999999996
    },
    "63": {
        "cost": 27.440000002315998,
        "ce": 3,
        "cc": 5,
        "z": 0.6799999999999997
    },
    "64": {
        "cost": 27.480000002171995,
        "ce": 4,
        "cc": 5,
        "z": 0.5599999999999996
    },
    "65": {
        "cost": 27.520000002327997,
        "ce": 3,
        "cc": 5,
        "z": 0.6899999999999997
    },