{
    "0": {
        "cost": 26.999999999999993,
        "ce": 15,
        "cc": 0,
        "z": 0
    },
    "1": {
        "cost": 32.48000000067197,
        "ce": 14,
        "cc": 2,
        "z": 0.019999999999999248
    },
    "2": {
        "cost": 32.72000000070798,
        "ce": 14,
        "cc": 2,
        "z": 0.02999999999999925
    },
    "3": {
        "cost": 32.960000000743975,
        "ce": 14,
        "cc": 2,
        "z": 0.03999999999999925
    },
    "4": {
        "cost": 33.24000000063598,
        "ce": 15,
        "cc": 2,
        "z": 0.009999999999999247
    },
    "5": {
        "cost": 36.20000000107998,
        "ce": 14,
        "cc": 3,
        "z": 0.04999999999999925
    },
    "6": {
        "cost": 36.400000001259976,
        "ce": 13,
        "cc": 3,
        "z": 0.09999999999999924
    },
    "7": {
        "cost": 36.440000001115976,
        "ce": 14,
        "cc": 3,
        "z": 0.059999999999999255
    },
    "8": {
        "cost": 36.68000000115198,
        "ce": 14,
        "cc": 3,
        "z": 0.06999999999999926
    },
    "9": {
        "cost": 36.92000000118797,
        "ce": 14,
        "cc": 3,
        "z": 0.07999999999999925
    },
    "10": {
        "cost": 37.16000000122398,
        "ce": 14,
        "cc": 3,
        "z": 0.08999999999999925
    },
    "11": {
        "cost": 39.64000000159598,
        "ce": 13,
        "cc": 4,
        "z": 0.10999999999999924
    },
    "12": {
        "cost": 39.880000001631984,
        "ce": 13,
        "cc": 4,
        "z": 0.11999999999999923
    },
    "13": {
        "cost": 40.120000001667975,
        "ce": 13,
        "cc": 4,
        "z": 0.12999999999999923
    },
    "14": {
        "cost": 40.36000000170398,
        "ce": 13,
        "cc": 4,
        "z": 0.13999999999999924
    },
    "15": {
        "cost": 40.600000001739986,
        "ce": 13,
        "cc": 4,
        "z": 0.14999999999999925
    },
    "16": {
        "cost": 40.84000000177598,
        "ce": 13,
        "cc": 4,
        "z": 0.15999999999999925
    },
    "17": {
        "cost": 41.08000000181198,
        "ce": 13,
        "cc": 4,
        "z": 0.16999999999999926
    },
    "18": {
        "cost": 43.32000000214798,
        "ce": 12,
        "cc": 5,
        "z": 0.17999999999999927
    },
    "19": {
        "cost": 43.560000002183976,
        "ce": 12,
        "cc": 5,
        "z": 0.18999999999999928
    },
    "20": {
        "cost": 43.80000000221998,
        "ce": 12,
        "cc": 5,
        "z": 0.1999999999999993
    },
    "21": {
        "cost": 44.04000000225598,
        "ce": 12,
        "cc": 5,
        "z": 0.2099999999999993
    },
    "22": {
        "cost": 44.28000000229198,
        "ce": 12,
        "cc": 5,
        "z": 0.2199999999999993
    },
    "23": {
        "cost": 44.52000000232798,
        "ce": 12,
        "cc": 5,
        "z": 0.22999999999999932
    },
    "24": {
        "cost": 44.76000000236398,
        "ce": 12,
        "cc": 5,
        "z": 0.23999999999999932
    },
    "25": {
        "cost": 45.00000000239998,
        "ce": 12,
        "cc": 5,
        "z": 0.24999999999999933
    },
    "26": {
        "cost": 47.48000000277197,
        "ce": 11,
        "cc": 6,
        "z": 0.26999999999999935
    },
    "27": {
        "cost": 47.72000000280798,
        "ce": 11,
        "cc": 6,
        "z": 0.27999999999999936
    },
    "28": {
        "cost": 47.96000000284398,
        "ce": 11,
        "cc": 6,
        "z": 0.28999999999999937
    },
    "29": {
        "cost": 48.200000002879975,
        "ce": 11,
        "cc": 6,
        "z": 0.2999999999999994
    },
    "30": {
        "cost": 48.240000002735975,
        "ce": 12,
        "cc": 6,
        "z": 0.25999999999999934
    },
    "31": {
        "cost": 48.44000000291598,
        "ce": 11,
        "cc": 6,
        "z": 0.3099999999999994
    },
    "32": {
        "cost": 48.68000000295198,
        "ce": 11,
        "cc": 6,
        "z": 0.3199999999999994
    },
    "33": {
        "cost": 51.400000003359985,
        "ce": 10,
        "cc": 7,
        "z": 0.3499999999999994
    },
    "34": {
        "cost": 51.64000000339598,
        "ce": 10,
        "cc": 7,
        "z": 0.35999999999999943
    },
    "35": {
        "cost": 51.88000000343198,
        "ce": 10,
        "cc": 7,
        "z": 0.36999999999999944
    },
    "36": {
        "cost": 51.92000000328798,
        "ce": 11,
        "cc": 7,
        "z": 0.3299999999999994
    },
    "37": {
        "cost": 52.120000003467986,
        "ce": 10,
        "cc": 7,
        "z": 0.37999999999999945
    },
    "38": {
        "cost": 52.16000000332398,
        "ce": 11,
        "cc": 7,
        "z": 0.3399999999999994
    },
    "39": {
        "cost": 52.360000003503984,
        "ce": 10,
        "cc": 7,
        "z": 0.38999999999999946
    },
    "40": {
        "cost": 52.60000000353998,
        "ce": 10,
        "cc": 7,
        "z": 0.39999999999999947
    },
    "41": {
        "cost": 52.84000000357599,
        "ce": 10,
        "cc": 7,
        "z": 0.4099999999999995
    },
    "42": {
        "cost": 55.32000000394798,
        "ce": 9,
        "cc": 8,
        "z": 0.4299999999999995
    },
    "43": {
        "cost": 55.56000000398399,
        "ce": 9,
        "cc": 8,
        "z": 0.4399999999999995
    },
    "44": {
        "cost": 55.80000000401998,
        "ce": 9,
        "cc": 8,
        "z": 0.4499999999999995
    },
    "45": {
        "cost": 56.04000000405598,
        "ce": 9,
        "cc": 8,
        "z": 0.4599999999999995
    },
    "46": {
        "cost": 56.08000000391199,
        "ce": 10,
        "cc": 8,
        "z": 0.4199999999999995
    },
    "47": {
        "cost": 56.28000000409199,
        "ce": 9,
        "cc": 8,
        "z": 0.46999999999999953
    },
    "48": {
        "cost": 56.52000000412798,
        "ce": 9,
        "cc": 8,
        "z": 0.47999999999999954
    },
    "49": {
        "cost": 56.760000004163984,
        "ce": 9,
        "cc": 8,
        "z": 0.48999999999999955
    },
    "50": {
        "cost": 59.240000004535986,
        "ce": 8,
        "cc": 9,
        "z": 0.5099999999999996
    },
    "51": {
        "cost": 59.480000004571984,
        "ce": 8,
        "cc": 9,
        "z": 0.5199999999999996
    },
    "52": {
        "cost": 59.72000000460798,
        "ce": 8,
        "cc": 9,
        "z": 0.5299999999999996
    },
    "53": {
        "cost": 59.96000000464399,
        "ce": 8,
        "cc": 9,
        "z": 0.5399999999999996
    },
    "54": {
        "cost": 60.00000000449998,
        "ce": 9,
        "cc": 9,
        "z": 0.49999999999999956
    },
    "55": {
        "cost": 60.200000004679985,
        "ce": 8,
        "cc": 9,
        "z": 0.5499999999999996
    },
    "56": {
        "cost": 60.44000000471598,
        "ce": 8,
        "cc": 9,
        "z": 0.5599999999999996
    },
    "57": {
        "cost": 63.160000005123976,
        "ce": 7,
        "cc": 10,
        "z": 0.5899999999999996
    },
    "58": {
        "cost": 63.40000000515998,
        "ce": 7,
        "cc": 10,
        "z": 0.5999999999999996
    },
    "59": {
        "cost": 63.64000000519598,
        "ce": 7,
        "cc": 10,
        "z": 0.6099999999999997
    },
    "60": {
        "cost": 63.68000000505198,
        "ce": 8,
        "cc": 10,
        "z": 0.5699999999999996
    },
    "61": {
        "cost": 63.88000000523198,
        "ce": 7,
        "cc": 10,
        "z": 0.6199999999999997
    },
    "62": {
        "cost": 63.920000005087985,
        "ce": 8,
        "cc": 10,
        "z": 0.5799999999999996
    },
    "63": {
        "cost": 64.12000000526798,
        "ce": 7,
        "cc": 10,
        "z": 0.6299999999999997
    },
    "64": {
        "cost": 64.36000000530399,
        "ce": 7,
        "cc": 10,
        "z": 0.6399999999999997
    },
    "65": {
        "cost": 64.60000000533998,
        "ce": 7,
        "cc": 10,