{
    "0": {
        "cost": 150.00000001124997,
        "ce": 20,
        "cc": 20,
        "z": 0.49999999999999956
    },
    "1": {
        "cost": 153.70000001165496,
        "ce": 20,
        "cc": 21,
        "z": 0.5099999999999996
    },
    "2": {
        "cost": 154.10000001186495,
        "ce": 19,
        "cc": 21,
        "z": 0.5299999999999996
    },
    "3": {
        "cost": 154.40000001175997,
        "ce": 20,
        "cc": 21,
        "z": 0.5199999999999996
    },
    "4": {
        "cost": 157.80000001226998,
        "ce": 19,
        "cc": 22,
        "z": 0.5399999999999996
    },
    "5": {
        "cost": 158.20000001247996,
        "ce": 18,
        "cc": 22,
        "z": 0.5599999999999996
    },
    "6": {
        "cost": 158.50000001237498,
        "ce": 19,
        "cc": 22,
        "z": 0.5499999999999996
    },
    "7": {
        "cost": 161.60000001298997,
        "ce": 17,
        "cc": 23,
        "z": 0.5799999999999996
    },
    "8": {
        "cost": 161.90000001288496,
        "ce": 18,
        "cc": 23,
        "z": 0.5699999999999996
    },
    "9": {
        "cost": 165.30000001339496,
        "ce": 17,
        "cc": 24,
        "z": 0.5899999999999996
    },
    "10": {
        "cost": 165.70000001360498,
        "ce": 16,
        "cc": 24,
        "z": 0.6099999999999997
    },
    "11": {
        "cost": 166.00000001349997,
        "ce": 17,
        "cc": 24,
        "z": 0.5999999999999996
    },
    "12": {
        "cost": 166.40000001370998,
        "ce": 16,
        "cc": 24,
        "z": 0.6199999999999997
    },
    "13": {
        "cost": 169.80000001422,
        "ce": 15,
        "cc": 25,
        "z": 0.6399999999999997
    },
    "14": {
        "cost": 170.10000001411498,
        "ce": 16,
        "cc": 25,
        "z": 0.6299999999999997
    },
    "15": {
        "cost": 173.500000014625,
        "ce": 15,
        "cc": 26,
        "z": 0.6499999999999997
    },
    "16": {
        "cost": 173.90000001483497,
        "ce": 14,
        "cc": 26,
        "z": 0.6699999999999997
    },
    "17": {
        "cost": 174.20000001472997,
        "ce": 15,
        "cc": 26,
        "z": 0.6599999999999997
    },
    "18": {
        "cost": 177.60000001523997,
        "ce": 14,
        "cc": 27,
        "z": 0.6799999999999997
    },
    "19": {
        "cost": 178.00000001544998,
        "ce": 13,
        "cc": 27,
        "z": 0.6999999999999997
    },
    "20": {
        "cost": 178.30000001534498,
        "ce": 14,
        "cc": 27,
        "z": 0.6899999999999997
    },
    "21": {
        "cost": 181.70000001585498,
        "ce": 13,
        "cc": 28,
        "z": 0.7099999999999997
    },
    "22": {
        "cost": 182.100000016065,
        "ce": 12,
        "cc": 28,
        "z": 0.7299999999999998
    },
    "23": {
        "cost": 182.40000001596,
        "ce": 13,
        "cc": 28,
        "z": 0.7199999999999998
    },
    "24": {
        "cost": 185.80000001647,
        "ce": 12,
        "cc": 29,
        "z": 0.7399999999999998
    },
    "25": {
        "cost": 186.20000001667998,
        "ce": 11,
        "cc": 29,
        "z": 0.7599999999999998
    },
    "26": {
        "cost": 186.50000001657497,
        "ce": 12,
        "cc": 29,
        "z": 0.7499999999999998
    },
    "27": {
        "cost": 189.60000001718998,
        "ce": 10,
        "cc": 30,
        "z": 0.7799999999999998
    },
    "28": {
        "cost": 189.900000017085,
        "ce": 11,
        "cc": 30,
        "z": 0.7699999999999998
    },
    "29": {
        "cost": 190.300000017295,
        "ce": 10,
        "cc": 30,
        "z": 0.7899999999999998
    },
    "30": {
        "cost": 193.700000017805,
        "ce": 9,
        "cc": 31,
        "z": 0.8099999999999998
    },
    "31": {
        "cost": 194.00000001769996,
        "ce": 10,
        "cc": 31,
        "z": 0.7999999999999998
    },
    "32": {
        "cost": 197.40000001821,
        "ce": 9,
        "cc": 32,
        "z": 0.8199999999999998
    },
    "33": {
        "cost": 197.80000001842,
        "ce": 8,
        "cc": 32,
        "z": 0.8399999999999999
    },
    "34": {
        "cost": 198.10000001831497,
        "ce": 9,
        "cc": 32,
        "z": 0.8299999999999998
    },
    "35": {
        "cost": 198.500000018525,
        "ce": 8,
        "cc": 32,
        "z": 0.8499999999999999
    },
    "36": {
        "cost": 201.20000001892998,
        "ce": 7,
        "cc": 33,
        "z": 0.8599999999999999
    },
    "37": {
        "cost": 201.900000019035,
        "ce": 7,
        "cc": 33,
        "z": 0.8699999999999999
    },
    "38": {
        "cost": 202.60000001914,
        "ce": 7,
        "cc": 33,
        "z": 0.8799999999999999
    },
    "39": {
        "cost": 205.300000019545,
        "ce": 6,
        "cc": 34,
        "z": 0.8899999999999999
    },
    "40": {
        "cost": 206.00000001964997,
        "ce": 6,
        "cc": 34,
        "z": 0.8999999999999999
    },
    "41": {
        "cost": 206.700000019755,
        "ce": 6,
        "cc": 34,
        "z": 0.9099999999999999
    },
    "42": {
        "cost": 209.40000002016,
        "ce": 5,
        "cc": 35,
        "z": 0.9199999999999999
    },
    "43": {
        "cost": 210.10000002026499,
        "ce": 5,
        "cc": 35,
        "z": 0.9299999999999999
    },
    "44": {
        "cost": 210.80000002037,
        "ce": 5,
        "cc": 35,
        "z": 0.94
    },
    "45": {
        "cost": 213.500000020775,
        "ce": 4,
        "cc": 36,
        "z": 0.95
    },
    "46": {
        "cost": 213.90000002098498,
        "ce": 3,
        "cc": 36,
        "z": 0.97
    },
    "47": {
        "cost": 214.20000002088,
        "ce": 4,
        "cc": 36,
        "z": 0.96
    },
    "48": {
        "cost": 216.0000000216,
        "ce": 0,
        "cc": 37,
        "z": 1.0
    },
    "49": {
        "cost": 217.300000021495,
        "ce": 2,
        "cc": 37,
        "z": 0.99
    },
    "50": {
        "cost": 217.60000002139,
        "ce": 3,
        "cc": 37,
        "z": 0.98
    }
}