{
    "0": {
        "cost": 43.133333329020004,
        "ce": 10,
        "cc": 40,
        "z": 0.84
    },
    "1": {
        "cost": 43.43333332899,
        "ce": 10,
        "cc": 40,
        "z": 0.83
    },
    "2": {
        "cost": 44.39999999556001,
        "ce": 11,
        "cc": 39,
        "z": 0.82
    },
    "3": {
        "cost": 44.69999999553,
        "ce": 11,
        "cc": 39,
        "z": 0.8099999999999999
    },
    "4": {
        "cost": 45.666666662100006,
        "ce": 12,
        "cc": 38,
        "z": 0.7999999999999999
    },
    "5": {
        "cost": 45.966666662070004,
        "ce": 12,
        "cc": 38,
        "z": 0.7899999999999999
    },
    "6": {
        "cost": 46.93333332864,
        "ce": 13,
        "cc": 37,
        "z": 0.7799999999999999
    },
    "7": {
        "cost": 47.19999999528001,
        "ce": 13,
        "cc": 36,
        "z": 0.7599999999999999
    },
    "8": {
        "cost": 47.23333332861,
        "ce": 13,
        "cc": 37,
        "z": 0.7699999999999999
    },
    "9": {
        "cost": 48.499999995150006,
        "ce": 14,
        "cc": 36,
        "z": 0.7499999999999999
    },
    "10": {
        "cost": 48.799999995120004,
        "ce": 14,
        "cc": 36,
        "z": 0.7399999999999999
    },
    "11": {
        "cost": 49.76666666169,
        "ce": 15,
        "cc": 35,
        "z": 0.7299999999999999
    },
    "12": {
        "cost": 50.06666666166001,
        "ce": 15,
        "cc": 35,
        "z": 0.7199999999999999
    },
    "13": {
        "cost": 51.03333332823001,
        "ce": 16,
        "cc": 34,
        "z": 0.7099999999999999
    },
    "14": {
        "cost": 51.33333332820001,
        "ce": 16,
        "cc": 34,
        "z": 0.6999999999999998
    },
    "15": {
        "cost": 52.59999999474001,
        "ce": 17,
        "cc": 33,
        "z": 0.6799999999999998
    },
    "16": {
        "cost": 52.63333332807,
        "ce": 17,
        "cc": 34,
        "z": 0.6899999999999998
    },
    "17": {
        "cost": 52.89999999471001,
        "ce": 17,
        "cc": 33,
        "z": 0.6699999999999998
    },
    "18": {
        "cost": 53.866666661280014,
        "ce": 18,
        "cc": 32,
        "z": 0.6599999999999998
    },
    "19": {
        "cost": 55.16666666115001,
        "ce": 19,
        "cc": 32,
        "z": 0.6499999999999998
    },
    "20": {
        "cost": 55.43333332779001,
        "ce": 19,
        "cc": 31,
        "z": 0.6299999999999998
    },
    "21": {
        "cost": 55.46666666112,
        "ce": 19,
        "cc": 32,
        "z": 0.6399999999999998
    },
    "22": {
        "cost": 56.699999994330014,
        "ce": 20,
        "cc": 30,
        "z": 0.6099999999999998
    },
    "23": {
        "cost": 56.733333327660006,
        "ce": 20,
        "cc": 31,
        "z": 0.6199999999999998
    }
}