{
    "0": {
        "cost": 191.720000015408,
        "ce": 20,
        "cc": 27,
        "z": 0.5799999999999997
    },
    "1": {
        "cost": 195.40000001596,
        "ce": 19,
        "cc": 28,
        "z": 0.5999999999999998
    },
    "2": {
        "cost": 195.560000015834,
        "ce": 20,
        "cc": 28,
        "z": 0.5899999999999997
    },
    "3": {
        "cost": 196.24000001608601,
        "ce": 19,
        "cc": 28,
        "z": 0.6099999999999998
    },
    "4": {
        "cost": 199.92000001663797,
        "ce": 18,
        "cc": 29,
        "z": 0.6299999999999998
    },
    "5": {
        "cost": 200.08000001651197,
        "ce": 19,
        "cc": 29,
        "z": 0.6199999999999998
    },
    "6": {
        "cost": 203.60000001718998,
        "ce": 17,
        "cc": 30,
        "z": 0.6499999999999998
    },
    "7": {
        "cost": 203.760000017064,
        "ce": 18,
        "cc": 30,
        "z": 0.6399999999999998
    },
    "8": {
        "cost": 204.440000017316,
        "ce": 17,
        "cc": 30,
        "z": 0.6599999999999998
    },
    "9": {
        "cost": 207.280000017742,
        "ce": 16,
        "cc": 31,
        "z": 0.6699999999999998
    },
    "10": {
        "cost": 208.120000017868,
        "ce": 16,
        "cc": 31,
        "z": 0.6799999999999998
    },
    "11": {
        "cost": 211.80000001842,
        "ce": 15,
        "cc": 32,
        "z": 0.6999999999999998
    },
    "12": {
        "cost": 211.960000018294,
        "ce": 16,
        "cc": 32,
        "z": 0.6899999999999998
    },
    "13": {
        "cost": 212.640000018546,
        "ce": 15,
        "cc": 32,
        "z": 0.7099999999999999
    },
    "14": {
        "cost": 215.48000001897202,
        "ce": 14,
        "cc": 33,
        "z": 0.7199999999999999
    },
    "15": {
        "cost": 216.32000001909802,
        "ce": 14,
        "cc": 33,
        "z": 0.7299999999999999
    },
    "16": {
        "cost": 219.16000001952398,
        "ce": 13,
        "cc": 34,
        "z": 0.7399999999999999
    },
    "17": {
        "cost": 220.00000001964997,
        "ce": 13,
        "cc": 34,
        "z": 0.7499999999999999
    },
    "18": {
        "cost": 220.84000001977597,
        "ce": 13,
        "cc": 34,
        "z": 0.7599999999999999
    },
    "19": {
        "cost": 223.680000020202,
        "ce": 12,
        "cc": 35,
        "z": 0.7699999999999999
    },
    "20": {
        "cost": 224.520000020328,
        "ce": 12,
        "cc": 35,
        "z": 0.7799999999999999
    },
    "21": {
        "cost": 227.360000020754,
        "ce": 11,
        "cc": 36,
        "z": 0.7899999999999999
    },
    "22": {
        "cost": 228.040000021006,
        "ce": 10,
        "cc": 36,
        "z": 0.8099999999999999
    },
    "23": {
        "cost": 228.20000002088,
        "ce": 11,
        "cc": 36,
        "z": 0.7999999999999999
    },
    "24": {
        "cost": 231.880000021432,
        "ce": 10,
        "cc": 37,
        "z": 0.82
    },
    "25": {
        "cost": 232.720000021558,
        "ce": 10,
        "cc": 37,
        "z": 0.83
    },
    "26": {
        "cost": 235.56000002198402,
        "ce": 9,
        "cc": 38,
        "z": 0.84
    },
    "27": {
        "cost": 236.40000002211002,
        "ce": 9,
        "cc": 38,
        "z": 0.85
    },
    "28": {
        "cost": 239.24000002253598,
        "ce": 8,
        "cc": 39,
        "z": 0.86
    },
    "29": {
        "cost": 239.920000022788,
        "ce": 7,
        "cc": 39,
        "z": 0.88
    },
    "30": {
        "cost": 240.08000002266203,
        "ce": 8,
        "cc": 39,
        "z": 0.87
    },
    "31": {
        "cost": 243.760000023214,
        "ce": 7,
        "cc": 40,
        "z": 0.89
    },
    "32": {
        "cost": 244.60000002334002,
        "ce": 7,
        "cc": 40,
        "z": 0.9
    }
}