{
    "0": {
        "cost": 77.12000000391797,
        "ce": 20,
        "cc": 8,
        "z": 0.2199999999999993
    },
    "1": {
        "cost": 77.58000000398697,
        "ce": 20,
        "cc": 8,
        "z": 0.22999999999999932
    },
    "2": {
        "cost": 78.04000000405597,
        "ce": 20,
        "cc": 8,
        "z": 0.23999999999999932
    },
    "3": {
        "cost": 78.50000000412497,
        "ce": 20,
        "cc": 8,
        "z": 0.24999999999999933
    },
    "4": {
        "cost": 81.42000000456297,
        "ce": 19,
        "cc": 9,
        "z": 0.26999999999999935
    },
    "5": {
        "cost": 81.88000000463197,
        "ce": 19,
        "cc": 9,
        "z": 0.27999999999999936
    },
    "6": {
        "cost": 81.96000000449396,
        "ce": 20,
        "cc": 9,
        "z": 0.25999999999999934
    },
    "7": {
        "cost": 82.34000000470097,
        "ce": 19,
        "cc": 9,
        "z": 0.28999999999999937
    },
    "8": {
        "cost": 84.80000000506996,
        "ce": 18,
        "cc": 10,
        "z": 0.2999999999999994
    },
    "9": {
        "cost": 85.26000000513898,
        "ce": 18,
        "cc": 10,
        "z": 0.3099999999999994
    },
    "10": {
        "cost": 85.72000000520796,
        "ce": 18,
        "cc": 10,
        "z": 0.3199999999999994
    },
    "11": {
        "cost": 86.18000000527697,
        "ce": 18,
        "cc": 10,
        "z": 0.3299999999999994
    },
    "12": {
        "cost": 86.64000000534597,
        "ce": 18,
        "cc": 10,
        "z": 0.3399999999999994
    },
    "13": {
        "cost": 89.10000000571497,
        "ce": 17,
        "cc": 11,
        "z": 0.3499999999999994
    },
    "14": {
        "cost": 89.56000000578398,
        "ce": 17,
        "cc": 11,
        "z": 0.35999999999999943
    },
    "15": {
        "cost": 90.02000000585298,
        "ce": 17,
        "cc": 11,
        "z": 0.36999999999999944
    },
    "16": {
        "cost": 90.48000000592197,
        "ce": 17,
        "cc": 11,
        "z": 0.37999999999999945
    },
    "17": {
        "cost": 92.94000000629097,
        "ce": 16,
        "cc": 12,
        "z": 0.38999999999999946
    },
    "18": {
        "cost": 93.40000000635997,
        "ce": 16,
        "cc": 12,
        "z": 0.39999999999999947
    },
    "19": {
        "cost": 93.86000000642898,
        "ce": 16,
        "cc": 12,
        "z": 0.4099999999999995
    },
    "20": {
        "cost": 94.32000000649798,
        "ce": 16,
        "cc": 12,
        "z": 0.4199999999999995
    },
    "21": {
        "cost": 96.78000000686698,
        "ce": 15,
        "cc": 13,
        "z": 0.4299999999999995
    },
    "22": {
        "cost": 97.24000000693599,
        "ce": 15,
        "cc": 13,
        "z": 0.4399999999999995
    },
    "23": {
        "cost": 97.70000000700497,
        "ce": 15,
        "cc": 13,
        "z": 0.4499999999999995
    },
    "24": {
        "cost": 98.16000000707399,
        "ce": 15,
        "cc": 13,
        "z": 0.4599999999999995
    },
    "25": {
        "cost": 101.08000000751198,
        "ce": 14,
        "cc": 14,
        "z": 0.47999999999999954
    },
    "26": {
        "cost": 101.54000000758097,
        "ce": 14,
        "cc": 14,
        "z": 0.48999999999999955
    },
    "27": {
        "cost": 101.620000007443,
        "ce": 15,
        "cc": 14,
        "z": 0.46999999999999953
    },
    "28": {
        "cost": 102.00000000764999,
        "ce": 14,
        "cc": 14,
        "z": 0.49999999999999956
    },
    "29": {
        "cost": 104.92000000808798,
        "ce": 13,
        "cc": 15,
        "z": 0.5199999999999996
    },
    "30": {
        "cost": 105.380000008157,
        "ce": 13,
        "cc": 15,
        "z": 0.5299999999999996
    },
    "31": {
        "cost": 105.46000000801898,
        "ce": 14,
        "cc": 15,
        "z": 0.5099999999999996
    },
    "32": {
        "cost": 105.84000000822599,
        "ce": 13,
        "cc": 15,
        "z": 0.5399999999999996
    },
    "33": {
        "cost": 106.30000000829497,
        "ce": 13,
        "cc": 15,
        "z": 0.5499999999999996
    },
    "34": {
        "cost": 108.76000000866398,
        "ce": 12,
        "cc": 16,
        "z": 0.5599999999999996
    },
    "35": {
        "cost": 109.220000008733,
        "ce": 12,
        "cc": 16,
        "z": 0.5699999999999996
    },
    "36": {
        "cost": 109.68000000880198,
        "ce": 12,
        "cc": 16,
        "z": 0.5799999999999996
    },
    "37": {
        "cost": 110.14000000887098,
        "ce": 12,
        "cc": 16,
        "z": 0.5899999999999996
    },
    "38": {
        "cost": 113.060000009309,
        "ce": 11,
        "cc": 17,
        "z": 0.6099999999999997
    },
    "39": {
        "cost": 113.52000000937798,
        "ce": 11,
        "cc": 17,
        "z": 0.6199999999999997
    },
    "40": {
        "cost": 113.60000000923999,
        "ce": 12,
        "cc": 17,
        "z": 0.5999999999999996
    },
    "41": {
        "cost": 113.980000009447,
        "ce": 11,
        "cc": 17,
        "z": 0.6299999999999997
    },
    "42": {
        "cost": 116.90000000988499,
        "ce": 10,
        "cc": 18,
        "z": 0.6499999999999997
    },
    "43": {
        "cost": 117.36000000995399,
        "ce": 10,
        "cc": 18,
        "z": 0.6599999999999997
    },
    "44": {
        "cost": 117.44000000981598,
        "ce": 11,
        "cc": 18,
        "z": 0.6399999999999997
    },
    "45": {
        "cost": 117.820000010023,
        "ce": 10,
        "cc": 18,
        "z": 0.6699999999999997
    },
    "46": {
        "cost": 118.28000001009198,
        "ce": 10,
        "cc": 18,
        "z": 0.6799999999999997
    },
    "47": {
        "cost": 120.740000010461,
        "ce": 9,
        "cc": 19,
        "z": 0.6899999999999997
    },
    "48": {
        "cost": 121.20000001053,
        "ce": 9,
        "cc": 19,
        "z": 0.6999999999999997
    },
    "49": {
        "cost": 121.66000001059899,
        "ce": 9,
        "cc": 19,
        "z": 0.7099999999999997
    },
    "50": {
        "cost": 122.12000001066798,
        "ce": 9,
        "cc": 19,
        "z": 0.7199999999999998
    },
    "51": {
        "cost": 125.04000001110599,
        "ce": 8,
        "cc": 20,
        "z": 0.7399999999999998
    },
    "52": {
        "cost": 125.50000001117499,
        "ce": 8,
        "cc": 20,
        "z": 0.7499999999999998
    },
    "53": {
        "cost": 125.58000001103699,
        "ce": 9,
        "cc": 20,
        "z": 0.7299999999999998
    },
    "54": {
        "cost": 125.960000011244,
        "ce": 8,
        "cc": 20,
        "z": 0.7599999999999998
    },
    "55": {
        "cost": 128.880000011682,
        "ce": 7,
        "cc": 21,
        "z": 0.7799999999999998
    },
    "56": {
        "cost": 129.340000011751,
        "ce": 7,
        "cc": 21,
        "z": 0.7899999999999998
    },
    "57": {
        "cost": 129.420000011613,
        "ce": 8,
        "cc": 21,
        "z": 0.7699999999999998
    },
    "58": {
        "cost": 129.80000001182,
        "ce": 7,
        "cc": 21,
        "z": 0.7999999999999998
    },
    "59": {
        "cost": 132.720000012258,
        "ce": 6,
        "cc": 22,
        "z": 0.8199999999999998
    },
    "60": {
        "cost": 133.180000012327,
        "ce": 6,
        "cc": 22,
        "z": 0.8299999999999998
    },
    "61": {
        "cost": 133.260000012189,
        "ce": 7,
        "cc": 22,
        "z": 0.8099999999999998
    },
    "62": {
        "cost": 133.640000012396,
        "ce": 6,
        "cc": 22,
        "z": 0.8399999999999999
    },
    "63": {
        "cost": 134.100000012465,
        "ce": 6,
        "cc": 22,
        "z": 0.8499999999999999
    },
    "64": {
        "cost": 136.560000012834,
        "ce": 5,
        "cc": 23,
        "z": 0.8599999999999999
    },
    "65": {
        "cost": 137.020000012903,
        "ce": 5,
        "cc": 23,