{
    "0": {
        "cost": 64.4262068952632,
        "ce": 7,
        "cc": 39,
        "z": 0.88
    },
    "1": {
        "cost": 64.855172412496,
        "ce": 7,
        "cc": 40,
        "z": 0.9
    },
    "2": {
        "cost": 64.9855172400796,
        "ce": 7,
        "cc": 40,
        "z": 0.89
    },
    "3": {
        "cost": 65.5565517228268,
        "ce": 8,
        "cc": 39,
        "z": 0.87
    },
    "4": {
        "cost": 65.6868965504104,
        "ce": 8,
        "cc": 39,
        "z": 0.86
    },
    "5": {
        "cost": 66.127586205574,
        "ce": 9,
        "cc": 38,
        "z": 0.85
    },
    "6": {
        "cost": 66.25793103315759,
        "ce": 9,
        "cc": 38,
        "z": 0.84
    },
    "7": {
        "cost": 66.6986206883212,
        "ce": 10,
        "cc": 37,
        "z": 0.83
    },
    "8": {
        "cost": 66.8289655159048,
        "ce": 10,
        "cc": 37,
        "z": 0.82
    },
    "9": {
        "cost": 67.2696551710684,
        "ce": 11,
        "cc": 36,
        "z": 0.8099999999999999
    },
    "10": {
        "cost": 67.399999998652,
        "ce": 11,
        "cc": 36,
        "z": 0.7999999999999999
    },
    "11": {
        "cost": 67.5303448262356,
        "ce": 11,
        "cc": 36,
        "z": 0.7899999999999999
    },
    "12": {
        "cost": 67.9710344813992,
        "ce": 12,
        "cc": 35,
        "z": 0.7799999999999999
    },
    "13": {
        "cost": 68.1013793089828,
        "ce": 12,
        "cc": 35,
        "z": 0.7699999999999999
    },
    "14": {
        "cost": 68.5420689641464,
        "ce": 13,
        "cc": 34,
        "z": 0.7599999999999999
    },
    "15": {
        "cost": 68.67241379173,
        "ce": 13,
        "cc": 34,
        "z": 0.7499999999999999
    },
    "16": {
        "cost": 68.80275861931361,
        "ce": 13,
        "cc": 34,
        "z": 0.7399999999999999
    },
    "17": {
        "cost": 69.2434482744772,
        "ce": 14,
        "cc": 33,
        "z": 0.7299999999999999
    },
    "18": {
        "cost": 69.3737931020608,
        "ce": 14,
        "cc": 33,
        "z": 0.7199999999999999
    },
    "19": {
        "cost": 69.8144827572244,
        "ce": 15,
        "cc": 32,
        "z": 0.7099999999999999
    },
    "20": {
        "cost": 69.944827584808,
        "ce": 15,
        "cc": 32,
        "z": 0.6999999999999998
    },
    "21": {
        "cost": 70.51586206755519,
        "ce": 16,
        "cc": 31,
        "z": 0.6799999999999998
    },
    "22": {
        "cost": 71.0751724123716,
        "ce": 16,
        "cc": 32,
        "z": 0.6899999999999998
    },
    "23": {
        "cost": 71.0868965503024,
        "ce": 17,
        "cc": 30,
        "z": 0.6599999999999998
    },
    "24": {
        "cost": 71.217241377886,
        "ce": 17,
        "cc": 30,
        "z": 0.6499999999999998
    },
    "25": {
        "cost": 71.64620689511881,
        "ce": 17,
        "cc": 31,
        "z": 0.6699999999999998
    },
    "26": {
        "cost": 71.7882758606332,
        "ce": 18,
        "cc": 29,
        "z": 0.6299999999999998
    },
    "27": {
        "cost": 72.3475862054496,
        "ce": 18,
        "cc": 30,
        "z": 0.6399999999999998
    },
    "28": {
        "cost": 72.3593103433804,
        "ce": 19,
        "cc": 28,
        "z": 0.6099999999999998
    },
    "29": {
        "cost": 72.489655170964,
        "ce": 19,
        "cc": 28,
        "z": 0.5999999999999998
    },
    "30": {
        "cost": 72.9186206881968,
        "ce": 19,
        "cc": 29,
        "z": 0.6199999999999998
    },
    "31": {
        "cost": 73.06068965371121,
        "ce": 20,
        "cc": 27,
        "z": 0.5799999999999997
    },
    "32": {
        "cost": 73.61999999852759,
        "ce": 20,
        "cc": 28,
        "z": 0.5899999999999997
    }
}