{
    "0": {
        "cost": 44.36000000065396,
        "ce": 20,
        "cc": 2,
        "z": 0.009999999999999247
    },
    "1": {
        "cost": 44.72000000070797,
        "ce": 20,
        "cc": 2,
        "z": 0.019999999999999248
    },
    "2": {
        "cost": 48.08000000106197,
        "ce": 20,
        "cc": 3,
        "z": 0.02999999999999925
    },
    "3": {
        "cost": 48.16000000122396,
        "ce": 19,
        "cc": 3,
        "z": 0.059999999999999255
    },
    "4": {
        "cost": 48.44000000111596,
        "ce": 20,
        "cc": 3,
        "z": 0.03999999999999925
    },
    "5": {
        "cost": 48.520000001277964,
        "ce": 19,
        "cc": 3,
        "z": 0.06999999999999926
    },
    "6": {
        "cost": 48.80000000116996,
        "ce": 20,
        "cc": 3,
        "z": 0.04999999999999925
    },
    "7": {
        "cost": 51.88000000163197,
        "ce": 19,
        "cc": 4,
        "z": 0.07999999999999925
    },
    "8": {
        "cost": 52.240000001685964,
        "ce": 19,
        "cc": 4,
        "z": 0.08999999999999925
    },
    "9": {
        "cost": 52.60000000173997,
        "ce": 19,
        "cc": 4,
        "z": 0.09999999999999924
    },
    "10": {
        "cost": 52.96000000179396,
        "ce": 19,
        "cc": 4,
        "z": 0.10999999999999924
    },
    "11": {
        "cost": 55.320000002147964,
        "ce": 18,
        "cc": 5,
        "z": 0.11999999999999923
    },
    "12": {
        "cost": 55.680000002201965,
        "ce": 18,
        "cc": 5,
        "z": 0.12999999999999923
    },
    "13": {
        "cost": 56.040000002255965,
        "ce": 18,
        "cc": 5,
        "z": 0.13999999999999924
    },
    "14": {
        "cost": 56.400000002309966,
        "ce": 18,
        "cc": 5,
        "z": 0.14999999999999925
    },
    "15": {
        "cost": 56.76000000236397,
        "ce": 18,
        "cc": 5,
        "z": 0.15999999999999925
    },
    "16": {
        "cost": 59.12000000271797,
        "ce": 17,
        "cc": 6,
        "z": 0.16999999999999926
    },
    "17": {
        "cost": 59.48000000277197,
        "ce": 17,
        "cc": 6,
        "z": 0.17999999999999927
    },
    "18": {
        "cost": 59.840000002825974,
        "ce": 17,
        "cc": 6,
        "z": 0.18999999999999928
    },
    "19": {
        "cost": 60.200000002879975,
        "ce": 17,
        "cc": 6,
        "z": 0.1999999999999993
    },
    "20": {
        "cost": 60.56000000293396,
        "ce": 17,
        "cc": 6,
        "z": 0.2099999999999993
    },
    "21": {
        "cost": 63.28000000334197,
        "ce": 16,
        "cc": 7,
        "z": 0.22999999999999932
    },
    "22": {
        "cost": 63.64000000339597,
        "ce": 16,
        "cc": 7,
        "z": 0.23999999999999932
    },
    "23": {
        "cost": 63.92000000328797,
        "ce": 17,
        "cc": 7,
        "z": 0.2199999999999993
    },
    "24": {
        "cost": 64.00000000344997,
        "ce": 16,
        "cc": 7,
        "z": 0.24999999999999933
    },
    "25": {
        "cost": 64.36000000350397,
        "ce": 16,
        "cc": 7,
        "z": 0.25999999999999934
    },
    "26": {
        "cost": 64.72000000355797,
        "ce": 16,
        "cc": 7,
        "z": 0.26999999999999935
    },
    "27": {
        "cost": 67.08000000391198,
        "ce": 15,
        "cc": 8,
        "z": 0.27999999999999936
    },
    "28": {
        "cost": 67.44000000396598,
        "ce": 15,
        "cc": 8,
        "z": 0.28999999999999937
    },
    "29": {
        "cost": 67.80000000401998,
        "ce": 15,
        "cc": 8,
        "z": 0.2999999999999994
    },
    "30": {
        "cost": 68.16000000407398,
        "ce": 15,
        "cc": 8,
        "z": 0.3099999999999994
    },
    "31": {
        "cost": 68.52000000412798,
        "ce": 15,
        "cc": 8,
        "z": 0.3199999999999994
    },
    "32": {
        "cost": 71.24000000453597,
        "ce": 14,
        "cc": 9,
        "z": 0.3399999999999994
    },
    "33": {
        "cost": 71.60000000458997,
        "ce": 14,
        "cc": 9,
        "z": 0.3499999999999994
    },
    "34": {
        "cost": 71.88000000448197,
        "ce": 15,
        "cc": 9,
        "z": 0.3299999999999994
    },
    "35": {
        "cost": 71.96000000464397,
        "ce": 14,
        "cc": 9,
        "z": 0.35999999999999943
    },
    "36": {
        "cost": 72.32000000469797,
        "ce": 14,
        "cc": 9,
        "z": 0.36999999999999944
    },
    "37": {
        "cost": 75.04000000510597,
        "ce": 13,
        "cc": 10,
        "z": 0.38999999999999946
    },
    "38": {
        "cost": 75.40000000515998,
        "ce": 13,
        "cc": 10,
        "z": 0.39999999999999947
    },
    "39": {
        "cost": 75.68000000505198,
        "ce": 14,
        "cc": 10,
        "z": 0.37999999999999945
    },
    "40": {
        "cost": 75.76000000521397,
        "ce": 13,
        "cc": 10,
        "z": 0.4099999999999995
    },
    "41": {
        "cost": 76.12000000526797,
        "ce": 13,
        "cc": 10,
        "z": 0.4199999999999995
    },
    "42": {
        "cost": 76.48000000532197,
        "ce": 13,
        "cc": 10,
        "z": 0.4299999999999995
    },
    "43": {
        "cost": 79.20000000572998,
        "ce": 12,
        "cc": 11,
        "z": 0.4499999999999995
    },
    "44": {
        "cost": 79.56000000578398,
        "ce": 12,
        "cc": 11,
        "z": 0.4599999999999995
    },
    "45": {
        "cost": 79.84000000567598,
        "ce": 13,
        "cc": 11,
        "z": 0.4399999999999995
    },
    "46": {
        "cost": 79.92000000583798,
        "ce": 12,
        "cc": 11,
        "z": 0.46999999999999953
    },
    "47": {
        "cost": 80.28000000589198,
        "ce": 12,
        "cc": 11,
        "z": 0.47999999999999954
    },
    "48": {
        "cost": 83.00000000629998,
        "ce": 11,
        "cc": 12,
        "z": 0.49999999999999956
    },
    "49": {
        "cost": 83.36000000635399,
        "ce": 11,
        "cc": 12,
        "z": 0.5099999999999996
    },
    "50": {
        "cost": 83.64000000624598,
        "ce": 12,
        "cc": 12,
        "z": 0.48999999999999955
    },
    "51": {
        "cost": 83.72000000640799,
        "ce": 11,
        "cc": 12,
        "z": 0.5199999999999996
    },
    "52": {
        "cost": 84.08000000646199,
        "ce": 11,
        "cc": 12,
        "z": 0.5299999999999996
    },
    "53": {
        "cost": 84.44000000651599,
        "ce": 11,
        "cc": 12,
        "z": 0.5399999999999996
    },
    "54": {
        "cost": 87.16000000692398,
        "ce": 10,
        "cc": 13,
        "z": 0.5599999999999996
    },
    "55": {
        "cost": 87.52000000697798,
        "ce": 10,
        "cc": 13,
        "z": 0.5699999999999996
    },
    "56": {
        "cost": 87.80000000686998,
        "ce": 11,
        "cc": 13,
        "z": 0.5499999999999996
    },
    "57": {
        "cost": 87.88000000703198,
        "ce": 10,
        "cc": 13,
        "z": 0.5799999999999996
    },
    "58": {
        "cost": 88.24000000708598,
        "ce": 10,
        "cc": 13,
        "z": 0.5899999999999996
    },
    "59": {
        "cost": 90.96000000749399,
        "ce": 9,
        "cc": 14,
        "z": 0.6099999999999997
    },
    "60": {
        "cost": 91.32000000754799,
        "ce": 9,
        "cc": 14,
        "z": 0.6199999999999997
    },
    "61": {
        "cost": 91.60000000743999,
        "ce": 10,
        "cc": 14,
        "z": 0.5999999999999996
    },
    "62": {
        "cost": 91.68000000760199,
        "ce": 9,
        "cc": 14,
        "z": 0.6299999999999997
    },
    "63": {
        "cost": 92.04000000765599,
        "ce": 9,
        "cc": 14,
        "z": 0.6399999999999997
    },
    "64": {
        "cost": 95.12000000811798,
        "ce": 8,
        "cc": 15,
        "z": 0.6699999999999997
    },
    "65": {
        "cost": 95.40000000800998,
        "ce": 9,