{
    "0": {
        "cost": 43.879999995612,
        "ce": 10,
        "cc": 40,
        "z": 0.83
    },
    "1": {
        "cost": 45.186666662148,
        "ce": 11,
        "cc": 40,
        "z": 0.82
    },
    "2": {
        "cost": 45.493333328784004,
        "ce": 11,
        "cc": 40,
        "z": 0.8099999999999999
    },
    "3": {
        "cost": 46.46666666202,
        "ce": 12,
        "cc": 39,
        "z": 0.7999999999999999
    },
    "4": {
        "cost": 46.77333332865601,
        "ce": 12,
        "cc": 39,
        "z": 0.7899999999999999
    },
    "5": {
        "cost": 47.74666666189201,
        "ce": 13,
        "cc": 38,
        "z": 0.7799999999999999
    },
    "6": {
        "cost": 48.053333328528005,
        "ce": 13,
        "cc": 38,
        "z": 0.7699999999999999
    },
    "7": {
        "cost": 49.02666666176401,
        "ce": 14,
        "cc": 37,
        "z": 0.7599999999999999
    },
    "8": {
        "cost": 49.33333332840001,
        "ce": 14,
        "cc": 37,
        "z": 0.7499999999999999
    },
    "9": {
        "cost": 50.30666666163601,
        "ce": 15,
        "cc": 36,
        "z": 0.7399999999999999
    },
    "10": {
        "cost": 50.613333328272006,
        "ce": 15,
        "cc": 36,
        "z": 0.7299999999999999
    },
    "11": {
        "cost": 51.893333328144,
        "ce": 16,
        "cc": 35,
        "z": 0.7099999999999999
    },
    "12": {
        "cost": 51.91999999480801,
        "ce": 16,
        "cc": 36,
        "z": 0.7199999999999999
    },
    "13": {
        "cost": 53.17333332801601,
        "ce": 17,
        "cc": 34,
        "z": 0.6899999999999998
    },
    "14": {
        "cost": 53.19999999468,
        "ce": 17,
        "cc": 35,
        "z": 0.6999999999999998
    },
    "15": {
        "cost": 54.453333327888004,
        "ce": 18,
        "cc": 33,
        "z": 0.6699999999999998
    },
    "16": {
        "cost": 54.479999994552,
        "ce": 18,
        "cc": 34,
        "z": 0.6799999999999998
    },
    "17": {
        "cost": 54.75999999452401,
        "ce": 18,
        "cc": 33,
        "z": 0.6599999999999998
    },
    "18": {
        "cost": 55.73333332776001,
        "ce": 19,
        "cc": 32,
        "z": 0.6499999999999998
    },
    "19": {
        "cost": 56.03999999439601,
        "ce": 19,
        "cc": 32,
        "z": 0.6399999999999998
    },
    "20": {
        "cost": 57.31999999426801,
        "ce": 20,
        "cc": 31,
        "z": 0.6199999999999998
    },
    "21": {
        "cost": 57.34666666093201,
        "ce": 20,
        "cc": 32,
        "z": 0.6299999999999998
    }
}