{
    "0": {
        "cost": 15.999999999999996,
        "ce": 9,
        "cc": 0,
        "z": 0
    },
    "1": {
        "cost": 22.140000000620986,
        "ce": 9,
        "cc": 2,
        "z": 0.009999999999999247
    },
    "2": {
        "cost": 22.280000000641987,
        "ce": 9,
        "cc": 2,
        "z": 0.019999999999999248
    },
    "3": {
        "cost": 22.420000000662988,
        "ce": 9,
        "cc": 2,
        "z": 0.02999999999999925
    },
    "4": {
        "cost": 22.560000000683985,
        "ce": 9,
        "cc": 2,
        "z": 0.03999999999999925
    },
    "5": {
        "cost": 22.700000000704986,
        "ce": 9,
        "cc": 2,
        "z": 0.04999999999999925
    },
    "6": {
        "cost": 22.840000000725986,
        "ce": 9,
        "cc": 2,
        "z": 0.059999999999999255
    },
    "7": {
        "cost": 22.980000000746987,
        "ce": 9,
        "cc": 2,
        "z": 0.06999999999999926
    },
    "8": {
        "cost": 25.820000001172986,
        "ce": 8,
        "cc": 3,
        "z": 0.12999999999999923
    },
    "9": {
        "cost": 25.960000001193986,
        "ce": 8,
        "cc": 3,
        "z": 0.13999999999999924
    },
    "10": {
        "cost": 26.100000001214987,
        "ce": 8,
        "cc": 3,
        "z": 0.14999999999999925
    },
    "11": {
        "cost": 26.120000001067982,
        "ce": 9,
        "cc": 3,
        "z": 0.07999999999999925
    },
    "12": {
        "cost": 26.240000001235984,
        "ce": 8,
        "cc": 3,
        "z": 0.15999999999999925
    },
    "13": {
        "cost": 26.260000001088986,
        "ce": 9,
        "cc": 3,
        "z": 0.08999999999999925
    },
    "14": {
        "cost": 26.380000001256988,
        "ce": 8,
        "cc": 3,
        "z": 0.16999999999999926
    },
    "15": {
        "cost": 26.400000001109987,
        "ce": 9,
        "cc": 3,
        "z": 0.09999999999999924
    },
    "16": {
        "cost": 26.52000000127799,
        "ce": 8,
        "cc": 3,
        "z": 0.17999999999999927
    },
    "17": {
        "cost": 26.540000001130984,
        "ce": 9,
        "cc": 3,
        "z": 0.10999999999999924
    },
    "18": {
        "cost": 26.680000001151985,
        "ce": 9,
        "cc": 3,
        "z": 0.11999999999999923
    },
    "19": {
        "cost": 29.660000001598988,
        "ce": 8,
        "cc": 4,
        "z": 0.18999999999999928
    },
    "20": {
        "cost": 29.78000000176699,
        "ce": 7,
        "cc": 4,
        "z": 0.26999999999999935
    },
    "21": {
        "cost": 29.800000001619985,
        "ce": 8,
        "cc": 4,
        "z": 0.1999999999999993
    },
    "22": {
        "cost": 29.92000000178799,
        "ce": 7,
        "cc": 4,
        "z": 0.27999999999999936
    },
    "23": {
        "cost": 29.94000000164099,
        "ce": 8,
        "cc": 4,
        "z": 0.2099999999999993
    },
    "24": {
        "cost": 30.060000001808987,
        "ce": 7,
        "cc": 4,
        "z": 0.28999999999999937
    },
    "25": {
        "cost": 30.08000000166199,
        "ce": 8,
        "cc": 4,
        "z": 0.2199999999999993
    },
    "26": {
        "cost": 30.200000001829988,
        "ce": 7,
        "cc": 4,
        "z": 0.2999999999999994
    },
    "27": {
        "cost": 30.22000000168299,
        "ce": 8,
        "cc": 4,
        "z": 0.22999999999999932
    },
    "28": {
        "cost": 30.360000001703987,
        "ce": 8,
        "cc": 4,
        "z": 0.23999999999999932
    },
    "29": {
        "cost": 30.500000001724988,
        "ce": 8,
        "cc": 4,
        "z": 0.24999999999999933
    },
    "30": {
        "cost": 30.64000000174599,
        "ce": 8,
        "cc": 4,
        "z": 0.25999999999999934
    },
    "31": {
        "cost": 33.34000000215099,
        "ce": 7,
        "cc": 5,
        "z": 0.3099999999999994
    },
    "32": {
        "cost": 33.48000000217199,
        "ce": 7,
        "cc": 5,
        "z": 0.3199999999999994
    },
    "33": {
        "cost": 33.62000000219299,
        "ce": 7,
        "cc": 5,
        "z": 0.3299999999999994
    },
    "34": {
        "cost": 33.740000002360986,
        "ce": 6,
        "cc": 5,
        "z": 0.4099999999999995
    },
    "35": {
        "cost": 33.76000000221399,
        "ce": 7,
        "cc": 5,
        "z": 0.3399999999999994
    },
    "36": {
        "cost": 33.88000000238199,
        "ce": 6,
        "cc": 5,
        "z": 0.4199999999999995
    },
    "37": {
        "cost": 33.90000000223499,
        "ce": 7,
        "cc": 5,
        "z": 0.3499999999999994
    },
    "38": {
        "cost": 34.02000000240299,
        "ce": 6,
        "cc": 5,
        "z": 0.4299999999999995
    },
    "39": {
        "cost": 34.040000002255994,
        "ce": 7,
        "cc": 5,
        "z": 0.35999999999999943
    },
    "40": {
        "cost": 34.18000000227699,
        "ce": 7,
        "cc": 5,
        "z": 0.36999999999999944
    },
    "41": {
        "cost": 34.32000000229799,
        "ce": 7,
        "cc": 5,
        "z": 0.37999999999999945
    },
    "42": {
        "cost": 34.46000000231899,
        "ce": 7,
        "cc": 5,
        "z": 0.38999999999999946
    },
    "43": {
        "cost": 34.60000000233999,
        "ce": 7,
        "cc": 5,
        "z": 0.39999999999999947
    },
    "44": {
        "cost": 37.16000000272399,
        "ce": 6,
        "cc": 6,
        "z": 0.4399999999999995
    },
    "45": {
        "cost": 37.300000002744994,
        "ce": 6,
        "cc": 6,
        "z": 0.4499999999999995
    },
    "46": {
        "cost": 37.44000000276599,
        "ce": 6,
        "cc": 6,
        "z": 0.4599999999999995
    },
    "47": {
        "cost": 37.56000000293399,
        "ce": 5,
        "cc": 6,
        "z": 0.5399999999999996
    },
    "48": {
        "cost": 37.58000000278699,
        "ce": 6,
        "cc": 6,
        "z": 0.46999999999999953
    },
    "49": {
        "cost": 37.700000002954994,
        "ce": 5,
        "cc": 6,
        "z": 0.5499999999999996
    },
    "50": {
        "cost": 37.72000000280799,
        "ce": 6,
        "cc": 6,
        "z": 0.47999999999999954
    },
    "51": {
        "cost": 37.84000000297599,
        "ce": 5,
        "cc": 6,
        "z": 0.5599999999999996
    },
    "52": {
        "cost": 37.860000002829,
        "ce": 6,
        "cc": 6,
        "z": 0.48999999999999955
    },
    "53": {
        "cost": 38.000000002849994,
        "ce": 6,
        "cc": 6,
        "z": 0.49999999999999956
    },
    "54": {
        "cost": 38.14000000287099,
        "ce": 6,
        "cc": 6,
        "z": 0.5099999999999996
    },
    "55": {
        "cost": 38.280000002891995,
        "ce": 6,
        "cc": 6,
        "z": 0.5199999999999996
    },
    "56": {
        "cost": 38.42000000291299,
        "ce": 6,
        "cc": 6,
        "z": 0.5299999999999996
    },
    "57": {
        "cost": 40.98000000329699,
        "ce": 5,
        "cc": 7,
        "z": 0.5699999999999996
    },
    "58": {
        "cost": 41.120000003318,
        "ce": 5,
        "cc": 7,
        "z": 0.5799999999999996
    },
    "59": {
        "cost": 41.260000003338995,
        "ce": 5,
        "cc": 7,
        "z": 0.5899999999999996
    },
    "60": {
        "cost": 41.40000000335999,
        "ce": 5,
        "cc": 7,
        "z": 0.5999999999999996
    },
    "61": {
        "cost": 41.520000003528,
        "ce": 4,
        "cc": 7,
        "z": 0.6799999999999997
    },
    "62": {
        "cost": 41.540000003380996,
        "ce": 5,
        "cc": 7,
        "z": 0.6099999999999997
    },
    "63": {
        "cost": 41.660000003548994,
        "ce": 4,
        "cc": 7,
        "z": 0.6899999999999997
    },
    "64": {
        "cost": 41.68000000340199,
        "ce": 5,
        "cc": 7,
        "z": 0.6199999999999997
    },
    "65": {
        "cost": 41.80000000357,
        "ce": 4,
        "cc": 7,
        "z": 0.6999999999999997
    },