{
    "0": {
        "cost": 21.6666666645,
        "ce": 0,
        "cc": 34,
        "z": 1.0
    },
    "1": {
        "cost": 23.539999997646,
        "ce": 2,
        "cc": 33,
        "z": 0.99
    },
    "2": {
        "cost": 23.746666664292,
        "ce": 2,
        "cc": 33,
        "z": 0.98
    },
    "3": {
        "cost": 24.826666664184003,
        "ce": 3,
        "cc": 32,
        "z": 0.96
    },
    "4": {
        "cost": 24.953333330838,
        "ce": 3,
        "cc": 33,
        "z": 0.97
    },
    "5": {
        "cost": 26.033333330730002,
        "ce": 4,
        "cc": 32,
        "z": 0.95
    },
    "6": {
        "cost": 26.239999997376003,
        "ce": 4,
        "cc": 32,
        "z": 0.94
    },
    "7": {
        "cost": 26.446666664022004,
        "ce": 4,
        "cc": 32,
        "z": 0.9299999999999999
    },
    "8": {
        "cost": 27.319999997268003,
        "ce": 5,
        "cc": 31,
        "z": 0.9199999999999999
    },
    "9": {
        "cost": 27.526666663914003,
        "ce": 5,
        "cc": 31,
        "z": 0.9099999999999999
    },
    "10": {
        "cost": 27.73333333056,
        "ce": 5,
        "cc": 31,
        "z": 0.8999999999999999
    },
    "11": {
        "cost": 28.606666663806003,
        "ce": 6,
        "cc": 30,
        "z": 0.8899999999999999
    },
    "12": {
        "cost": 28.813333330452004,
        "ce": 6,
        "cc": 30,
        "z": 0.8799999999999999
    },
    "13": {
        "cost": 28.893333330444,
        "ce": 6,
        "cc": 29,
        "z": 0.8599999999999999
    },
    "14": {
        "cost": 29.019999997098,
        "ce": 6,
        "cc": 30,
        "z": 0.8699999999999999
    },
    "15": {
        "cost": 30.099999996990007,
        "ce": 7,
        "cc": 29,
        "z": 0.8499999999999999
    },
    "16": {
        "cost": 30.30666666363601,
        "ce": 7,
        "cc": 29,
        "z": 0.8399999999999999
    },
    "17": {
        "cost": 30.513333330282002,
        "ce": 7,
        "cc": 29,
        "z": 0.8299999999999998
    },
    "18": {
        "cost": 31.386666663528004,
        "ce": 8,
        "cc": 28,
        "z": 0.8199999999999998
    },
    "19": {
        "cost": 31.593333330174005,
        "ce": 8,
        "cc": 28,
        "z": 0.8099999999999998
    },
    "20": {
        "cost": 31.799999996820006,
        "ce": 8,
        "cc": 28,
        "z": 0.7999999999999998
    },
    "21": {
        "cost": 32.673333330066,
        "ce": 9,
        "cc": 27,
        "z": 0.7899999999999998
    },
    "22": {
        "cost": 32.879999996712,
        "ce": 9,
        "cc": 27,
        "z": 0.7799999999999998
    },
    "23": {
        "cost": 33.08666666335801,
        "ce": 9,
        "cc": 27,
        "z": 0.7699999999999998
    },
    "24": {
        "cost": 34.166666663250005,
        "ce": 10,
        "cc": 26,
        "z": 0.7499999999999998
    },
    "25": {
        "cost": 34.29333332990401,
        "ce": 10,
        "cc": 27,
        "z": 0.7599999999999998
    },
    "26": {
        "cost": 34.373333329896006,
        "ce": 10,
        "cc": 26,
        "z": 0.7399999999999998
    },
    "27": {
        "cost": 35.453333329788,
        "ce": 11,
        "cc": 25,
        "z": 0.7199999999999998
    },
    "28": {
        "cost": 35.579999996442005,
        "ce": 11,
        "cc": 26,
        "z": 0.7299999999999998
    },
    "29": {
        "cost": 35.659999996434,
        "ce": 11,
        "cc": 25,
        "z": 0.7099999999999997
    },
    "30": {
        "cost": 36.533333329680005,
        "ce": 12,
        "cc": 24,
        "z": 0.6999999999999997
    },
    "31": {
        "cost": 36.739999996326006,
        "ce": 12,
        "cc": 24,
        "z": 0.6899999999999997
    },
    "32": {
        "cost": 36.94666666297201,
        "ce": 12,
        "cc": 24,
        "z": 0.6799999999999997
    },
    "33": {
        "cost": 37.15333332961801,
        "ce": 12,
        "cc": 24,
        "z": 0.6699999999999997
    },
    "34": {
        "cost": 38.02666666286401,
        "ce": 13,
        "cc": 23,
        "z": 0.6599999999999997
    },
    "35": {
        "cost": 38.23333332951001,
        "ce": 13,
        "cc": 23,
        "z": 0.6499999999999997
    },
    "36": {
        "cost": 38.43999999615601,
        "ce": 13,
        "cc": 23,
        "z": 0.6399999999999997
    },
    "37": {
        "cost": 39.313333329402006,
        "ce": 14,
        "cc": 22,
        "z": 0.6299999999999997
    },
    "38": {
        "cost": 39.51999999604801,
        "ce": 14,
        "cc": 22,
        "z": 0.6199999999999997
    },
    "39": {
        "cost": 39.72666666269401,
        "ce": 14,
        "cc": 22,
        "z": 0.6099999999999997
    },
    "40": {
        "cost": 40.80666666258601,
        "ce": 15,
        "cc": 21,
        "z": 0.5899999999999996
    },
    "41": {
        "cost": 40.933333329240014,
        "ce": 15,
        "cc": 22,
        "z": 0.5999999999999996
    },
    "42": {
        "cost": 41.01333332923201,
        "ce": 15,
        "cc": 21,
        "z": 0.5799999999999996
    },
    "43": {
        "cost": 41.88666666247801,
        "ce": 16,
        "cc": 20,
        "z": 0.5699999999999996
    },
    "44": {
        "cost": 42.09333332912401,
        "ce": 16,
        "cc": 20,
        "z": 0.5599999999999996
    },
    "45": {
        "cost": 42.29999999577001,
        "ce": 16,
        "cc": 20,
        "z": 0.5499999999999996
    },
    "46": {
        "cost": 43.37999999566201,
        "ce": 17,
        "cc": 19,
        "z": 0.5299999999999996
    },
    "47": {
        "cost": 43.50666666231601,
        "ce": 17,
        "cc": 20,
        "z": 0.5399999999999996
    },
    "48": {
        "cost": 43.586666662308005,
        "ce": 17,
        "cc": 19,
        "z": 0.5199999999999996
    },
    "49": {
        "cost": 43.793333328954006,
        "ce": 17,
        "cc": 19,
        "z": 0.5099999999999996
    },
    "50": {
        "cost": 44.66666666220001,
        "ce": 18,
        "cc": 18,
        "z": 0.49999999999999956
    },
    "51": {
        "cost": 44.87333332884601,
        "ce": 18,
        "cc": 18,
        "z": 0.48999999999999955
    },
    "52": {
        "cost": 45.95333332873801,
        "ce": 19,
        "cc": 17,
        "z": 0.46999999999999953
    },
    "53": {
        "cost": 46.079999995392015,
        "ce": 19,
        "cc": 18,
        "z": 0.47999999999999954
    },
    "54": {
        "cost": 46.15999999538401,
        "ce": 19,
        "cc": 17,
        "z": 0.4599999999999995
    },
    "55": {
        "cost": 46.36666666203001,
        "ce": 19,
        "cc": 17,
        "z": 0.4499999999999995
    },
    "56": {
        "cost": 47.239999995276015,
        "ce": 20,
        "cc": 16,
        "z": 0.4399999999999995
    },
    "57": {
        "cost": 47.44666666192201,
        "ce": 20,
        "cc": 16,
        "z": 0.4299999999999995
    },
    "58": {
        "cost": 47.65333332856802,
        "ce": 20,
        "cc": 16,
        "z": 0.4199999999999995
    }
}