{
    "0": {
        "cost": 82.8737931017908,
        "ce": 16,
        "cc": 40,
        "z": 0.74
    },
    "1": {
        "cost": 83.0320689638566,
        "ce": 16,
        "cc": 40,
        "z": 0.73
    },
    "2": {
        "cost": 83.50068965350239,
        "ce": 17,
        "cc": 39,
        "z": 0.72
    },
    "3": {
        "cost": 83.6589655155682,
        "ce": 17,
        "cc": 39,
        "z": 0.71
    },
    "4": {
        "cost": 84.127586205214,
        "ce": 18,
        "cc": 38,
        "z": 0.7
    },
    "5": {
        "cost": 84.7544827569256,
        "ce": 19,
        "cc": 37,
        "z": 0.6799999999999999
    },
    "6": {
        "cost": 85.22310344657139,
        "ce": 20,
        "cc": 36,
        "z": 0.6699999999999999
    },
    "7": {
        "cost": 85.2858620672598,
        "ce": 19,
        "cc": 38,
        "z": 0.69
    },
    "8": {
        "cost": 85.3813793086372,
        "ce": 20,
        "cc": 36,
        "z": 0.6599999999999999
    }
}