{
    "0": {
        "cost": 12.3333333321,
        "ce": 0,
        "cc": 20,
        "z": 1.0
    },
    "1": {
        "cost": 14.339999998566,
        "ce": 2,
        "cc": 19,
        "z": 0.97
    },
    "2": {
        "cost": 14.446666665222,
        "ce": 2,
        "cc": 20,
        "z": 0.99
    },
    "3": {
        "cost": 14.559999998544,
        "ce": 2,
        "cc": 20,
        "z": 0.98
    },
    "4": {
        "cost": 15.453333331787999,
        "ce": 3,
        "cc": 19,
        "z": 0.96
    },
    "5": {
        "cost": 15.566666665109999,
        "ce": 3,
        "cc": 19,
        "z": 0.95
    },
    "6": {
        "cost": 15.679999998431999,
        "ce": 3,
        "cc": 19,
        "z": 0.94
    },
    "7": {
        "cost": 15.793333331753999,
        "ce": 3,
        "cc": 19,
        "z": 0.9299999999999999
    },
    "8": {
        "cost": 16.573333331676,
        "ce": 4,
        "cc": 18,
        "z": 0.9199999999999999
    },
    "9": {
        "cost": 16.686666664998,
        "ce": 4,
        "cc": 18,
        "z": 0.9099999999999999
    },
    "10": {
        "cost": 16.79999999832,
        "ce": 4,
        "cc": 18,
        "z": 0.8999999999999999
    },
    "11": {
        "cost": 16.913333331642,
        "ce": 4,
        "cc": 18,
        "z": 0.8899999999999999
    },
    "12": {
        "cost": 17.026666664964,
        "ce": 4,
        "cc": 18,
        "z": 0.8799999999999999
    },
    "13": {
        "cost": 17.919999998208002,
        "ce": 5,
        "cc": 17,
        "z": 0.8599999999999999
    },
    "14": {
        "cost": 18.033333331530002,
        "ce": 5,
        "cc": 17,
        "z": 0.8499999999999999
    },
    "15": {
        "cost": 18.139999998186003,
        "ce": 5,
        "cc": 18,
        "z": 0.8699999999999999
    },
    "16": {
        "cost": 18.146666664852003,
        "ce": 5,
        "cc": 17,
        "z": 0.8399999999999999
    },
    "17": {
        "cost": 18.259999998174003,
        "ce": 5,
        "cc": 17,
        "z": 0.8299999999999998
    },
    "18": {
        "cost": 18.373333331496003,
        "ce": 5,
        "cc": 17,
        "z": 0.8199999999999998
    },
    "19": {
        "cost": 19.26666666474,
        "ce": 6,
        "cc": 16,
        "z": 0.7999999999999998
    },
    "20": {
        "cost": 19.379999998062,
        "ce": 6,
        "cc": 16,
        "z": 0.7899999999999998
    },
    "21": {
        "cost": 19.486666664718,
        "ce": 6,
        "cc": 17,
        "z": 0.8099999999999998
    },
    "22": {
        "cost": 19.493333331384,
        "ce": 6,
        "cc": 16,
        "z": 0.7799999999999998
    },
    "23": {
        "cost": 19.606666664706,
        "ce": 6,
        "cc": 16,
        "z": 0.7699999999999998
    },
    "24": {
        "cost": 20.613333331272003,
        "ce": 7,
        "cc": 15,
        "z": 0.7399999999999998
    },
    "25": {
        "cost": 20.719999997928003,
        "ce": 7,
        "cc": 16,
        "z": 0.7599999999999998
    },
    "26": {
        "cost": 20.726666664594003,
        "ce": 7,
        "cc": 15,
        "z": 0.7299999999999998
    },
    "27": {
        "cost": 20.833333331250003,
        "ce": 7,
        "cc": 16,
        "z": 0.7499999999999998
    },
    "28": {
        "cost": 20.839999997916003,
        "ce": 7,
        "cc": 15,
        "z": 0.7199999999999998
    },
    "29": {
        "cost": 20.953333331238003,
        "ce": 7,
        "cc": 15,
        "z": 0.7099999999999997
    },
    "30": {
        "cost": 21.959999997804,
        "ce": 8,
        "cc": 14,
        "z": 0.6799999999999997
    },
    "31": {
        "cost": 22.06666666446,
        "ce": 8,
        "cc": 15,
        "z": 0.6999999999999997
    },
    "32": {
        "cost": 22.073333331126005,
        "ce": 8,
        "cc": 14,
        "z": 0.6699999999999997
    },
    "33": {
        "cost": 22.179999997782005,
        "ce": 8,
        "cc": 15,
        "z": 0.6899999999999997
    },
    "34": {
        "cost": 22.186666664448,
        "ce": 8,
        "cc": 14,
        "z": 0.6599999999999997
    },
    "35": {
        "cost": 22.299999997770005,
        "ce": 8,
        "cc": 14,
        "z": 0.6499999999999997
    },
    "36": {
        "cost": 23.193333331014003,
        "ce": 9,
        "cc": 13,
        "z": 0.6299999999999997
    },
    "37": {
        "cost": 23.306666664336003,
        "ce": 9,
        "cc": 13,
        "z": 0.6199999999999997
    },
    "38": {
        "cost": 23.413333330992003,
        "ce": 9,
        "cc": 14,
        "z": 0.6399999999999997
    },
    "39": {
        "cost": 23.419999997658003,
        "ce": 9,
        "cc": 13,
        "z": 0.6099999999999997
    },
    "40": {
        "cost": 23.533333330980003,
        "ce": 9,
        "cc": 13,
        "z": 0.5999999999999996
    },
    "41": {
        "cost": 24.539999997546005,
        "ce": 10,
        "cc": 12,
        "z": 0.5699999999999996
    },
    "42": {
        "cost": 24.646666664202005,
        "ce": 10,
        "cc": 13,
        "z": 0.5899999999999996
    },
    "43": {
        "cost": 24.653333330868005,
        "ce": 10,
        "cc": 12,
        "z": 0.5599999999999996
    },
    "44": {
        "cost": 24.759999997524005,
        "ce": 10,
        "cc": 13,
        "z": 0.5799999999999996
    },
    "45": {
        "cost": 24.766666664190005,
        "ce": 10,
        "cc": 12,
        "z": 0.5499999999999996
    },
    "46": {
        "cost": 24.879999997512005,
        "ce": 10,
        "cc": 12,
        "z": 0.5399999999999996
    },
    "47": {
        "cost": 25.886666664078003,
        "ce": 11,
        "cc": 11,
        "z": 0.5099999999999996
    },
    "48": {
        "cost": 25.993333330734007,
        "ce": 11,
        "cc": 12,
        "z": 0.5299999999999996
    },
    "49": {
        "cost": 25.999999997400003,
        "ce": 11,
        "cc": 11,
        "z": 0.49999999999999956
    },
    "50": {
        "cost": 26.106666664056004,
        "ce": 11,
        "cc": 12,
        "z": 0.5199999999999996
    },
    "51": {
        "cost": 26.113333330722007,
        "ce": 11,
        "cc": 11,
        "z": 0.48999999999999955
    },
    "52": {
        "cost": 26.226666664044004,
        "ce": 11,
        "cc": 11,
        "z": 0.47999999999999954
    },
    "53": {
        "cost": 27.119999997288,
        "ce": 12,
        "cc": 10,
        "z": 0.4599999999999995
    },
    "54": {
        "cost": 27.233333330610005,
        "ce": 12,
        "cc": 10,
        "z": 0.4499999999999995
    },
    "55": {
        "cost": 27.339999997266005,
        "ce": 12,
        "cc": 11,
        "z": 0.46999999999999953
    },
    "56": {
        "cost": 27.346666663932005,
        "ce": 12,
        "cc": 10,
        "z": 0.4399999999999995
    },
    "57": {
        "cost": 27.459999997254005,
        "ce": 12,
        "cc": 10,
        "z": 0.4299999999999995
    },
    "58": {
        "cost": 27.573333330576006,
        "ce": 12,
        "cc": 10,
        "z": 0.4199999999999995
    },
    "59": {
        "cost": 28.579999997142007,
        "ce": 13,
        "cc": 9,
        "z": 0.38999999999999946
    },
    "60": {
        "cost": 28.686666663798007,
        "ce": 13,
        "cc": 10,
        "z": 0.4099999999999995
    },
    "61": {
        "cost": 28.693333330464007,
        "ce": 13,
        "cc": 9,
        "z": 0.37999999999999945
    },
    "62": {
        "cost": 28.799999997120004,
        "ce": 13,
        "cc": 10,
        "z": 0.39999999999999947
    },
    "63": {
        "cost": 28.806666663786007,
        "ce": 13,
        "cc": 9,
        "z": 0.36999999999999944
    },
    "64": {
        "cost": 29.81333333035201,
        "ce": 14,
        "cc": 8,
        "z": 0.3399999999999994
    },
    "65": {
        "cost": 29.919999997008006,
        "ce": 14,
        "cc": 9,
        "z": 0.35999999999999943
    },
    "66": {
        "cost": 29.92666666367401,
        "ce": 14,
        "cc": 8,