{
    "0": {
        "cost": 19.9999999996,
        "ce": 0,
        "cc": 16,
        "z": 1.0
    },
    "1": {
        "cost": 21.431379309916203,
        "ce": 2,
        "cc": 15,
        "z": 0.97
    },
    "2": {
        "cost": 21.4717241375016,
        "ce": 2,
        "cc": 15,
        "z": 0.96
    },
    "3": {
        "cost": 22.0403448271454,
        "ce": 2,
        "cc": 16,
        "z": 0.99
    },
    "4": {
        "cost": 22.0806896547308,
        "ce": 2,
        "cc": 16,
        "z": 0.98
    },
    "5": {
        "cost": 22.512068965067,
        "ce": 3,
        "cc": 15,
        "z": 0.95
    },
    "6": {
        "cost": 22.552413792652402,
        "ce": 3,
        "cc": 15,
        "z": 0.94
    },
    "7": {
        "cost": 22.592758620237802,
        "ce": 3,
        "cc": 15,
        "z": 0.9299999999999999
    },
    "8": {
        "cost": 22.633103447823203,
        "ce": 3,
        "cc": 15,
        "z": 0.9199999999999999
    },
    "9": {
        "cost": 22.6734482754086,
        "ce": 3,
        "cc": 15,
        "z": 0.9099999999999999
    },
    "10": {
        "cost": 23.0644827581594,
        "ce": 4,
        "cc": 14,
        "z": 0.8899999999999999
    },
    "11": {
        "cost": 23.1048275857448,
        "ce": 4,
        "cc": 14,
        "z": 0.8799999999999999
    },
    "12": {
        "cost": 23.1451724133302,
        "ce": 4,
        "cc": 14,
        "z": 0.8699999999999999
    },
    "13": {
        "cost": 23.1855172409156,
        "ce": 4,
        "cc": 14,
        "z": 0.8599999999999999
    },
    "14": {
        "cost": 23.225862068501,
        "ce": 4,
        "cc": 14,
        "z": 0.8499999999999999
    },
    "15": {
        "cost": 23.2662068960864,
        "ce": 4,
        "cc": 14,
        "z": 0.8399999999999999
    },
    "16": {
        "cost": 23.657241378837202,
        "ce": 5,
        "cc": 13,
        "z": 0.8199999999999998
    },
    "17": {
        "cost": 23.6975862064226,
        "ce": 5,
        "cc": 13,
        "z": 0.8099999999999998
    },
    "18": {
        "cost": 23.713793102974,
        "ce": 4,
        "cc": 15,
        "z": 0.8999999999999999
    },
    "19": {
        "cost": 23.737931034008,
        "ce": 5,
        "cc": 13,
        "z": 0.7999999999999998
    },
    "20": {
        "cost": 23.7782758615934,
        "ce": 5,
        "cc": 13,
        "z": 0.7899999999999998
    },
    "21": {
        "cost": 23.8186206891788,
        "ce": 5,
        "cc": 13,
        "z": 0.7799999999999998
    },
    "22": {
        "cost": 23.8589655167642,
        "ce": 5,
        "cc": 13,
        "z": 0.7699999999999998
    },
    "23": {
        "cost": 24.249999999515,
        "ce": 6,
        "cc": 12,
        "z": 0.7499999999999998
    },
    "24": {
        "cost": 24.290344827100398,
        "ce": 6,
        "cc": 12,
        "z": 0.7399999999999998
    },
    "25": {
        "cost": 24.306551723651797,
        "ce": 5,
        "cc": 14,
        "z": 0.8299999999999998
    },
    "26": {
        "cost": 24.3306896546858,
        "ce": 6,
        "cc": 12,
        "z": 0.7299999999999998
    },
    "27": {
        "cost": 24.3710344822712,
        "ce": 6,
        "cc": 12,
        "z": 0.7199999999999998
    },
    "28": {
        "cost": 24.4113793098566,
        "ce": 6,
        "cc": 12,
        "z": 0.7099999999999997
    },
    "29": {
        "cost": 24.451724137442,
        "ce": 6,
        "cc": 12,
        "z": 0.6999999999999997
    },
    "30": {
        "cost": 24.8831034477782,
        "ce": 7,
        "cc": 11,
        "z": 0.6699999999999997
    },
    "31": {
        "cost": 24.899310344329596,
        "ce": 6,
        "cc": 13,
        "z": 0.7599999999999998
    },
    "32": {
        "cost": 24.923448275363597,
        "ce": 7,
        "cc": 11,
        "z": 0.6599999999999997
    },
    "33": {
        "cost": 24.963793102948998,
        "ce": 7,
        "cc": 11,
        "z": 0.6499999999999997
    },
    "34": {
        "cost": 25.004137930534398,
        "ce": 7,
        "cc": 11,
        "z": 0.6399999999999997
    },
    "35": {
        "cost": 25.044482758119802,
        "ce": 7,
        "cc": 11,
        "z": 0.6299999999999997
    },
    "36": {
        "cost": 25.475862068456,
        "ce": 8,
        "cc": 10,
        "z": 0.5999999999999996
    },
    "37": {
        "cost": 25.492068965007398,
        "ce": 7,
        "cc": 12,
        "z": 0.6899999999999997
    },
    "38": {
        "cost": 25.516206896041396,
        "ce": 8,
        "cc": 10,
        "z": 0.5899999999999996
    },
    "39": {
        "cost": 25.5324137925928,
        "ce": 7,
        "cc": 12,
        "z": 0.6799999999999997
    },
    "40": {
        "cost": 25.5565517236268,
        "ce": 8,
        "cc": 10,
        "z": 0.5799999999999996
    },
    "41": {
        "cost": 25.596896551212197,
        "ce": 8,
        "cc": 10,
        "z": 0.5699999999999996
    },
    "42": {
        "cost": 25.6372413787976,
        "ce": 8,
        "cc": 10,
        "z": 0.5599999999999996
    },
    "43": {
        "cost": 25.677586206382998,
        "ce": 8,
        "cc": 10,
        "z": 0.5499999999999996
    },
    "44": {
        "cost": 26.0848275856852,
        "ce": 8,
        "cc": 11,
        "z": 0.6199999999999997
    },
    "45": {
        "cost": 26.108965516719202,
        "ce": 9,
        "cc": 9,
        "z": 0.5199999999999996
    },
    "46": {
        "cost": 26.1251724132706,
        "ce": 8,
        "cc": 11,
        "z": 0.6099999999999997
    },
    "47": {
        "cost": 26.1493103443046,
        "ce": 9,
        "cc": 9,
        "z": 0.5099999999999996
    },
    "48": {
        "cost": 26.189655171889996,
        "ce": 9,
        "cc": 9,
        "z": 0.49999999999999956
    },
    "49": {
        "cost": 26.2299999994754,
        "ce": 9,
        "cc": 9,
        "z": 0.48999999999999955
    },
    "50": {
        "cost": 26.2703448270608,
        "ce": 9,
        "cc": 9,
        "z": 0.47999999999999954
    },
    "51": {
        "cost": 26.701724137397,
        "ce": 10,
        "cc": 8,
        "z": 0.4499999999999995
    },
    "52": {
        "cost": 26.7179310339484,
        "ce": 9,
        "cc": 10,
        "z": 0.5399999999999996
    },
    "53": {
        "cost": 26.742068964982398,
        "ce": 10,
        "cc": 8,
        "z": 0.4399999999999995
    },
    "54": {
        "cost": 26.7582758615338,
        "ce": 9,
        "cc": 10,
        "z": 0.5299999999999996
    },
    "55": {
        "cost": 26.782413792567798,
        "ce": 10,
        "cc": 8,
        "z": 0.4299999999999995
    },
    "56": {
        "cost": 26.822758620153202,
        "ce": 10,
        "cc": 8,
        "z": 0.4199999999999995
    },
    "57": {
        "cost": 26.8631034477386,
        "ce": 10,
        "cc": 8,
        "z": 0.4099999999999995
    },
    "58": {
        "cost": 26.903448275324,
        "ce": 10,
        "cc": 8,
        "z": 0.39999999999999947
    },
    "59": {
        "cost": 27.310689654626202,
        "ce": 10,
        "cc": 9,
        "z": 0.46999999999999953
    },
    "60": {
        "cost": 27.3348275856602,
        "ce": 11,
        "cc": 7,
        "z": 0.36999999999999944
    },
    "61": {
        "cost": 27.351034482211602,
        "ce": 10,
        "cc": 9,
        "z": 0.4599999999999995
    },
    "62": {
        "cost": 27.375172413245597,
        "ce": 11,
        "cc": 7,
        "z": 0.35999999999999943
    },
    "63": {
        "cost": 27.415517240830997,
        "ce": 11,
        "cc": 7,
        "z": 0.3499999999999994
    },
    "64": {
        "cost": 27.455862068416398,
        "ce": 11,
        "cc": 7,
        "z": 0.3399999999999994
    },
    "65": {
        "cost": 27.4962068960018,
        "ce": 11,
        "cc": 7,
        "z": 0.3299999999999994
    },
    "66": {
        "cost": 27.927586206338,
        "ce": 12,
        "cc": 6,
        "z": 0.2999999999999994
    },