{
    "0": {
        "cost": 7.586206896399999,
        "ce": 0,
        "cc": 7,
        "z": 1.0
    },
    "1": {
        "cost": 8.598620689483198,
        "ce": 1,
        "cc": 7,
        "z": 0.99
    },
    "2": {
        "cost": 8.9213793101664,
        "ce": 2,
        "cc": 6,
        "z": 0.98
    },
    "3": {
        "cost": 8.933793103269599,
        "ce": 2,
        "cc": 6,
        "z": 0.97
    },
    "4": {
        "cost": 8.9462068963728,
        "ce": 2,
        "cc": 6,
        "z": 0.96
    },
    "5": {
        "cost": 8.958620689476,
        "ce": 2,
        "cc": 6,
        "z": 0.95
    },
    "6": {
        "cost": 8.9710344825792,
        "ce": 2,
        "cc": 6,
        "z": 0.94
    },
    "7": {
        "cost": 8.983448275682399,
        "ce": 2,
        "cc": 6,
        "z": 0.9299999999999999
    },
    "8": {
        "cost": 8.995862068785598,
        "ce": 2,
        "cc": 6,
        "z": 0.9199999999999999
    },
    "9": {
        "cost": 9.008275861888798,
        "ce": 2,
        "cc": 6,
        "z": 0.9099999999999999
    },
    "10": {
        "cost": 9.020689654992,
        "ce": 2,
        "cc": 6,
        "z": 0.8999999999999999
    },
    "11": {
        "cost": 9.033103448095199,
        "ce": 2,
        "cc": 6,
        "z": 0.8899999999999999
    },
    "12": {
        "cost": 9.045517241198398,
        "ce": 2,
        "cc": 6,
        "z": 0.8799999999999999
    },
    "13": {
        "cost": 9.0579310343016,
        "ce": 2,
        "cc": 6,
        "z": 0.8699999999999999
    },
    "14": {
        "cost": 9.0703448274048,
        "ce": 2,
        "cc": 6,
        "z": 0.8599999999999999
    },
    "15": {
        "cost": 9.082758620507999,
        "ce": 2,
        "cc": 6,
        "z": 0.8499999999999999
    },
    "16": {
        "cost": 9.51724137912,
        "ce": 3,
        "cc": 5,
        "z": 0.7499999999999998
    },
    "17": {
        "cost": 9.5296551722232,
        "ce": 3,
        "cc": 5,
        "z": 0.7399999999999998
    },
    "18": {
        "cost": 9.5420689653264,
        "ce": 3,
        "cc": 5,
        "z": 0.7299999999999998
    },
    "19": {
        "cost": 9.5544827584296,
        "ce": 3,
        "cc": 5,
        "z": 0.7199999999999998
    },
    "20": {
        "cost": 9.5668965515328,
        "ce": 3,
        "cc": 5,
        "z": 0.7099999999999997
    },
    "21": {
        "cost": 9.579310344636,
        "ce": 3,
        "cc": 5,
        "z": 0.6999999999999997
    },
    "22": {
        "cost": 9.591724137739199,
        "ce": 3,
        "cc": 5,
        "z": 0.6899999999999997
    },
    "23": {
        "cost": 9.604137930842398,
        "ce": 3,
        "cc": 5,
        "z": 0.6799999999999997
    },
    "24": {
        "cost": 9.6165517239456,
        "ce": 3,
        "cc": 5,
        "z": 0.6699999999999997
    },
    "25": {
        "cost": 9.6289655170488,
        "ce": 3,
        "cc": 5,
        "z": 0.6599999999999997
    },
    "26": {
        "cost": 9.641379310151999,
        "ce": 3,
        "cc": 5,
        "z": 0.6499999999999997
    },
    "27": {
        "cost": 9.999999999799998,
        "ce": 6,
        "cc": 0,
        "z": 0
    },
    "28": {
        "cost": 10.095172413591198,
        "ce": 3,
        "cc": 6,
        "z": 0.8399999999999999
    },
    "29": {
        "cost": 10.1075862066944,
        "ce": 3,
        "cc": 6,
        "z": 0.8299999999999998
    },
    "30": {
        "cost": 10.1131034480736,
        "ce": 4,
        "cc": 4,
        "z": 0.5199999999999996
    },
    "31": {
        "cost": 10.1199999997976,
        "ce": 3,
        "cc": 6,
        "z": 0.8199999999999998
    },
    "32": {
        "cost": 10.1255172411768,
        "ce": 4,
        "cc": 4,
        "z": 0.5099999999999996
    },
    "33": {
        "cost": 10.132413792900799,
        "ce": 3,
        "cc": 6,
        "z": 0.8099999999999998
    },
    "34": {
        "cost": 10.13793103428,
        "ce": 4,
        "cc": 4,
        "z": 0.49999999999999956
    },
    "35": {
        "cost": 10.144827586004,
        "ce": 3,
        "cc": 6,
        "z": 0.7999999999999998
    },
    "36": {
        "cost": 10.150344827383199,
        "ce": 4,
        "cc": 4,
        "z": 0.48999999999999955
    },
    "37": {
        "cost": 10.1572413791072,
        "ce": 3,
        "cc": 6,
        "z": 0.7899999999999998
    },
    "38": {
        "cost": 10.162758620486398,
        "ce": 4,
        "cc": 4,
        "z": 0.47999999999999954
    },
    "39": {
        "cost": 10.1696551722104,
        "ce": 3,
        "cc": 6,
        "z": 0.7799999999999998
    },
    "40": {
        "cost": 10.175172413589598,
        "ce": 4,
        "cc": 4,
        "z": 0.46999999999999953
    },
    "41": {
        "cost": 10.182068965313599,
        "ce": 3,
        "cc": 6,
        "z": 0.7699999999999998
    },
    "42": {
        "cost": 10.1875862066928,
        "ce": 4,
        "cc": 4,
        "z": 0.4599999999999995
    },
    "43": {
        "cost": 10.194482758416799,
        "ce": 3,
        "cc": 6,
        "z": 0.7599999999999998
    },
    "44": {
        "cost": 10.199999999795999,
        "ce": 4,
        "cc": 4,
        "z": 0.4499999999999995
    },
    "45": {
        "cost": 10.2124137928992,
        "ce": 4,
        "cc": 4,
        "z": 0.4399999999999995
    },
    "46": {
        "cost": 10.2248275860024,
        "ce": 4,
        "cc": 4,
        "z": 0.4299999999999995
    },
    "47": {
        "cost": 10.653793103235198,
        "ce": 4,
        "cc": 5,
        "z": 0.6399999999999997
    },
    "48": {
        "cost": 10.6662068963384,
        "ce": 4,
        "cc": 5,
        "z": 0.6299999999999997
    },
    "49": {
        "cost": 10.6772413790968,
        "ce": 6,
        "cc": 1,
        "z": 0.009999999999999247
    },
    "50": {
        "cost": 10.6786206894416,
        "ce": 4,
        "cc": 5,
        "z": 0.6199999999999997
    },
    "51": {
        "cost": 10.684137930820798,
        "ce": 5,
        "cc": 3,
        "z": 0.3099999999999994
    },
    "52": {
        "cost": 10.691034482544799,
        "ce": 4,
        "cc": 5,
        "z": 0.6099999999999997
    },
    "53": {
        "cost": 10.696551723923998,
        "ce": 5,
        "cc": 3,
        "z": 0.2999999999999994
    },
    "54": {
        "cost": 10.703448275648,
        "ce": 4,
        "cc": 5,
        "z": 0.5999999999999996
    },
    "55": {
        "cost": 10.708965517027199,
        "ce": 5,
        "cc": 3,
        "z": 0.28999999999999937
    },
    "56": {
        "cost": 10.7158620687512,
        "ce": 4,
        "cc": 5,
        "z": 0.5899999999999996
    },
    "57": {
        "cost": 10.721379310130398,
        "ce": 5,
        "cc": 3,
        "z": 0.27999999999999936
    },
    "58": {
        "cost": 10.7282758618544,
        "ce": 4,
        "cc": 5,
        "z": 0.5799999999999996
    },
    "59": {
        "cost": 10.7337931032336,
        "ce": 5,
        "cc": 3,
        "z": 0.26999999999999935
    },
    "60": {
        "cost": 10.740689654957599,
        "ce": 4,
        "cc": 5,
        "z": 0.5699999999999996
    },
    "61": {
        "cost": 10.7462068963368,
        "ce": 5,
        "cc": 3,
        "z": 0.25999999999999934
    },
    "62": {
        "cost": 10.753103448060799,
        "ce": 4,
        "cc": 5,
        "z": 0.5599999999999996
    },
    "63": {
        "cost": 10.758620689439999,
        "ce": 5,
        "cc": 3,
        "z": 0.24999999999999933
    },
    "64": {
        "cost": 10.765517241163998,
        "ce": 4,
        "cc": 5,
        "z": 0.5499999999999996
    },
    "65": {
        "cost": 10.7710344825432,
        "ce": 5,
        "cc": 3,
        "z": 0.23999999999999932
    },
    "66": {
        "cost": 10.7779310342672,
        "ce": 4,
        "cc": 5,
        "z": 0.5399999999999996
    },
    "67": {
        "cost": 10.7834482756464,
        "ce": 5,
        "cc": 3,