{
    "0": {
        "cost": 17.999999999999996,
        "ce": 10,
        "cc": 0,
        "z": 0
    },
    "1": {
        "cost": 24.160000000623985,
        "ce": 10,
        "cc": 2,
        "z": 0.009999999999999247
    },
    "2": {
        "cost": 24.320000000647983,
        "ce": 10,
        "cc": 2,
        "z": 0.019999999999999248
    },
    "3": {
        "cost": 24.480000000671982,
        "ce": 10,
        "cc": 2,
        "z": 0.02999999999999925
    },
    "4": {
        "cost": 24.640000000695984,
        "ce": 10,
        "cc": 2,
        "z": 0.03999999999999925
    },
    "5": {
        "cost": 24.800000000719983,
        "ce": 10,
        "cc": 2,
        "z": 0.04999999999999925
    },
    "6": {
        "cost": 24.96000000074398,
        "ce": 10,
        "cc": 2,
        "z": 0.059999999999999255
    },
    "7": {
        "cost": 27.920000001187987,
        "ce": 9,
        "cc": 3,
        "z": 0.11999999999999923
    },
    "8": {
        "cost": 28.080000001211985,
        "ce": 9,
        "cc": 3,
        "z": 0.12999999999999923
    },
    "9": {
        "cost": 28.120000001067986,
        "ce": 10,
        "cc": 3,
        "z": 0.06999999999999926
    },
    "10": {
        "cost": 28.240000001235988,
        "ce": 9,
        "cc": 3,
        "z": 0.13999999999999924
    },
    "11": {
        "cost": 28.280000001091985,
        "ce": 10,
        "cc": 3,
        "z": 0.07999999999999925
    },
    "12": {
        "cost": 28.400000001259983,
        "ce": 9,
        "cc": 3,
        "z": 0.14999999999999925
    },
    "13": {
        "cost": 28.440000001115983,
        "ce": 10,
        "cc": 3,
        "z": 0.08999999999999925
    },
    "14": {
        "cost": 28.600000001139986,
        "ce": 10,
        "cc": 3,
        "z": 0.09999999999999924
    },
    "15": {
        "cost": 28.760000001163984,
        "ce": 10,
        "cc": 3,
        "z": 0.10999999999999924
    },
    "16": {
        "cost": 31.560000001583987,
        "ce": 9,
        "cc": 4,
        "z": 0.15999999999999925
    },
    "17": {
        "cost": 31.720000001607985,
        "ce": 9,
        "cc": 4,
        "z": 0.16999999999999926
    },
    "18": {
        "cost": 31.84000000177599,
        "ce": 8,
        "cc": 4,
        "z": 0.23999999999999932
    },
    "19": {
        "cost": 31.880000001631988,
        "ce": 9,
        "cc": 4,
        "z": 0.17999999999999927
    },
    "20": {
        "cost": 32.00000000179999,
        "ce": 8,
        "cc": 4,
        "z": 0.24999999999999933
    },
    "21": {
        "cost": 32.04000000165598,
        "ce": 9,
        "cc": 4,
        "z": 0.18999999999999928
    },
    "22": {
        "cost": 32.16000000182399,
        "ce": 8,
        "cc": 4,
        "z": 0.25999999999999934
    },
    "23": {
        "cost": 32.20000000167999,
        "ce": 9,
        "cc": 4,
        "z": 0.1999999999999993
    },
    "24": {
        "cost": 32.36000000170399,
        "ce": 9,
        "cc": 4,
        "z": 0.2099999999999993
    },
    "25": {
        "cost": 32.520000001727986,
        "ce": 9,
        "cc": 4,
        "z": 0.2199999999999993
    },
    "26": {
        "cost": 32.680000001751985,
        "ce": 9,
        "cc": 4,
        "z": 0.22999999999999932
    },
    "27": {
        "cost": 35.320000002147985,
        "ce": 8,
        "cc": 5,
        "z": 0.26999999999999935
    },
    "28": {
        "cost": 35.48000000217199,
        "ce": 8,
        "cc": 5,
        "z": 0.27999999999999936
    },
    "29": {
        "cost": 35.64000000219599,
        "ce": 8,
        "cc": 5,
        "z": 0.28999999999999937
    },
    "30": {
        "cost": 35.76000000236399,
        "ce": 7,
        "cc": 5,
        "z": 0.35999999999999943
    },
    "31": {
        "cost": 35.80000000221999,
        "ce": 8,
        "cc": 5,
        "z": 0.2999999999999994
    },
    "32": {
        "cost": 35.92000000238799,
        "ce": 7,
        "cc": 5,
        "z": 0.36999999999999944
    },
    "33": {
        "cost": 35.96000000224399,
        "ce": 8,
        "cc": 5,
        "z": 0.3099999999999994
    },
    "34": {
        "cost": 36.120000002267986,
        "ce": 8,
        "cc": 5,
        "z": 0.3199999999999994
    },
    "35": {
        "cost": 36.280000002291985,
        "ce": 8,
        "cc": 5,
        "z": 0.3299999999999994
    },
    "36": {
        "cost": 36.44000000231599,
        "ce": 8,
        "cc": 5,
        "z": 0.3399999999999994
    },
    "37": {
        "cost": 36.60000000233999,
        "ce": 8,
        "cc": 5,
        "z": 0.3499999999999994
    },
    "38": {
        "cost": 39.08000000271199,
        "ce": 7,
        "cc": 6,
        "z": 0.37999999999999945
    },
    "39": {
        "cost": 39.24000000273599,
        "ce": 7,
        "cc": 6,
        "z": 0.38999999999999946
    },
    "40": {
        "cost": 39.400000002759995,
        "ce": 7,
        "cc": 6,
        "z": 0.39999999999999947
    },
    "41": {
        "cost": 39.560000002783994,
        "ce": 7,
        "cc": 6,
        "z": 0.4099999999999995
    },
    "42": {
        "cost": 39.68000000295199,
        "ce": 6,
        "cc": 6,
        "z": 0.47999999999999954
    },
    "43": {
        "cost": 39.72000000280799,
        "ce": 7,
        "cc": 6,
        "z": 0.4199999999999995
    },
    "44": {
        "cost": 39.84000000297599,
        "ce": 6,
        "cc": 6,
        "z": 0.48999999999999955
    },
    "45": {
        "cost": 39.88000000283199,
        "ce": 7,
        "cc": 6,
        "z": 0.4299999999999995
    },
    "46": {
        "cost": 40.04000000285599,
        "ce": 7,
        "cc": 6,
        "z": 0.4399999999999995
    },
    "47": {
        "cost": 40.20000000287999,
        "ce": 7,
        "cc": 6,
        "z": 0.4499999999999995
    },
    "48": {
        "cost": 40.360000002903995,
        "ce": 7,
        "cc": 6,
        "z": 0.4599999999999995
    },
    "49": {
        "cost": 40.52000000292799,
        "ce": 7,
        "cc": 6,
        "z": 0.46999999999999953
    },
    "50": {
        "cost": 43.000000003299995,
        "ce": 6,
        "cc": 7,
        "z": 0.49999999999999956
    },
    "51": {
        "cost": 43.160000003323994,
        "ce": 6,
        "cc": 7,
        "z": 0.5099999999999996
    },
    "52": {
        "cost": 43.320000003348,
        "ce": 6,
        "cc": 7,
        "z": 0.5199999999999996
    },
    "53": {
        "cost": 43.48000000337199,
        "ce": 6,
        "cc": 7,
        "z": 0.5299999999999996
    },
    "54": {
        "cost": 43.600000003539996,
        "ce": 5,
        "cc": 7,
        "z": 0.5999999999999996
    },
    "55": {
        "cost": 43.640000003396,
        "ce": 6,
        "cc": 7,
        "z": 0.5399999999999996
    },
    "56": {
        "cost": 43.760000003563995,
        "ce": 5,
        "cc": 7,
        "z": 0.6099999999999997
    },
    "57": {
        "cost": 43.800000003419996,
        "ce": 6,
        "cc": 7,
        "z": 0.5499999999999996
    },
    "58": {
        "cost": 43.960000003443994,
        "ce": 6,
        "cc": 7,
        "z": 0.5599999999999996
    },
    "59": {
        "cost": 44.12000000346799,
        "ce": 6,
        "cc": 7,
        "z": 0.5699999999999996
    },
    "60": {
        "cost": 44.28000000349199,
        "ce": 6,
        "cc": 7,
        "z": 0.5799999999999996
    },
    "61": {
        "cost": 44.44000000351599,
        "ce": 6,
        "cc": 7,
        "z": 0.5899999999999996
    },
    "62": {
        "cost": 46.92000000388799,
        "ce": 5,
        "cc": 8,
        "z": 0.6199999999999997
    },
    "63": {
        "cost": 47.08000000391199,
        "ce": 5,
        "cc": 8,
        "z": 0.6299999999999997
    },
    "64": {
        "cost": 47.240000003936,
        "ce": 5,
        "cc": 8,
        "z": 0.6399999999999997
    },
    "65": {
        "cost": 47.400000003959995,
        "ce": 5,
        "cc": 8,
        "z": 0.6499999999999997
    },