{
    "0": {
        "cost": 11.6666666655,
        "ce": 0,
        "cc": 19,
        "z": 1.0
    },
    "1": {
        "cost": 13.546666665312,
        "ce": 2,
        "cc": 18,
        "z": 0.98
    },
    "2": {
        "cost": 13.653333331968,
        "ce": 2,
        "cc": 18,
        "z": 0.97
    },
    "3": {
        "cost": 13.773333331956,
        "ce": 2,
        "cc": 19,
        "z": 0.99
    },
    "4": {
        "cost": 14.759999998524,
        "ce": 3,
        "cc": 18,
        "z": 0.96
    },
    "5": {
        "cost": 14.86666666518,
        "ce": 3,
        "cc": 18,
        "z": 0.95
    },
    "6": {
        "cost": 14.973333331836,
        "ce": 3,
        "cc": 18,
        "z": 0.94
    },
    "7": {
        "cost": 15.079999998492001,
        "ce": 3,
        "cc": 18,
        "z": 0.9299999999999999
    },
    "8": {
        "cost": 15.186666665148,
        "ce": 3,
        "cc": 18,
        "z": 0.9199999999999999
    },
    "9": {
        "cost": 15.959999998404,
        "ce": 4,
        "cc": 17,
        "z": 0.9099999999999999
    },
    "10": {
        "cost": 16.066666665059998,
        "ce": 4,
        "cc": 17,
        "z": 0.8999999999999999
    },
    "11": {
        "cost": 16.173333331716,
        "ce": 4,
        "cc": 17,
        "z": 0.8899999999999999
    },
    "12": {
        "cost": 16.279999998372002,
        "ce": 4,
        "cc": 17,
        "z": 0.8799999999999999
    },
    "13": {
        "cost": 16.386666665028,
        "ce": 4,
        "cc": 17,
        "z": 0.8699999999999999
    },
    "14": {
        "cost": 17.26666666494,
        "ce": 5,
        "cc": 16,
        "z": 0.8499999999999999
    },
    "15": {
        "cost": 17.373333331596,
        "ce": 5,
        "cc": 16,
        "z": 0.8399999999999999
    },
    "16": {
        "cost": 17.479999998252,
        "ce": 5,
        "cc": 16,
        "z": 0.8299999999999998
    },
    "17": {
        "cost": 17.493333331584,
        "ce": 5,
        "cc": 17,
        "z": 0.8599999999999999
    },
    "18": {
        "cost": 17.586666664908,
        "ce": 5,
        "cc": 16,
        "z": 0.8199999999999998
    },
    "19": {
        "cost": 17.693333331564002,
        "ce": 5,
        "cc": 16,
        "z": 0.8099999999999998
    },
    "20": {
        "cost": 18.573333331476,
        "ce": 6,
        "cc": 15,
        "z": 0.7899999999999998
    },
    "21": {
        "cost": 18.679999998132,
        "ce": 6,
        "cc": 15,
        "z": 0.7799999999999998
    },
    "22": {
        "cost": 18.786666664788,
        "ce": 6,
        "cc": 15,
        "z": 0.7699999999999998
    },
    "23": {
        "cost": 18.79999999812,
        "ce": 6,
        "cc": 16,
        "z": 0.7999999999999998
    },
    "24": {
        "cost": 18.893333331444,
        "ce": 6,
        "cc": 15,
        "z": 0.7599999999999998
    },
    "25": {
        "cost": 18.9999999981,
        "ce": 6,
        "cc": 15,
        "z": 0.7499999999999998
    },
    "26": {
        "cost": 19.879999998012003,
        "ce": 7,
        "cc": 14,
        "z": 0.7299999999999998
    },
    "27": {
        "cost": 19.986666664668,
        "ce": 7,
        "cc": 14,
        "z": 0.7199999999999998
    },
    "28": {
        "cost": 20.093333331324004,
        "ce": 7,
        "cc": 14,
        "z": 0.7099999999999997
    },
    "29": {
        "cost": 20.106666664656,
        "ce": 7,
        "cc": 15,
        "z": 0.7399999999999998
    },
    "30": {
        "cost": 20.19999999798,
        "ce": 7,
        "cc": 14,
        "z": 0.6999999999999997
    },
    "31": {
        "cost": 20.306666664636,
        "ce": 7,
        "cc": 14,
        "z": 0.6899999999999997
    },
    "32": {
        "cost": 21.186666664548003,
        "ce": 8,
        "cc": 13,
        "z": 0.6699999999999997
    },
    "33": {
        "cost": 21.293333331204,
        "ce": 8,
        "cc": 13,
        "z": 0.6599999999999997
    },
    "34": {
        "cost": 21.399999997860004,
        "ce": 8,
        "cc": 13,
        "z": 0.6499999999999997
    },
    "35": {
        "cost": 21.413333331192,
        "ce": 8,
        "cc": 14,
        "z": 0.6799999999999997
    },
    "36": {
        "cost": 21.506666664516004,
        "ce": 8,
        "cc": 13,
        "z": 0.6399999999999997
    },
    "37": {
        "cost": 21.613333331172004,
        "ce": 8,
        "cc": 13,
        "z": 0.6299999999999997
    },
    "38": {
        "cost": 22.493333331084003,
        "ce": 9,
        "cc": 12,
        "z": 0.6099999999999997
    },
    "39": {
        "cost": 22.599999997740003,
        "ce": 9,
        "cc": 12,
        "z": 0.5999999999999996
    },
    "40": {
        "cost": 22.706666664396003,
        "ce": 9,
        "cc": 12,
        "z": 0.5899999999999996
    },
    "41": {
        "cost": 22.719999997728003,
        "ce": 9,
        "cc": 13,
        "z": 0.6199999999999997
    },
    "42": {
        "cost": 22.813333331052004,
        "ce": 9,
        "cc": 12,
        "z": 0.5799999999999996
    },
    "43": {
        "cost": 22.919999997708004,
        "ce": 9,
        "cc": 12,
        "z": 0.5699999999999996
    },
    "44": {
        "cost": 23.906666664276003,
        "ce": 10,
        "cc": 11,
        "z": 0.5399999999999996
    },
    "45": {
        "cost": 24.013333330932003,
        "ce": 10,
        "cc": 11,
        "z": 0.5299999999999996
    },
    "46": {
        "cost": 24.026666664264003,
        "ce": 10,
        "cc": 12,
        "z": 0.5599999999999996
    },
    "47": {
        "cost": 24.119999997588003,
        "ce": 10,
        "cc": 11,
        "z": 0.5199999999999996
    },
    "48": {
        "cost": 24.133333330920003,
        "ce": 10,
        "cc": 12,
        "z": 0.5499999999999996
    },
    "49": {
        "cost": 24.226666664244,
        "ce": 10,
        "cc": 11,
        "z": 0.5099999999999996
    },
    "50": {
        "cost": 25.10666666415601,
        "ce": 11,
        "cc": 10,
        "z": 0.48999999999999955
    },
    "51": {
        "cost": 25.213333330812006,
        "ce": 11,
        "cc": 10,
        "z": 0.47999999999999954
    },
    "52": {
        "cost": 25.319999997468003,
        "ce": 11,
        "cc": 10,
        "z": 0.46999999999999953
    },
    "53": {
        "cost": 25.333333330800002,
        "ce": 11,
        "cc": 11,
        "z": 0.49999999999999956
    },
    "54": {
        "cost": 25.426666664124006,
        "ce": 11,
        "cc": 10,
        "z": 0.4599999999999995
    },
    "55": {
        "cost": 25.533333330780007,
        "ce": 11,
        "cc": 10,
        "z": 0.4499999999999995
    },
    "56": {
        "cost": 25.639999997436004,
        "ce": 11,
        "cc": 10,
        "z": 0.4399999999999995
    },
    "57": {
        "cost": 26.519999997348002,
        "ce": 12,
        "cc": 9,
        "z": 0.4199999999999995
    },
    "58": {
        "cost": 26.626666664004006,
        "ce": 12,
        "cc": 9,
        "z": 0.4099999999999995
    },
    "59": {
        "cost": 26.733333330660006,
        "ce": 12,
        "cc": 9,
        "z": 0.39999999999999947
    },
    "60": {
        "cost": 26.746666663992006,
        "ce": 12,
        "cc": 10,
        "z": 0.4299999999999995
    },
    "61": {
        "cost": 26.839999997316006,
        "ce": 12,
        "cc": 9,
        "z": 0.38999999999999946
    },
    "62": {
        "cost": 27.826666663884,
        "ce": 13,
        "cc": 8,
        "z": 0.35999999999999943
    },
    "63": {
        "cost": 27.933333330540005,
        "ce": 13,
        "cc": 8,
        "z": 0.3499999999999994
    },
    "64": {
        "cost": 27.946666663872005,
        "ce": 13,
        "cc": 9,
        "z": 0.37999999999999945
    },
    "65": {
        "cost": 28.039999997196006,
        "ce": 13,
        "cc": 8,
        "z": 0.3399999999999994
    },
    "66": {
        "cost": 28.053333330528005,
        "ce": 13,
        "cc": 9,
        "z": 0.36999999999999944
    },