{
    "0": {
        "cost": 57.893333327544,
        "ce": 17,
        "cc": 40,
        "z": 0.72
    },
    "1": {
        "cost": 59.246666660742,
        "ce": 18,
        "cc": 40,
        "z": 0.71
    },
    "2": {
        "cost": 59.599999994040004,
        "ce": 18,
        "cc": 40,
        "z": 0.7
    },
    "3": {
        "cost": 60.619999993938,
        "ce": 19,
        "cc": 39,
        "z": 0.69
    },
    "4": {
        "cost": 60.63999999393601,
        "ce": 19,
        "cc": 38,
        "z": 0.6799999999999999
    },
    "5": {
        "cost": 61.993333327133996,
        "ce": 20,
        "cc": 38,
        "z": 0.6699999999999999
    },
    "6": {
        "cost": 62.013333327131996,
        "ce": 20,
        "cc": 37,
        "z": 0.6599999999999999
    }
}