{
    "0": {
        "cost": 10.333333332299999,
        "ce": 0,
        "cc": 17,
        "z": 1.0
    },
    "1": {
        "cost": 12.279999998771999,
        "ce": 2,
        "cc": 16,
        "z": 0.97
    },
    "2": {
        "cost": 12.373333332096,
        "ce": 2,
        "cc": 16,
        "z": 0.96
    },
    "3": {
        "cost": 12.426666665423998,
        "ce": 2,
        "cc": 17,
        "z": 0.99
    },
    "4": {
        "cost": 12.519999998747998,
        "ce": 2,
        "cc": 17,
        "z": 0.98
    },
    "5": {
        "cost": 13.46666666532,
        "ce": 3,
        "cc": 16,
        "z": 0.95
    },
    "6": {
        "cost": 13.559999998644,
        "ce": 3,
        "cc": 16,
        "z": 0.94
    },
    "7": {
        "cost": 13.59999999864,
        "ce": 3,
        "cc": 15,
        "z": 0.8999999999999999
    },
    "8": {
        "cost": 13.653333331968,
        "ce": 3,
        "cc": 16,
        "z": 0.9299999999999999
    },
    "9": {
        "cost": 13.746666665292,
        "ce": 3,
        "cc": 16,
        "z": 0.9199999999999999
    },
    "10": {
        "cost": 13.839999998616001,
        "ce": 3,
        "cc": 16,
        "z": 0.9099999999999999
    },
    "11": {
        "cost": 14.693333331864,
        "ce": 4,
        "cc": 15,
        "z": 0.8899999999999999
    },
    "12": {
        "cost": 14.786666665188,
        "ce": 4,
        "cc": 15,
        "z": 0.8799999999999999
    },
    "13": {
        "cost": 14.879999998512002,
        "ce": 4,
        "cc": 15,
        "z": 0.8699999999999999
    },
    "14": {
        "cost": 14.973333331835999,
        "ce": 4,
        "cc": 15,
        "z": 0.8599999999999999
    },
    "15": {
        "cost": 15.066666665160001,
        "ce": 4,
        "cc": 15,
        "z": 0.8499999999999999
    },
    "16": {
        "cost": 15.159999998484,
        "ce": 4,
        "cc": 15,
        "z": 0.8399999999999999
    },
    "17": {
        "cost": 15.919999998408,
        "ce": 5,
        "cc": 14,
        "z": 0.8299999999999998
    },
    "18": {
        "cost": 16.013333331732,
        "ce": 5,
        "cc": 14,
        "z": 0.8199999999999998
    },
    "19": {
        "cost": 16.106666665056,
        "ce": 5,
        "cc": 14,
        "z": 0.8099999999999998
    },
    "20": {
        "cost": 16.19999999838,
        "ce": 5,
        "cc": 14,
        "z": 0.7999999999999998
    },
    "21": {
        "cost": 16.293333331704,
        "ce": 5,
        "cc": 14,
        "z": 0.7899999999999998
    },
    "22": {
        "cost": 16.386666665028002,
        "ce": 5,
        "cc": 14,
        "z": 0.7799999999999998
    },
    "23": {
        "cost": 16.479999998352,
        "ce": 5,
        "cc": 14,
        "z": 0.7699999999999998
    },
    "24": {
        "cost": 17.239999998276,
        "ce": 6,
        "cc": 13,
        "z": 0.7599999999999998
    },
    "25": {
        "cost": 17.333333331600002,
        "ce": 6,
        "cc": 13,
        "z": 0.7499999999999998
    },
    "26": {
        "cost": 17.426666664924003,
        "ce": 6,
        "cc": 13,
        "z": 0.7399999999999998
    },
    "27": {
        "cost": 17.519999998248004,
        "ce": 6,
        "cc": 13,
        "z": 0.7299999999999998
    },
    "28": {
        "cost": 17.613333331572,
        "ce": 6,
        "cc": 13,
        "z": 0.7199999999999998
    },
    "29": {
        "cost": 17.706666664896,
        "ce": 6,
        "cc": 13,
        "z": 0.7099999999999997
    },
    "30": {
        "cost": 18.559999998144,
        "ce": 7,
        "cc": 12,
        "z": 0.6899999999999997
    },
    "31": {
        "cost": 18.653333331468005,
        "ce": 7,
        "cc": 12,
        "z": 0.6799999999999997
    },
    "32": {
        "cost": 18.746666664792002,
        "ce": 7,
        "cc": 12,
        "z": 0.6699999999999997
    },
    "33": {
        "cost": 18.79999999812,
        "ce": 7,
        "cc": 13,
        "z": 0.6999999999999997
    },
    "34": {
        "cost": 18.839999998116003,
        "ce": 7,
        "cc": 12,
        "z": 0.6599999999999997
    },
    "35": {
        "cost": 18.93333333144,
        "ce": 7,
        "cc": 12,
        "z": 0.6499999999999997
    },
    "36": {
        "cost": 19.026666664764004,
        "ce": 7,
        "cc": 12,
        "z": 0.6399999999999997
    },
    "37": {
        "cost": 19.879999998012003,
        "ce": 8,
        "cc": 11,
        "z": 0.6199999999999997
    },
    "38": {
        "cost": 19.973333331336004,
        "ce": 8,
        "cc": 11,
        "z": 0.6099999999999997
    },
    "39": {
        "cost": 20.06666666466,
        "ce": 8,
        "cc": 11,
        "z": 0.5999999999999996
    },
    "40": {
        "cost": 20.119999997988003,
        "ce": 8,
        "cc": 12,
        "z": 0.6299999999999997
    },
    "41": {
        "cost": 20.159999997984002,
        "ce": 8,
        "cc": 11,
        "z": 0.5899999999999996
    },
    "42": {
        "cost": 20.253333331308,
        "ce": 8,
        "cc": 11,
        "z": 0.5799999999999996
    },
    "43": {
        "cost": 20.346666664632004,
        "ce": 8,
        "cc": 11,
        "z": 0.5699999999999996
    },
    "44": {
        "cost": 21.106666664556005,
        "ce": 9,
        "cc": 10,
        "z": 0.5599999999999996
    },
    "45": {
        "cost": 21.199999997880003,
        "ce": 9,
        "cc": 10,
        "z": 0.5499999999999996
    },
    "46": {
        "cost": 21.293333331204003,
        "ce": 9,
        "cc": 10,
        "z": 0.5399999999999996
    },
    "47": {
        "cost": 21.386666664528,
        "ce": 9,
        "cc": 10,
        "z": 0.5299999999999996
    },
    "48": {
        "cost": 21.479999997852005,
        "ce": 9,
        "cc": 10,
        "z": 0.5199999999999996
    },
    "49": {
        "cost": 21.573333331176006,
        "ce": 9,
        "cc": 10,
        "z": 0.5099999999999996
    },
    "50": {
        "cost": 21.666666664500003,
        "ce": 9,
        "cc": 10,
        "z": 0.49999999999999956
    },
    "51": {
        "cost": 22.519999997748002,
        "ce": 10,
        "cc": 9,
        "z": 0.47999999999999954
    },
    "52": {
        "cost": 22.613333331072006,
        "ce": 10,
        "cc": 9,
        "z": 0.46999999999999953
    },
    "53": {
        "cost": 22.706666664396003,
        "ce": 10,
        "cc": 9,
        "z": 0.4599999999999995
    },
    "54": {
        "cost": 22.759999997724005,
        "ce": 10,
        "cc": 10,
        "z": 0.48999999999999955
    },
    "55": {
        "cost": 22.799999997720004,
        "ce": 10,
        "cc": 9,
        "z": 0.4499999999999995
    },
    "56": {
        "cost": 22.893333331044005,
        "ce": 10,
        "cc": 9,
        "z": 0.4399999999999995
    },
    "57": {
        "cost": 22.986666664368002,
        "ce": 10,
        "cc": 9,
        "z": 0.4299999999999995
    },
    "58": {
        "cost": 23.746666664292004,
        "ce": 11,
        "cc": 8,
        "z": 0.4199999999999995
    },
    "59": {
        "cost": 23.839999997616005,
        "ce": 11,
        "cc": 8,
        "z": 0.4099999999999995
    },
    "60": {
        "cost": 23.933333330940005,
        "ce": 11,
        "cc": 8,
        "z": 0.39999999999999947
    },
    "61": {
        "cost": 24.026666664264003,
        "ce": 11,
        "cc": 8,
        "z": 0.38999999999999946
    },
    "62": {
        "cost": 24.119999997588003,
        "ce": 11,
        "cc": 8,
        "z": 0.37999999999999945
    },
    "63": {
        "cost": 24.213333330912004,
        "ce": 11,
        "cc": 8,
        "z": 0.36999999999999944
    },
    "64": {
        "cost": 24.306666664236005,
        "ce": 11,
        "cc": 8,
        "z": 0.35999999999999943
    },
    "65": {
        "cost": 25.066666664160007,
        "ce": 12,
        "cc": 7,
        "z": 0.3499999999999994
    },
    "66": {
        "cost": 25.159999997484007,
        "ce": 12,
        "cc": 7,
        "z": 0.3399999999999994
    },