{
    "0": {
        "cost": 269.80000002322,
        "ce": 20,
        "cc": 40,
        "z": 0.6799999999999999
    },
    "1": {
        "cost": 270.900000023385,
        "ce": 20,
        "cc": 40,
        "z": 0.69
    }
}