{
    "0": {
        "cost": 33.7931034476,
        "ce": 0,
        "cc": 26,
        "z": 1.0
    },
    "1": {
        "cost": 35.2462068958468,
        "ce": 2,
        "cc": 25,
        "z": 0.98
    },
    "2": {
        "cost": 35.864482757903396,
        "ce": 2,
        "cc": 26,
        "z": 0.99
    },
    "3": {
        "cost": 36.31758620617019,
        "ce": 3,
        "cc": 25,
        "z": 0.97
    },
    "4": {
        "cost": 36.3889655165136,
        "ce": 3,
        "cc": 25,
        "z": 0.96
    },
    "5": {
        "cost": 36.460344826856996,
        "ce": 3,
        "cc": 25,
        "z": 0.95
    },
    "6": {
        "cost": 36.842068964780395,
        "ce": 4,
        "cc": 24,
        "z": 0.94
    },
    "7": {
        "cost": 36.9134482751238,
        "ce": 4,
        "cc": 24,
        "z": 0.9299999999999999
    },
    "8": {
        "cost": 36.984827585467194,
        "ce": 4,
        "cc": 24,
        "z": 0.9199999999999999
    },
    "9": {
        "cost": 37.0562068958106,
        "ce": 4,
        "cc": 24,
        "z": 0.9099999999999999
    },
    "10": {
        "cost": 37.5093103440774,
        "ce": 5,
        "cc": 23,
        "z": 0.8899999999999999
    },
    "11": {
        "cost": 37.580689654420794,
        "ce": 5,
        "cc": 23,
        "z": 0.8799999999999999
    },
    "12": {
        "cost": 37.6520689647642,
        "ce": 5,
        "cc": 23,
        "z": 0.8699999999999999
    },
    "13": {
        "cost": 38.105172413031,
        "ce": 6,
        "cc": 22,
        "z": 0.8499999999999999
    },
    "14": {
        "cost": 38.127586206134,
        "ce": 5,
        "cc": 24,
        "z": 0.8999999999999999
    },
    "15": {
        "cost": 38.176551723374395,
        "ce": 6,
        "cc": 22,
        "z": 0.8399999999999999
    },
    "16": {
        "cost": 38.2479310337178,
        "ce": 6,
        "cc": 22,
        "z": 0.8299999999999998
    },
    "17": {
        "cost": 38.7234482750876,
        "ce": 6,
        "cc": 23,
        "z": 0.8599999999999999
    },
    "18": {
        "cost": 38.772413792327995,
        "ce": 7,
        "cc": 21,
        "z": 0.7999999999999998
    },
    "19": {
        "cost": 38.8437931026714,
        "ce": 7,
        "cc": 21,
        "z": 0.7899999999999998
    },
    "20": {
        "cost": 38.915172413014794,
        "ce": 7,
        "cc": 21,
        "z": 0.7799999999999998
    },
    "21": {
        "cost": 39.3193103440412,
        "ce": 7,
        "cc": 22,
        "z": 0.8199999999999998
    },
    "22": {
        "cost": 39.3682758612816,
        "ce": 8,
        "cc": 20,
        "z": 0.7599999999999998
    },
    "23": {
        "cost": 39.3906896543846,
        "ce": 7,
        "cc": 22,
        "z": 0.8099999999999998
    },
    "24": {
        "cost": 39.439655171625006,
        "ce": 8,
        "cc": 20,
        "z": 0.7499999999999998
    },
    "25": {
        "cost": 39.5110344819684,
        "ce": 8,
        "cc": 20,
        "z": 0.7399999999999998
    },
    "26": {
        "cost": 39.9641379302352,
        "ce": 9,
        "cc": 19,
        "z": 0.7199999999999998
    },
    "27": {
        "cost": 39.9865517233382,
        "ce": 8,
        "cc": 21,
        "z": 0.7699999999999998
    },
    "28": {
        "cost": 40.0355172405786,
        "ce": 9,
        "cc": 19,
        "z": 0.7099999999999997
    },
    "29": {
        "cost": 40.106896550922,
        "ce": 9,
        "cc": 19,
        "z": 0.6999999999999997
    },
    "30": {
        "cost": 40.5599999991888,
        "ce": 10,
        "cc": 18,
        "z": 0.6799999999999997
    },
    "31": {
        "cost": 40.5824137922918,
        "ce": 9,
        "cc": 20,
        "z": 0.7299999999999998
    },
    "32": {
        "cost": 40.6313793095322,
        "ce": 10,
        "cc": 18,
        "z": 0.6699999999999997
    },
    "33": {
        "cost": 40.702758619875596,
        "ce": 10,
        "cc": 18,
        "z": 0.6599999999999997
    },
    "34": {
        "cost": 41.178275861245396,
        "ce": 10,
        "cc": 19,
        "z": 0.6899999999999997
    },
    "35": {
        "cost": 41.2272413784858,
        "ce": 11,
        "cc": 17,
        "z": 0.6299999999999997
    },
    "36": {
        "cost": 41.2986206888292,
        "ce": 11,
        "cc": 17,
        "z": 0.6199999999999997
    },
    "37": {
        "cost": 41.774137930199,
        "ce": 11,
        "cc": 18,
        "z": 0.6499999999999997
    },
    "38": {
        "cost": 41.823103447439394,
        "ce": 12,
        "cc": 16,
        "z": 0.5899999999999996
    },
    "39": {
        "cost": 41.8455172405424,
        "ce": 11,
        "cc": 18,
        "z": 0.6399999999999997
    },
    "40": {
        "cost": 41.8944827577828,
        "ce": 12,
        "cc": 16,
        "z": 0.5799999999999996
    },
    "41": {
        "cost": 41.9658620681262,
        "ce": 12,
        "cc": 16,
        "z": 0.5699999999999996
    },
    "42": {
        "cost": 42.3699999991526,
        "ce": 12,
        "cc": 17,
        "z": 0.6099999999999997
    },
    "43": {
        "cost": 42.418965516393,
        "ce": 13,
        "cc": 15,
        "z": 0.5499999999999996
    },
    "44": {
        "cost": 42.441379309496,
        "ce": 12,
        "cc": 17,
        "z": 0.5999999999999996
    },
    "45": {
        "cost": 42.4903448267364,
        "ce": 13,
        "cc": 15,
        "z": 0.5399999999999996
    },
    "46": {
        "cost": 42.56172413707981,
        "ce": 13,
        "cc": 15,
        "z": 0.5299999999999996
    },
    "47": {
        "cost": 43.0372413784496,
        "ce": 13,
        "cc": 16,
        "z": 0.5599999999999996
    },
    "48": {
        "cost": 43.08620689569,
        "ce": 14,
        "cc": 14,
        "z": 0.49999999999999956
    },
    "49": {
        "cost": 43.1575862060334,
        "ce": 14,
        "cc": 14,
        "z": 0.48999999999999955
    },
    "50": {
        "cost": 43.228965516376796,
        "ce": 14,
        "cc": 14,
        "z": 0.47999999999999954
    },
    "51": {
        "cost": 43.6331034474032,
        "ce": 14,
        "cc": 15,
        "z": 0.5199999999999996
    },
    "52": {
        "cost": 43.6820689646436,
        "ce": 15,
        "cc": 13,
        "z": 0.4599999999999995
    },
    "53": {
        "cost": 43.704482757746604,
        "ce": 14,
        "cc": 15,
        "z": 0.5099999999999996
    },
    "54": {
        "cost": 43.753448274987,
        "ce": 15,
        "cc": 13,
        "z": 0.4499999999999995
    },
    "55": {
        "cost": 43.8248275853304,
        "ce": 15,
        "cc": 13,
        "z": 0.4399999999999995
    },
    "56": {
        "cost": 44.2779310335972,
        "ce": 16,
        "cc": 12,
        "z": 0.4199999999999995
    },
    "57": {
        "cost": 44.300344826700204,
        "ce": 15,
        "cc": 14,
        "z": 0.46999999999999953
    },
    "58": {
        "cost": 44.3493103439406,
        "ce": 16,
        "cc": 12,
        "z": 0.4099999999999995
    },
    "59": {
        "cost": 44.420689654284004,
        "ce": 16,
        "cc": 12,
        "z": 0.39999999999999947
    },
    "60": {
        "cost": 44.873793102550806,
        "ce": 17,
        "cc": 11,
        "z": 0.37999999999999945
    },
    "61": {
        "cost": 44.896206895653805,
        "ce": 16,
        "cc": 13,
        "z": 0.4299999999999995
    },
    "62": {
        "cost": 44.9451724128942,
        "ce": 17,
        "cc": 11,
        "z": 0.36999999999999944
    },
    "63": {
        "cost": 45.016551723237605,
        "ce": 17,
        "cc": 11,
        "z": 0.35999999999999943
    },
    "64": {
        "cost": 45.4696551715044,
        "ce": 18,
        "cc": 10,
        "z": 0.3399999999999994
    },
    "65": {
        "cost": 45.4920689646074,
        "ce": 17,
        "cc": 12,
        "z": 0.38999999999999946
    },
    "66": {
        "cost": 45.541034481847795,
        "ce": 18,
        "cc": 10,