{
    "0": {
        "cost": 85.7434482741472,
        "ce": 17,
        "cc": 40,
        "z": 0.72
    },
    "1": {
        "cost": 86.9079310327446,
        "ce": 18,
        "cc": 40,
        "z": 0.71
    },
    "2": {
        "cost": 87.0220689637768,
        "ce": 19,
        "cc": 38,
        "z": 0.6799999999999999
    },
    "3": {
        "cost": 87.072413791362,
        "ce": 18,
        "cc": 40,
        "z": 0.7
    },
    "4": {
        "cost": 87.5472413775594,
        "ce": 19,
        "cc": 39,
        "z": 0.69
    },
    "5": {
        "cost": 87.66137930859159,
        "ce": 20,
        "cc": 37,
        "z": 0.6599999999999999
    },
    "6": {
        "cost": 88.18655172237419,
        "ce": 20,
        "cc": 38,
        "z": 0.6699999999999999
    }
}