{
    "0": {
        "cost": 10.9999999989,
        "ce": 0,
        "cc": 18,
        "z": 1.0
    },
    "1": {
        "cost": 12.86666666538,
        "ce": 2,
        "cc": 17,
        "z": 0.98
    },
    "2": {
        "cost": 12.96666666537,
        "ce": 2,
        "cc": 17,
        "z": 0.97
    },
    "3": {
        "cost": 13.06666666536,
        "ce": 2,
        "cc": 17,
        "z": 0.96
    },
    "4": {
        "cost": 13.09999999869,
        "ce": 2,
        "cc": 18,
        "z": 0.99
    },
    "5": {
        "cost": 14.166666665249998,
        "ce": 3,
        "cc": 17,
        "z": 0.95
    },
    "6": {
        "cost": 14.233333331910002,
        "ce": 3,
        "cc": 16,
        "z": 0.9099999999999999
    },
    "7": {
        "cost": 14.26666666524,
        "ce": 3,
        "cc": 17,
        "z": 0.94
    },
    "8": {
        "cost": 14.366666665230001,
        "ce": 3,
        "cc": 17,
        "z": 0.9299999999999999
    },
    "9": {
        "cost": 14.46666666522,
        "ce": 3,
        "cc": 17,
        "z": 0.9199999999999999
    },
    "10": {
        "cost": 15.333333331799999,
        "ce": 4,
        "cc": 16,
        "z": 0.8999999999999999
    },
    "11": {
        "cost": 15.43333333179,
        "ce": 4,
        "cc": 16,
        "z": 0.8899999999999999
    },
    "12": {
        "cost": 15.53333333178,
        "ce": 4,
        "cc": 16,
        "z": 0.8799999999999999
    },
    "13": {
        "cost": 15.63333333177,
        "ce": 4,
        "cc": 16,
        "z": 0.8699999999999999
    },
    "14": {
        "cost": 15.73333333176,
        "ce": 4,
        "cc": 16,
        "z": 0.8599999999999999
    },
    "15": {
        "cost": 15.833333331750001,
        "ce": 4,
        "cc": 16,
        "z": 0.8499999999999999
    },
    "16": {
        "cost": 16.599999998340003,
        "ce": 5,
        "cc": 15,
        "z": 0.8399999999999999
    },
    "17": {
        "cost": 16.69999999833,
        "ce": 5,
        "cc": 15,
        "z": 0.8299999999999998
    },
    "18": {
        "cost": 16.799999998320004,
        "ce": 5,
        "cc": 15,
        "z": 0.8199999999999998
    },
    "19": {
        "cost": 16.89999999831,
        "ce": 5,
        "cc": 15,
        "z": 0.8099999999999998
    },
    "20": {
        "cost": 16.9999999983,
        "ce": 5,
        "cc": 15,
        "z": 0.7999999999999998
    },
    "21": {
        "cost": 17.099999998290002,
        "ce": 5,
        "cc": 15,
        "z": 0.7899999999999998
    },
    "22": {
        "cost": 17.966666664870004,
        "ce": 6,
        "cc": 14,
        "z": 0.7699999999999998
    },
    "23": {
        "cost": 18.06666666486,
        "ce": 6,
        "cc": 14,
        "z": 0.7599999999999998
    },
    "24": {
        "cost": 18.166666664850002,
        "ce": 6,
        "cc": 14,
        "z": 0.7499999999999998
    },
    "25": {
        "cost": 18.19999999818,
        "ce": 6,
        "cc": 15,
        "z": 0.7799999999999998
    },
    "26": {
        "cost": 18.266666664840002,
        "ce": 6,
        "cc": 14,
        "z": 0.7399999999999998
    },
    "27": {
        "cost": 18.366666664830003,
        "ce": 6,
        "cc": 14,
        "z": 0.7299999999999998
    },
    "28": {
        "cost": 19.23333333141,
        "ce": 7,
        "cc": 13,
        "z": 0.7099999999999997
    },
    "29": {
        "cost": 19.333333331400002,
        "ce": 7,
        "cc": 13,
        "z": 0.6999999999999997
    },
    "30": {
        "cost": 19.433333331390003,
        "ce": 7,
        "cc": 13,
        "z": 0.6899999999999997
    },
    "31": {
        "cost": 19.46666666472,
        "ce": 7,
        "cc": 14,
        "z": 0.7199999999999998
    },
    "32": {
        "cost": 19.53333333138,
        "ce": 7,
        "cc": 13,
        "z": 0.6799999999999997
    },
    "33": {
        "cost": 19.63333333137,
        "ce": 7,
        "cc": 13,
        "z": 0.6699999999999997
    },
    "34": {
        "cost": 19.733333331360004,
        "ce": 7,
        "cc": 13,
        "z": 0.6599999999999997
    },
    "35": {
        "cost": 20.499999997950002,
        "ce": 8,
        "cc": 12,
        "z": 0.6499999999999997
    },
    "36": {
        "cost": 20.599999997940007,
        "ce": 8,
        "cc": 12,
        "z": 0.6399999999999997
    },
    "37": {
        "cost": 20.699999997930004,
        "ce": 8,
        "cc": 12,
        "z": 0.6299999999999997
    },
    "38": {
        "cost": 20.799999997920004,
        "ce": 8,
        "cc": 12,
        "z": 0.6199999999999997
    },
    "39": {
        "cost": 20.89999999791,
        "ce": 8,
        "cc": 12,
        "z": 0.6099999999999997
    },
    "40": {
        "cost": 20.999999997900005,
        "ce": 8,
        "cc": 12,
        "z": 0.5999999999999996
    },
    "41": {
        "cost": 21.866666664480004,
        "ce": 9,
        "cc": 11,
        "z": 0.5799999999999996
    },
    "42": {
        "cost": 21.966666664470004,
        "ce": 9,
        "cc": 11,
        "z": 0.5699999999999996
    },
    "43": {
        "cost": 22.066666664460005,
        "ce": 9,
        "cc": 11,
        "z": 0.5599999999999996
    },
    "44": {
        "cost": 22.099999997790007,
        "ce": 9,
        "cc": 12,
        "z": 0.5899999999999996
    },
    "45": {
        "cost": 22.166666664450005,
        "ce": 9,
        "cc": 11,
        "z": 0.5499999999999996
    },
    "46": {
        "cost": 22.266666664440002,
        "ce": 9,
        "cc": 11,
        "z": 0.5399999999999996
    },
    "47": {
        "cost": 22.366666664430003,
        "ce": 9,
        "cc": 11,
        "z": 0.5299999999999996
    },
    "48": {
        "cost": 23.133333331020005,
        "ce": 10,
        "cc": 10,
        "z": 0.5199999999999996
    },
    "49": {
        "cost": 23.23333333101,
        "ce": 10,
        "cc": 10,
        "z": 0.5099999999999996
    },
    "50": {
        "cost": 23.333333331000006,
        "ce": 10,
        "cc": 10,
        "z": 0.49999999999999956
    },
    "51": {
        "cost": 23.433333330990003,
        "ce": 10,
        "cc": 10,
        "z": 0.48999999999999955
    },
    "52": {
        "cost": 23.533333330980007,
        "ce": 10,
        "cc": 10,
        "z": 0.47999999999999954
    },
    "53": {
        "cost": 23.633333330970004,
        "ce": 10,
        "cc": 10,
        "z": 0.46999999999999953
    },
    "54": {
        "cost": 24.499999997550006,
        "ce": 11,
        "cc": 9,
        "z": 0.4499999999999995
    },
    "55": {
        "cost": 24.599999997540007,
        "ce": 11,
        "cc": 9,
        "z": 0.4399999999999995
    },
    "56": {
        "cost": 24.699999997530007,
        "ce": 11,
        "cc": 9,
        "z": 0.4299999999999995
    },
    "57": {
        "cost": 24.733333330860006,
        "ce": 11,
        "cc": 10,
        "z": 0.4599999999999995
    },
    "58": {
        "cost": 24.799999997520008,
        "ce": 11,
        "cc": 9,
        "z": 0.4199999999999995
    },
    "59": {
        "cost": 24.899999997510008,
        "ce": 11,
        "cc": 9,
        "z": 0.4099999999999995
    },
    "60": {
        "cost": 24.999999997500005,
        "ce": 11,
        "cc": 9,
        "z": 0.39999999999999947
    },
    "61": {
        "cost": 25.766666664090007,
        "ce": 12,
        "cc": 8,
        "z": 0.38999999999999946
    },
    "62": {
        "cost": 25.866666664080004,
        "ce": 12,
        "cc": 8,
        "z": 0.37999999999999945
    },
    "63": {
        "cost": 25.966666664070004,
        "ce": 12,
        "cc": 8,
        "z": 0.36999999999999944
    },
    "64": {
        "cost": 26.06666666406001,
        "ce": 12,
        "cc": 8,
        "z": 0.35999999999999943
    },
    "65": {
        "cost": 26.166666664050005,
        "ce": 12,
        "cc": 8,
        "z": 0.3499999999999994
    },
    "66": {
        "cost": 26.26666666404001,
        "ce": 12,
        "cc": 8,
        "z": 0.3399999999999994
    },