{
    "0": {
        "cost": 100.82000000627296,
        "ce": 20,
        "cc": 12,
        "z": 0.3299999999999994
    },
    "1": {
        "cost": 101.36000000635396,
        "ce": 20,
        "cc": 12,
        "z": 0.3399999999999994
    },
    "2": {
        "cost": 101.90000000643496,
        "ce": 20,
        "cc": 12,
        "z": 0.3499999999999994
    },
    "3": {
        "cost": 102.44000000651597,
        "ce": 20,
        "cc": 12,
        "z": 0.35999999999999943
    },
    "4": {
        "cost": 104.98000000689697,
        "ce": 19,
        "cc": 13,
        "z": 0.36999999999999944
    },
    "5": {
        "cost": 105.52000000697797,
        "ce": 19,
        "cc": 13,
        "z": 0.37999999999999945
    },
    "6": {
        "cost": 106.06000000705897,
        "ce": 19,
        "cc": 13,
        "z": 0.38999999999999946
    },
    "7": {
        "cost": 108.60000000743999,
        "ce": 18,
        "cc": 14,
        "z": 0.39999999999999947
    },
    "8": {
        "cost": 109.14000000752097,
        "ce": 18,
        "cc": 14,
        "z": 0.4099999999999995
    },
    "9": {
        "cost": 109.68000000760199,
        "ce": 18,
        "cc": 14,
        "z": 0.4199999999999995
    },
    "10": {
        "cost": 110.22000000768298,
        "ce": 18,
        "cc": 14,
        "z": 0.4299999999999995
    },
    "11": {
        "cost": 112.76000000806398,
        "ce": 17,
        "cc": 15,
        "z": 0.4399999999999995
    },
    "12": {
        "cost": 113.30000000814496,
        "ce": 17,
        "cc": 15,
        "z": 0.4499999999999995
    },
    "13": {
        "cost": 113.84000000822599,
        "ce": 17,
        "cc": 15,
        "z": 0.4599999999999995
    },
    "14": {
        "cost": 116.38000000860698,
        "ce": 16,
        "cc": 16,
        "z": 0.46999999999999953
    },
    "15": {
        "cost": 116.92000000868798,
        "ce": 16,
        "cc": 16,
        "z": 0.47999999999999954
    },
    "16": {
        "cost": 117.46000000876899,
        "ce": 16,
        "cc": 16,
        "z": 0.48999999999999955
    },
    "17": {
        "cost": 118.00000000884998,
        "ce": 16,
        "cc": 16,
        "z": 0.49999999999999956
    },
    "18": {
        "cost": 120.54000000923097,
        "ce": 15,
        "cc": 17,
        "z": 0.5099999999999996
    },
    "19": {
        "cost": 121.08000000931197,
        "ce": 15,
        "cc": 17,
        "z": 0.5199999999999996
    },
    "20": {
        "cost": 121.62000000939298,
        "ce": 15,
        "cc": 17,
        "z": 0.5299999999999996
    },
    "21": {
        "cost": 122.16000000947398,
        "ce": 15,
        "cc": 17,
        "z": 0.5399999999999996
    },
    "22": {
        "cost": 124.70000000985499,
        "ce": 14,
        "cc": 18,
        "z": 0.5499999999999996
    },
    "23": {
        "cost": 125.24000000993598,
        "ce": 14,
        "cc": 18,
        "z": 0.5599999999999996
    },
    "24": {
        "cost": 125.32000001009797,
        "ce": 13,
        "cc": 18,
        "z": 0.5799999999999996
    },
    "25": {
        "cost": 125.78000001001699,
        "ce": 14,
        "cc": 18,
        "z": 0.5699999999999996
    },
    "26": {
        "cost": 128.86000001047898,
        "ce": 13,
        "cc": 19,
        "z": 0.5899999999999996
    },
    "27": {
        "cost": 129.40000001056,
        "ce": 13,
        "cc": 19,
        "z": 0.5999999999999996
    },
    "28": {
        "cost": 129.94000001064097,
        "ce": 13,
        "cc": 19,
        "z": 0.6099999999999997
    },
    "29": {
        "cost": 132.48000001102199,
        "ce": 12,
        "cc": 20,
        "z": 0.6199999999999997
    },
    "30": {
        "cost": 133.02000001110298,
        "ce": 12,
        "cc": 20,
        "z": 0.6299999999999997
    },
    "31": {
        "cost": 133.560000011184,
        "ce": 12,
        "cc": 20,
        "z": 0.6399999999999997
    },
    "32": {
        "cost": 134.10000001126497,
        "ce": 12,
        "cc": 20,
        "z": 0.6499999999999997
    },
    "33": {
        "cost": 136.640000011646,
        "ce": 11,
        "cc": 21,
        "z": 0.6599999999999997
    },
    "34": {
        "cost": 137.180000011727,
        "ce": 11,
        "cc": 21,
        "z": 0.6699999999999997
    },
    "35": {
        "cost": 137.720000011808,
        "ce": 11,
        "cc": 21,
        "z": 0.6799999999999997
    },
    "36": {
        "cost": 140.80000001227,
        "ce": 10,
        "cc": 22,
        "z": 0.6999999999999997
    },
    "37": {
        "cost": 141.26000001218898,
        "ce": 11,
        "cc": 22,
        "z": 0.6899999999999997
    },
    "38": {
        "cost": 141.340000012351,
        "ce": 10,
        "cc": 22,
        "z": 0.7099999999999997
    },
    "39": {
        "cost": 141.880000012432,
        "ce": 10,
        "cc": 22,
        "z": 0.7199999999999998
    },
    "40": {
        "cost": 144.42000001281298,
        "ce": 9,
        "cc": 23,
        "z": 0.7299999999999998
    },
    "41": {
        "cost": 144.960000012894,
        "ce": 9,
        "cc": 23,
        "z": 0.7399999999999998
    },
    "42": {
        "cost": 145.500000012975,
        "ce": 9,
        "cc": 23,
        "z": 0.7499999999999998
    },
    "43": {
        "cost": 146.040000013056,
        "ce": 9,
        "cc": 23,
        "z": 0.7599999999999998
    },
    "44": {
        "cost": 148.580000013437,
        "ce": 8,
        "cc": 24,
        "z": 0.7699999999999998
    },
    "45": {
        "cost": 149.120000013518,
        "ce": 8,
        "cc": 24,
        "z": 0.7799999999999998
    },
    "46": {
        "cost": 149.20000001368,
        "ce": 7,
        "cc": 24,
        "z": 0.7999999999999998
    },
    "47": {
        "cost": 149.66000001359902,
        "ce": 8,
        "cc": 24,
        "z": 0.7899999999999998
    },
    "48": {
        "cost": 152.74000001406102,
        "ce": 7,
        "cc": 25,
        "z": 0.8099999999999998
    },
    "49": {
        "cost": 153.280000014142,
        "ce": 7,
        "cc": 25,
        "z": 0.8199999999999998
    },
    "50": {
        "cost": 153.820000014223,
        "ce": 7,
        "cc": 25,
        "z": 0.8299999999999998
    },
    "51": {
        "cost": 156.360000014604,
        "ce": 6,
        "cc": 26,
        "z": 0.8399999999999999
    },
    "52": {
        "cost": 156.900000014685,
        "ce": 6,
        "cc": 26,
        "z": 0.8499999999999999
    },
    "53": {
        "cost": 157.44000001476599,
        "ce": 6,
        "cc": 26,
        "z": 0.8599999999999999
    },
    "54": {
        "cost": 157.980000014847,
        "ce": 6,
        "cc": 26,
        "z": 0.8699999999999999
    },
    "55": {
        "cost": 160.52000001522802,
        "ce": 5,
        "cc": 27,
        "z": 0.8799999999999999
    },
    "56": {
        "cost": 161.06000001530901,
        "ce": 5,
        "cc": 27,
        "z": 0.8899999999999999
    },
    "57": {
        "cost": 161.140000015471,
        "ce": 4,
        "cc": 27,
        "z": 0.9099999999999999
    },
    "58": {
        "cost": 161.60000001539,
        "ce": 5,
        "cc": 27,
        "z": 0.8999999999999999
    },
    "59": {
        "cost": 164.68000001585202,
        "ce": 4,
        "cc": 28,
        "z": 0.9199999999999999
    },
    "60": {
        "cost": 165.220000015933,
        "ce": 4,
        "cc": 28,
        "z": 0.9299999999999999
    },
    "61": {
        "cost": 165.76000001601403,
        "ce": 4,
        "cc": 28,
        "z": 0.94
    },
    "62": {
        "cost": 168.30000001639502,
        "ce": 3,
        "cc": 29,
        "z": 0.95
    },
    "63": {
        "cost": 168.840000016476,
        "ce": 3,
        "cc": 29,
        "z": 0.96
    },
    "64": {
        "cost": 168.92000001663803,
        "ce": 2,
        "cc": 29,
        "z": 0.98
    },
    "65": {
        "cost": 169.380000016557,
        "ce": 3,
        "cc": 29,
        "z": 0.97
    },