{
    "0": {
        "cost": 138.02000001005297,
        "ce": 20,
        "cc": 18,
        "z": 0.46999999999999953
    },
    "1": {
        "cost": 141.68000001045198,
        "ce": 20,
        "cc": 19,
        "z": 0.47999999999999954
    },
    "2": {
        "cost": 142.00000001064998,
        "ce": 19,
        "cc": 19,
        "z": 0.49999999999999956
    },
    "3": {
        "cost": 142.34000001055097,
        "ce": 20,
        "cc": 19,
        "z": 0.48999999999999955
    },
    "4": {
        "cost": 145.66000001104896,
        "ce": 19,
        "cc": 20,
        "z": 0.5099999999999996
    },
    "5": {
        "cost": 145.98000001124694,
        "ce": 18,
        "cc": 20,
        "z": 0.5299999999999996
    },
    "6": {
        "cost": 146.32000001114795,
        "ce": 19,
        "cc": 20,
        "z": 0.5199999999999996
    },
    "7": {
        "cost": 149.64000001164595,
        "ce": 18,
        "cc": 21,
        "z": 0.5399999999999996
    },
    "8": {
        "cost": 149.960000011844,
        "ce": 17,
        "cc": 21,
        "z": 0.5599999999999996
    },
    "9": {
        "cost": 150.30000001174497,
        "ce": 18,
        "cc": 21,
        "z": 0.5499999999999996
    },
    "10": {
        "cost": 153.620000012243,
        "ce": 17,
        "cc": 22,
        "z": 0.5699999999999996
    },
    "11": {
        "cost": 153.94000001244098,
        "ce": 16,
        "cc": 22,
        "z": 0.5899999999999996
    },
    "12": {
        "cost": 154.280000012342,
        "ce": 17,
        "cc": 22,
        "z": 0.5799999999999996
    },
    "13": {
        "cost": 157.60000001283996,
        "ce": 16,
        "cc": 23,
        "z": 0.5999999999999996
    },
    "14": {
        "cost": 157.92000001303796,
        "ce": 15,
        "cc": 23,
        "z": 0.6199999999999997
    },
    "15": {
        "cost": 158.26000001293897,
        "ce": 16,
        "cc": 23,
        "z": 0.6099999999999997
    },
    "16": {
        "cost": 161.58000001343697,
        "ce": 15,
        "cc": 24,
        "z": 0.6299999999999997
    },
    "17": {
        "cost": 161.90000001363498,
        "ce": 14,
        "cc": 24,
        "z": 0.6499999999999997
    },
    "18": {
        "cost": 162.240000013536,
        "ce": 15,
        "cc": 24,
        "z": 0.6399999999999997
    },
    "19": {
        "cost": 165.560000014034,
        "ce": 14,
        "cc": 25,
        "z": 0.6599999999999997
    },
    "20": {
        "cost": 165.880000014232,
        "ce": 13,
        "cc": 25,
        "z": 0.6799999999999997
    },
    "21": {
        "cost": 166.220000014133,
        "ce": 14,
        "cc": 25,
        "z": 0.6699999999999997
    },
    "22": {
        "cost": 169.54000001463098,
        "ce": 13,
        "cc": 26,
        "z": 0.6899999999999997
    },
    "23": {
        "cost": 169.86000001482898,
        "ce": 12,
        "cc": 26,
        "z": 0.7099999999999997
    },
    "24": {
        "cost": 170.20000001473,
        "ce": 13,
        "cc": 26,
        "z": 0.6999999999999997
    },
    "25": {
        "cost": 173.520000015228,
        "ce": 12,
        "cc": 27,
        "z": 0.7199999999999998
    },
    "26": {
        "cost": 173.84000001542597,
        "ce": 11,
        "cc": 27,
        "z": 0.7399999999999998
    },
    "27": {
        "cost": 174.18000001532698,
        "ce": 12,
        "cc": 27,
        "z": 0.7299999999999998
    },
    "28": {
        "cost": 177.50000001582498,
        "ce": 11,
        "cc": 28,
        "z": 0.7499999999999998
    },
    "29": {
        "cost": 177.82000001602302,
        "ce": 10,
        "cc": 28,
        "z": 0.7699999999999998
    },
    "30": {
        "cost": 178.160000015924,
        "ce": 11,
        "cc": 28,
        "z": 0.7599999999999998
    },
    "31": {
        "cost": 181.48000001642197,
        "ce": 10,
        "cc": 29,
        "z": 0.7799999999999998
    },
    "32": {
        "cost": 181.80000001662,
        "ce": 9,
        "cc": 29,
        "z": 0.7999999999999998
    },
    "33": {
        "cost": 182.140000016521,
        "ce": 10,
        "cc": 29,
        "z": 0.7899999999999998
    },
    "34": {
        "cost": 182.460000016719,
        "ce": 9,
        "cc": 29,
        "z": 0.8099999999999998
    },
    "35": {
        "cost": 185.780000017217,
        "ce": 8,
        "cc": 30,
        "z": 0.8299999999999998
    },
    "36": {
        "cost": 186.120000017118,
        "ce": 9,
        "cc": 30,
        "z": 0.8199999999999998
    },
    "37": {
        "cost": 186.44000001731598,
        "ce": 8,
        "cc": 30,
        "z": 0.8399999999999999
    },
    "38": {
        "cost": 189.76000001781398,
        "ce": 7,
        "cc": 31,
        "z": 0.8599999999999999
    },
    "39": {
        "cost": 190.100000017715,
        "ce": 8,
        "cc": 31,
        "z": 0.8499999999999999
    },
    "40": {
        "cost": 193.420000018213,
        "ce": 7,
        "cc": 32,
        "z": 0.8699999999999999
    },
    "41": {
        "cost": 193.740000018411,
        "ce": 6,
        "cc": 32,
        "z": 0.8899999999999999
    },
    "42": {
        "cost": 194.080000018312,
        "ce": 7,
        "cc": 32,
        "z": 0.8799999999999999
    },
    "43": {
        "cost": 194.40000001851,
        "ce": 6,
        "cc": 32,
        "z": 0.8999999999999999
    },
    "44": {
        "cost": 197.06000001890902,
        "ce": 5,
        "cc": 33,
        "z": 0.9099999999999999
    },
    "45": {
        "cost": 197.720000019008,
        "ce": 5,
        "cc": 33,
        "z": 0.9199999999999999
    },
    "46": {
        "cost": 198.380000019107,
        "ce": 5,
        "cc": 33,
        "z": 0.9299999999999999
    },
    "47": {
        "cost": 201.040000019506,
        "ce": 4,
        "cc": 34,
        "z": 0.94
    },
    "48": {
        "cost": 201.700000019605,
        "ce": 4,
        "cc": 34,
        "z": 0.95
    },
    "49": {
        "cost": 202.02000001980298,
        "ce": 3,
        "cc": 34,
        "z": 0.97
    },
    "50": {
        "cost": 202.360000019704,
        "ce": 4,
        "cc": 34,
        "z": 0.96
    },
    "51": {
        "cost": 204.00000002040002,
        "ce": 0,
        "cc": 35,
        "z": 1.0
    },
    "52": {
        "cost": 205.340000020301,
        "ce": 2,
        "cc": 35,
        "z": 0.99
    },
    "53": {
        "cost": 205.680000020202,
        "ce": 3,
        "cc": 35,
        "z": 0.98
    }
}