{
    "0": {
        "cost": 196.880000015882,
        "ce": 20,
        "cc": 28,
        "z": 0.5799999999999997
    },
    "1": {
        "cost": 197.74000001601098,
        "ce": 20,
        "cc": 28,
        "z": 0.5899999999999997
    },
    "2": {
        "cost": 201.46000001656898,
        "ce": 19,
        "cc": 29,
        "z": 0.6099999999999998
    },
    "3": {
        "cost": 201.60000001643996,
        "ce": 20,
        "cc": 29,
        "z": 0.5999999999999998
    },
    "4": {
        "cost": 202.32000001669797,
        "ce": 19,
        "cc": 29,
        "z": 0.6199999999999998
    },
    "5": {
        "cost": 205.18000001712699,
        "ce": 18,
        "cc": 30,
        "z": 0.6299999999999998
    },
    "6": {
        "cost": 206.04000001725598,
        "ce": 18,
        "cc": 30,
        "z": 0.6399999999999998
    },
    "7": {
        "cost": 208.900000017685,
        "ce": 17,
        "cc": 31,
        "z": 0.6499999999999998
    },
    "8": {
        "cost": 209.76000001781398,
        "ce": 17,
        "cc": 31,
        "z": 0.6599999999999998
    },
    "9": {
        "cost": 213.48000001837198,
        "ce": 16,
        "cc": 32,
        "z": 0.6799999999999998
    },
    "10": {
        "cost": 213.62000001824296,
        "ce": 17,
        "cc": 32,
        "z": 0.6699999999999998
    },
    "11": {
        "cost": 214.34000001850097,
        "ce": 16,
        "cc": 32,
        "z": 0.6899999999999998
    },
    "12": {
        "cost": 217.20000001892998,
        "ce": 15,
        "cc": 33,
        "z": 0.6999999999999998
    },
    "13": {
        "cost": 218.06000001905898,
        "ce": 15,
        "cc": 33,
        "z": 0.7099999999999999
    },
    "14": {
        "cost": 220.920000019488,
        "ce": 14,
        "cc": 34,
        "z": 0.7199999999999999
    },
    "15": {
        "cost": 221.64000001974597,
        "ce": 13,
        "cc": 34,
        "z": 0.7399999999999999
    },
    "16": {
        "cost": 221.78000001961698,
        "ce": 14,
        "cc": 34,
        "z": 0.7299999999999999
    },
    "17": {
        "cost": 225.50000002017498,
        "ce": 13,
        "cc": 35,
        "z": 0.7499999999999999
    },
    "18": {
        "cost": 226.36000002030397,
        "ce": 13,
        "cc": 35,
        "z": 0.7599999999999999
    },
    "19": {
        "cost": 229.22000002073298,
        "ce": 12,
        "cc": 36,
        "z": 0.7699999999999999
    },
    "20": {
        "cost": 229.94000002099096,
        "ce": 11,
        "cc": 36,
        "z": 0.7899999999999999
    },
    "21": {
        "cost": 230.08000002086197,
        "ce": 12,
        "cc": 36,
        "z": 0.7799999999999999
    },
    "22": {
        "cost": 233.66000002154897,
        "ce": 10,
        "cc": 37,
        "z": 0.8099999999999999
    },
    "23": {
        "cost": 233.80000002141998,
        "ce": 11,
        "cc": 37,
        "z": 0.7999999999999999
    },
    "24": {
        "cost": 237.52000002197798,
        "ce": 10,
        "cc": 38,
        "z": 0.82
    },
    "25": {
        "cost": 238.380000022107,
        "ce": 10,
        "cc": 38,
        "z": 0.83
    },
    "26": {
        "cost": 241.24000002253598,
        "ce": 9,
        "cc": 39,
        "z": 0.84
    },
    "27": {
        "cost": 241.960000022794,
        "ce": 8,
        "cc": 39,
        "z": 0.86
    },
    "28": {
        "cost": 242.10000002266497,
        "ce": 9,
        "cc": 39,
        "z": 0.85
    },
    "29": {
        "cost": 245.68000002335202,
        "ce": 7,
        "cc": 40,
        "z": 0.88
    },
    "30": {
        "cost": 245.82000002322297,
        "ce": 8,
        "cc": 40,
        "z": 0.87
    }
}