{
    "0": {
        "cost": 36.0,
        "ce": 19,
        "cc": 0,
        "z": 0
    },
    "1": {
        "cost": 42.340000000650974,
        "ce": 19,
        "cc": 2,
        "z": 0.009999999999999247
    },
    "2": {
        "cost": 42.680000000701966,
        "ce": 19,
        "cc": 2,
        "z": 0.019999999999999248
    },
    "3": {
        "cost": 43.020000000752965,
        "ce": 19,
        "cc": 2,
        "z": 0.02999999999999925
    },
    "4": {
        "cost": 45.70000000115497,
        "ce": 18,
        "cc": 3,
        "z": 0.04999999999999925
    },
    "5": {
        "cost": 46.04000000120597,
        "ce": 18,
        "cc": 3,
        "z": 0.059999999999999255
    },
    "6": {
        "cost": 46.36000000110397,
        "ce": 19,
        "cc": 3,
        "z": 0.03999999999999925
    },
    "7": {
        "cost": 46.38000000125697,
        "ce": 18,
        "cc": 3,
        "z": 0.06999999999999926
    },
    "8": {
        "cost": 49.72000000160797,
        "ce": 18,
        "cc": 4,
        "z": 0.07999999999999925
    },
    "9": {
        "cost": 49.74000000176097,
        "ce": 17,
        "cc": 4,
        "z": 0.10999999999999924
    },
    "10": {
        "cost": 50.06000000165897,
        "ce": 18,
        "cc": 4,
        "z": 0.08999999999999925
    },
    "11": {
        "cost": 50.08000000181197,
        "ce": 17,
        "cc": 4,
        "z": 0.11999999999999923
    },
    "12": {
        "cost": 50.40000000170997,
        "ce": 18,
        "cc": 4,
        "z": 0.09999999999999924
    },
    "13": {
        "cost": 53.42000000216297,
        "ce": 17,
        "cc": 5,
        "z": 0.12999999999999923
    },
    "14": {
        "cost": 53.76000000221397,
        "ce": 17,
        "cc": 5,
        "z": 0.13999999999999924
    },
    "15": {
        "cost": 53.780000002366975,
        "ce": 16,
        "cc": 5,
        "z": 0.16999999999999926
    },
    "16": {
        "cost": 54.10000000226498,
        "ce": 17,
        "cc": 5,
        "z": 0.14999999999999925
    },
    "17": {
        "cost": 54.440000002315976,
        "ce": 17,
        "cc": 5,
        "z": 0.15999999999999925
    },
    "18": {
        "cost": 57.12000000271797,
        "ce": 16,
        "cc": 6,
        "z": 0.17999999999999927
    },
    "19": {
        "cost": 57.46000000276897,
        "ce": 16,
        "cc": 6,
        "z": 0.18999999999999928
    },
    "20": {
        "cost": 57.480000002921976,
        "ce": 15,
        "cc": 6,
        "z": 0.2199999999999993
    },
    "21": {
        "cost": 57.80000000281998,
        "ce": 16,
        "cc": 6,
        "z": 0.1999999999999993
    },
    "22": {
        "cost": 57.820000002972975,
        "ce": 15,
        "cc": 6,
        "z": 0.22999999999999932
    },
    "23": {
        "cost": 58.14000000287098,
        "ce": 16,
        "cc": 6,
        "z": 0.2099999999999993
    },
    "24": {
        "cost": 61.16000000332398,
        "ce": 15,
        "cc": 7,
        "z": 0.23999999999999932
    },
    "25": {
        "cost": 61.50000000337498,
        "ce": 15,
        "cc": 7,
        "z": 0.24999999999999933
    },
    "26": {
        "cost": 61.52000000352798,
        "ce": 14,
        "cc": 7,
        "z": 0.27999999999999936
    },
    "27": {
        "cost": 61.840000003425985,
        "ce": 15,
        "cc": 7,
        "z": 0.25999999999999934
    },
    "28": {
        "cost": 61.86000000357899,
        "ce": 14,
        "cc": 7,
        "z": 0.28999999999999937
    },
    "29": {
        "cost": 62.180000003476984,
        "ce": 15,
        "cc": 7,
        "z": 0.26999999999999935
    },
    "30": {
        "cost": 65.20000000392999,
        "ce": 14,
        "cc": 8,
        "z": 0.2999999999999994
    },
    "31": {
        "cost": 65.54000000398098,
        "ce": 14,
        "cc": 8,
        "z": 0.3099999999999994
    },
    "32": {
        "cost": 65.56000000413398,
        "ce": 13,
        "cc": 8,
        "z": 0.3399999999999994
    },
    "33": {
        "cost": 65.88000000403198,
        "ce": 14,
        "cc": 8,
        "z": 0.3199999999999994
    },
    "34": {
        "cost": 66.22000000408298,
        "ce": 14,
        "cc": 8,
        "z": 0.3299999999999994
    },
    "35": {
        "cost": 68.90000000448498,
        "ce": 13,
        "cc": 9,
        "z": 0.3499999999999994
    },
    "36": {
        "cost": 69.24000000453599,
        "ce": 13,
        "cc": 9,
        "z": 0.35999999999999943
    },
    "37": {
        "cost": 69.58000000458698,
        "ce": 13,
        "cc": 9,
        "z": 0.36999999999999944
    },
    "38": {
        "cost": 69.92000000463798,
        "ce": 13,
        "cc": 9,
        "z": 0.37999999999999945
    },
    "39": {
        "cost": 70.26000000468898,
        "ce": 13,
        "cc": 9,
        "z": 0.38999999999999946
    },
    "40": {
        "cost": 72.60000000503999,
        "ce": 12,
        "cc": 10,
        "z": 0.39999999999999947
    },
    "41": {
        "cost": 72.94000000509098,
        "ce": 12,
        "cc": 10,
        "z": 0.4099999999999995
    },
    "42": {
        "cost": 73.28000000514197,
        "ce": 12,
        "cc": 10,
        "z": 0.4199999999999995
    },
    "43": {
        "cost": 73.62000000519299,
        "ce": 12,
        "cc": 10,
        "z": 0.4299999999999995
    },
    "44": {
        "cost": 73.64000000534598,
        "ce": 11,
        "cc": 10,
        "z": 0.4599999999999995
    },
    "45": {
        "cost": 73.96000000524398,
        "ce": 12,
        "cc": 10,
        "z": 0.4399999999999995
    },
    "46": {
        "cost": 74.30000000529498,
        "ce": 12,
        "cc": 10,
        "z": 0.4499999999999995
    },
    "47": {
        "cost": 76.98000000569698,
        "ce": 11,
        "cc": 11,
        "z": 0.46999999999999953
    },
    "48": {
        "cost": 77.32000000574799,
        "ce": 11,
        "cc": 11,
        "z": 0.47999999999999954
    },
    "49": {
        "cost": 77.66000000579899,
        "ce": 11,
        "cc": 11,
        "z": 0.48999999999999955
    },
    "50": {
        "cost": 78.00000000584998,
        "ce": 11,
        "cc": 11,
        "z": 0.49999999999999956
    },
    "51": {
        "cost": 78.34000000590099,
        "ce": 11,
        "cc": 11,
        "z": 0.5099999999999996
    },
    "52": {
        "cost": 80.68000000625199,
        "ce": 10,
        "cc": 12,
        "z": 0.5199999999999996
    },
    "53": {
        "cost": 81.020000006303,
        "ce": 10,
        "cc": 12,
        "z": 0.5299999999999996
    },
    "54": {
        "cost": 81.36000000635399,
        "ce": 10,
        "cc": 12,
        "z": 0.5399999999999996
    },
    "55": {
        "cost": 81.38000000650699,
        "ce": 9,
        "cc": 12,
        "z": 0.5699999999999996
    },
    "56": {
        "cost": 81.70000000640499,
        "ce": 10,
        "cc": 12,
        "z": 0.5499999999999996
    },
    "57": {
        "cost": 82.04000000645598,
        "ce": 10,
        "cc": 12,
        "z": 0.5599999999999996
    },
    "58": {
        "cost": 84.72000000685799,
        "ce": 9,
        "cc": 13,
        "z": 0.5799999999999996
    },
    "59": {
        "cost": 85.060000006909,
        "ce": 9,
        "cc": 13,
        "z": 0.5899999999999996
    },
    "60": {
        "cost": 85.40000000695998,
        "ce": 9,
        "cc": 13,
        "z": 0.5999999999999996
    },
    "61": {
        "cost": 85.42000000711299,
        "ce": 8,
        "cc": 13,
        "z": 0.6299999999999997
    },
    "62": {
        "cost": 85.74000000701099,
        "ce": 9,
        "cc": 13,
        "z": 0.6099999999999997
    },
    "63": {
        "cost": 86.080000007062,
        "ce": 9,
        "cc": 13,
        "z": 0.6199999999999997
    },
    "64": {
        "cost": 88.76000000746399,
        "ce": 8,
        "cc": 14,
        "z": 0.6399999999999997
    },
    "65": {
        "cost": 89.10000000751499,
        "ce": 8,
        "cc": 14,