{
    "0": {
        "cost": 263.360000022554,
        "ce": 20,
        "cc": 39,
        "z": 0.6699999999999999
    },
    "1": {
        "cost": 264.440000022716,
        "ce": 20,
        "cc": 39,
        "z": 0.6799999999999999
    },
    "2": {
        "cost": 267.520000023178,
        "ce": 19,
        "cc": 40,
        "z": 0.69
    },
    "3": {
        "cost": 268.60000002334,
        "ce": 19,
        "cc": 40,
        "z": 0.7
    }
}