{
    "0": {
        "cost": 62.03333332713001,
        "ce": 19,
        "cc": 40,
        "z": 0.69
    },
    "1": {
        "cost": 63.39999999366001,
        "ce": 20,
        "cc": 40,
        "z": 0.6799999999999999
    }
}