{
    "0": {
        "cost": 52.41379310239999,
        "ce": 0,
        "cc": 39,
        "z": 1.0
    },
    "1": {
        "cost": 54.5286206885646,
        "ce": 2,
        "cc": 39,
        "z": 0.99
    },
    "2": {
        "cost": 55.06862068855379,
        "ce": 3,
        "cc": 38,
        "z": 0.97
    },
    "3": {
        "cost": 55.1834482747584,
        "ce": 3,
        "cc": 38,
        "z": 0.96
    },
    "4": {
        "cost": 55.6434482747492,
        "ce": 3,
        "cc": 39,
        "z": 0.98
    },
    "5": {
        "cost": 55.7234482747476,
        "ce": 4,
        "cc": 37,
        "z": 0.94
    },
    "6": {
        "cost": 56.2634482747368,
        "ce": 5,
        "cc": 36,
        "z": 0.9199999999999999
    },
    "7": {
        "cost": 56.298275860942994,
        "ce": 4,
        "cc": 38,
        "z": 0.95
    },
    "8": {
        "cost": 56.3782758609414,
        "ce": 5,
        "cc": 36,
        "z": 0.9099999999999999
    },
    "9": {
        "cost": 56.83827586093219,
        "ce": 5,
        "cc": 37,
        "z": 0.9299999999999999
    },
    "10": {
        "cost": 56.91827586093059,
        "ce": 6,
        "cc": 35,
        "z": 0.8899999999999999
    },
    "11": {
        "cost": 57.493103447126,
        "ce": 6,
        "cc": 36,
        "z": 0.8999999999999999
    },
    "12": {
        "cost": 57.573103447124396,
        "ce": 7,
        "cc": 34,
        "z": 0.8599999999999999
    },
    "13": {
        "cost": 58.033103447115195,
        "ce": 7,
        "cc": 35,
        "z": 0.8799999999999999
    },
    "14": {
        "cost": 58.14793103331979,
        "ce": 7,
        "cc": 35,
        "z": 0.8699999999999999
    },
    "15": {
        "cost": 58.2279310333182,
        "ce": 8,
        "cc": 33,
        "z": 0.8299999999999998
    },
    "16": {
        "cost": 58.687931033309,
        "ce": 8,
        "cc": 34,
        "z": 0.8499999999999999
    },
    "17": {
        "cost": 58.8027586195136,
        "ce": 8,
        "cc": 34,
        "z": 0.8399999999999999
    },
    "18": {
        "cost": 59.3427586195028,
        "ce": 9,
        "cc": 33,
        "z": 0.8199999999999998
    },
    "19": {
        "cost": 59.4575862057074,
        "ce": 9,
        "cc": 33,
        "z": 0.8099999999999998
    },
    "20": {
        "cost": 59.882758619491995,
        "ce": 10,
        "cc": 32,
        "z": 0.7999999999999998
    },
    "21": {
        "cost": 59.99758620569659,
        "ce": 10,
        "cc": 32,
        "z": 0.7899999999999998
    },
    "22": {
        "cost": 60.077586205695,
        "ce": 11,
        "cc": 30,
        "z": 0.7499999999999998
    },
    "23": {
        "cost": 60.1124137919012,
        "ce": 10,
        "cc": 32,
        "z": 0.7799999999999998
    },
    "24": {
        "cost": 60.5375862056858,
        "ce": 11,
        "cc": 31,
        "z": 0.7699999999999998
    },
    "25": {
        "cost": 60.652413791890396,
        "ce": 11,
        "cc": 31,
        "z": 0.7599999999999998
    },
    "26": {
        "cost": 61.19241379187959,
        "ce": 12,
        "cc": 30,
        "z": 0.7399999999999998
    },
    "27": {
        "cost": 61.30724137808419,
        "ce": 12,
        "cc": 30,
        "z": 0.7299999999999998
    },
    "28": {
        "cost": 61.7324137918688,
        "ce": 13,
        "cc": 29,
        "z": 0.7199999999999998
    },
    "29": {
        "cost": 61.847241378073406,
        "ce": 13,
        "cc": 29,
        "z": 0.7099999999999997
    },
    "30": {
        "cost": 61.962068964278004,
        "ce": 13,
        "cc": 29,
        "z": 0.6999999999999997
    },
    "31": {
        "cost": 62.3872413780626,
        "ce": 14,
        "cc": 28,
        "z": 0.6899999999999997
    },
    "32": {
        "cost": 62.502068964267195,
        "ce": 14,
        "cc": 28,
        "z": 0.6799999999999997
    },
    "33": {
        "cost": 62.61689655047179,
        "ce": 14,
        "cc": 28,
        "z": 0.6699999999999997
    },
    "34": {
        "cost": 63.0420689642564,
        "ce": 15,
        "cc": 27,
        "z": 0.6599999999999997
    },
    "35": {
        "cost": 63.156896550461,
        "ce": 15,
        "cc": 27,
        "z": 0.6499999999999997
    },
    "36": {
        "cost": 63.69689655045019,
        "ce": 16,
        "cc": 26,
        "z": 0.6299999999999997
    },
    "37": {
        "cost": 63.811724136654796,
        "ce": 16,
        "cc": 26,
        "z": 0.6199999999999997
    },
    "38": {
        "cost": 64.2368965504394,
        "ce": 17,
        "cc": 25,
        "z": 0.6099999999999997
    },
    "39": {
        "cost": 64.2717241366456,
        "ce": 16,
        "cc": 27,
        "z": 0.6399999999999997
    },
    "40": {
        "cost": 64.351724136644,
        "ce": 17,
        "cc": 25,
        "z": 0.5999999999999996
    },
    "41": {
        "cost": 64.4665517228486,
        "ce": 17,
        "cc": 25,
        "z": 0.5899999999999996
    },
    "42": {
        "cost": 64.8917241366332,
        "ce": 18,
        "cc": 24,
        "z": 0.5799999999999996
    },
    "43": {
        "cost": 65.0065517228378,
        "ce": 18,
        "cc": 24,
        "z": 0.5699999999999996
    },
    "44": {
        "cost": 65.1213793090424,
        "ce": 18,
        "cc": 24,
        "z": 0.5599999999999996
    },
    "45": {
        "cost": 65.546551722827,
        "ce": 19,
        "cc": 23,
        "z": 0.5499999999999996
    },
    "46": {
        "cost": 65.6613793090316,
        "ce": 19,
        "cc": 23,
        "z": 0.5399999999999996
    },
    "47": {
        "cost": 66.0865517228162,
        "ce": 20,
        "cc": 22,
        "z": 0.5299999999999996
    },
    "48": {
        "cost": 66.20137930902081,
        "ce": 20,
        "cc": 22,
        "z": 0.5199999999999996
    },
    "49": {
        "cost": 66.3162068952254,
        "ce": 20,
        "cc": 22,
        "z": 0.5099999999999996
    }
}