{
    "0": {
        "cost": 4.137931034399999,
        "ce": 0,
        "cc": 4,
        "z": 1.0
    },
    "1": {
        "cost": 5.144137930931599,
        "ce": 1,
        "cc": 4,
        "z": 0.99
    },
    "2": {
        "cost": 5.1503448274832,
        "ce": 1,
        "cc": 4,
        "z": 0.98
    },
    "3": {
        "cost": 5.1565517240347996,
        "ce": 1,
        "cc": 4,
        "z": 0.97
    },
    "4": {
        "cost": 5.1627586205864,
        "ce": 1,
        "cc": 4,
        "z": 0.96
    },
    "5": {
        "cost": 5.168965517138,
        "ce": 1,
        "cc": 4,
        "z": 0.95
    },
    "6": {
        "cost": 5.1751724136896,
        "ce": 1,
        "cc": 4,
        "z": 0.94
    },
    "7": {
        "cost": 5.6779310343692,
        "ce": 2,
        "cc": 3,
        "z": 0.6299999999999997
    },
    "8": {
        "cost": 5.6841379309208,
        "ce": 2,
        "cc": 3,
        "z": 0.6199999999999997
    },
    "9": {
        "cost": 5.999999999879999,
        "ce": 4,
        "cc": 0,
        "z": 0
    },
    "10": {
        "cost": 6.1813793102212,
        "ce": 2,
        "cc": 4,
        "z": 0.9299999999999999
    },
    "11": {
        "cost": 6.187586206772799,
        "ce": 2,
        "cc": 4,
        "z": 0.9199999999999999
    },
    "12": {
        "cost": 6.193793103324399,
        "ce": 2,
        "cc": 4,
        "z": 0.9099999999999999
    },
    "13": {
        "cost": 6.199999999875999,
        "ce": 2,
        "cc": 4,
        "z": 0.8999999999999999
    },
    "14": {
        "cost": 6.2062068964276,
        "ce": 2,
        "cc": 4,
        "z": 0.8899999999999999
    },
    "15": {
        "cost": 6.2124137929792,
        "ce": 2,
        "cc": 4,
        "z": 0.8799999999999999
    },
    "16": {
        "cost": 6.2179310343584,
        "ce": 3,
        "cc": 2,
        "z": 0.25999999999999934
    },
    "17": {
        "cost": 6.2186206895308,
        "ce": 2,
        "cc": 4,
        "z": 0.8699999999999999
    },
    "18": {
        "cost": 6.22413793091,
        "ce": 3,
        "cc": 2,
        "z": 0.24999999999999933
    },
    "19": {
        "cost": 6.2248275860824,
        "ce": 2,
        "cc": 4,
        "z": 0.8599999999999999
    },
    "20": {
        "cost": 6.2303448274616,
        "ce": 3,
        "cc": 2,
        "z": 0.23999999999999932
    },
    "21": {
        "cost": 6.231034482634,
        "ce": 2,
        "cc": 4,
        "z": 0.8499999999999999
    },
    "22": {
        "cost": 6.2365517240132,
        "ce": 3,
        "cc": 2,
        "z": 0.22999999999999932
    },
    "23": {
        "cost": 6.237241379185599,
        "ce": 2,
        "cc": 4,
        "z": 0.8399999999999999
    },
    "24": {
        "cost": 6.2427586205648,
        "ce": 3,
        "cc": 2,
        "z": 0.2199999999999993
    },
    "25": {
        "cost": 6.243448275737199,
        "ce": 2,
        "cc": 4,
        "z": 0.8299999999999998
    },
    "26": {
        "cost": 6.2489655171164,
        "ce": 3,
        "cc": 2,
        "z": 0.2099999999999993
    },
    "27": {
        "cost": 6.249655172288801,
        "ce": 2,
        "cc": 4,
        "z": 0.8199999999999998
    },
    "28": {
        "cost": 6.255172413667999,
        "ce": 3,
        "cc": 2,
        "z": 0.1999999999999993
    },
    "29": {
        "cost": 6.2558620688404005,
        "ce": 2,
        "cc": 4,
        "z": 0.8099999999999998
    },
    "30": {
        "cost": 6.262068965392,
        "ce": 2,
        "cc": 4,
        "z": 0.7999999999999998
    },
    "31": {
        "cost": 6.2682758619436,
        "ce": 2,
        "cc": 4,
        "z": 0.7899999999999998
    },
    "32": {
        "cost": 6.2744827584952,
        "ce": 2,
        "cc": 4,
        "z": 0.7799999999999998
    },
    "33": {
        "cost": 6.2806896550468,
        "ce": 2,
        "cc": 4,
        "z": 0.7699999999999998
    },
    "34": {
        "cost": 6.286896551598399,
        "ce": 2,
        "cc": 4,
        "z": 0.7599999999999998
    },
    "35": {
        "cost": 6.293103448149999,
        "ce": 2,
        "cc": 4,
        "z": 0.7499999999999998
    },
    "36": {
        "cost": 6.299310344701601,
        "ce": 2,
        "cc": 4,
        "z": 0.7399999999999998
    },
    "37": {
        "cost": 6.305517241253201,
        "ce": 2,
        "cc": 4,
        "z": 0.7299999999999998
    },
    "38": {
        "cost": 6.3117241378048,
        "ce": 2,
        "cc": 4,
        "z": 0.7199999999999998
    },
    "39": {
        "cost": 6.3179310343564,
        "ce": 2,
        "cc": 4,
        "z": 0.7099999999999997
    },
    "40": {
        "cost": 6.324137930908,
        "ce": 2,
        "cc": 4,
        "z": 0.6999999999999997
    },
    "41": {
        "cost": 6.3303448274596,
        "ce": 2,
        "cc": 4,
        "z": 0.6899999999999997
    },
    "42": {
        "cost": 6.3365517240111995,
        "ce": 2,
        "cc": 4,
        "z": 0.6799999999999997
    },
    "43": {
        "cost": 6.3427586205628,
        "ce": 2,
        "cc": 4,
        "z": 0.6699999999999997
    },
    "44": {
        "cost": 6.3489655171144,
        "ce": 2,
        "cc": 4,
        "z": 0.6599999999999997
    },
    "45": {
        "cost": 6.355172413666,
        "ce": 2,
        "cc": 4,
        "z": 0.6499999999999997
    },
    "46": {
        "cost": 6.3613793102176,
        "ce": 2,
        "cc": 4,
        "z": 0.6399999999999997
    },
    "47": {
        "cost": 6.6772413791768,
        "ce": 4,
        "cc": 1,
        "z": 0.019999999999999248
    },
    "48": {
        "cost": 6.6834482757283995,
        "ce": 4,
        "cc": 1,
        "z": 0.009999999999999247
    },
    "49": {
        "cost": 6.690344827452399,
        "ce": 3,
        "cc": 3,
        "z": 0.6099999999999997
    },
    "50": {
        "cost": 6.696551724003999,
        "ce": 3,
        "cc": 3,
        "z": 0.5999999999999996
    },
    "51": {
        "cost": 6.702758620555599,
        "ce": 3,
        "cc": 3,
        "z": 0.5899999999999996
    },
    "52": {
        "cost": 6.708965517107199,
        "ce": 3,
        "cc": 3,
        "z": 0.5799999999999996
    },
    "53": {
        "cost": 6.715172413658799,
        "ce": 3,
        "cc": 3,
        "z": 0.5699999999999996
    },
    "54": {
        "cost": 6.7213793102103985,
        "ce": 3,
        "cc": 3,
        "z": 0.5599999999999996
    },
    "55": {
        "cost": 6.727586206761998,
        "ce": 3,
        "cc": 3,
        "z": 0.5499999999999996
    },
    "56": {
        "cost": 6.733793103313599,
        "ce": 3,
        "cc": 3,
        "z": 0.5399999999999996
    },
    "57": {
        "cost": 6.739999999865199,
        "ce": 3,
        "cc": 3,
        "z": 0.5299999999999996
    },
    "58": {
        "cost": 6.746206896416799,
        "ce": 3,
        "cc": 3,
        "z": 0.5199999999999996
    },
    "59": {
        "cost": 6.752413792968399,
        "ce": 3,
        "cc": 3,
        "z": 0.5099999999999996
    },
    "60": {
        "cost": 6.758620689519999,
        "ce": 3,
        "cc": 3,
        "z": 0.49999999999999956
    },
    "61": {
        "cost": 6.764827586071599,
        "ce": 3,
        "cc": 3,
        "z": 0.48999999999999955
    },
    "62": {
        "cost": 6.7710344826231985,
        "ce": 3,
        "cc": 3,
        "z": 0.47999999999999954
    },
    "63": {
        "cost": 6.777241379174798,
        "ce": 3,
        "cc": 3,
        "z": 0.46999999999999953
    },
    "64": {
        "cost": 6.7834482757264,
        "ce": 3,
        "cc": 3,
        "z": 0.4599999999999995
    },
    "65": {
        "cost": 6.789655172278,
        "ce": 3,
        "cc": 3,
        "z": 0.4499999999999995
    },
    "66": {
        "cost": 6.795862068829599,
        "ce": 3,
        "cc": 3,
        "z": 0.4399999999999995
    },
    "67": {
        "cost": 6.802068965381199,
        "ce": 3,
        "cc": 3,
        "z": 0.4299999999999995
    },