{
    "0": {
        "cost": 179.80000001421996,
        "ce": 20,
        "cc": 25,
        "z": 0.5599999999999996
    },
    "1": {
        "cost": 183.40000001475997,
        "ce": 19,
        "cc": 26,
        "z": 0.5799999999999996
    },
    "2": {
        "cost": 183.60000001464,
        "ce": 20,
        "cc": 26,
        "z": 0.5699999999999996
    },
    "3": {
        "cost": 187.20000001517997,
        "ce": 19,
        "cc": 27,
        "z": 0.5899999999999996
    },
    "4": {
        "cost": 187.80000001541998,
        "ce": 18,
        "cc": 27,
        "z": 0.6099999999999997
    },
    "5": {
        "cost": 188.00000001529997,
        "ce": 19,
        "cc": 27,
        "z": 0.5999999999999996
    },
    "6": {
        "cost": 191.40000001596,
        "ce": 17,
        "cc": 28,
        "z": 0.6299999999999997
    },
    "7": {
        "cost": 191.60000001584,
        "ce": 18,
        "cc": 28,
        "z": 0.6199999999999997
    },
    "8": {
        "cost": 192.20000001607997,
        "ce": 17,
        "cc": 28,
        "z": 0.6399999999999997
    },
    "9": {
        "cost": 195.80000001661998,
        "ce": 16,
        "cc": 29,
        "z": 0.6599999999999997
    },
    "10": {
        "cost": 196.0000000165,
        "ce": 17,
        "cc": 29,
        "z": 0.6499999999999997
    },
    "11": {
        "cost": 196.60000001674,
        "ce": 16,
        "cc": 29,
        "z": 0.6699999999999997
    },
    "12": {
        "cost": 199.40000001715998,
        "ce": 15,
        "cc": 30,
        "z": 0.6799999999999997
    },
    "13": {
        "cost": 200.20000001728,
        "ce": 15,
        "cc": 30,
        "z": 0.6899999999999997
    },
    "14": {
        "cost": 203.80000001781997,
        "ce": 14,
        "cc": 31,
        "z": 0.7099999999999997
    },
    "15": {
        "cost": 204.0000000177,
        "ce": 15,
        "cc": 31,
        "z": 0.6999999999999997
    },
    "16": {
        "cost": 207.40000001836,
        "ce": 13,
        "cc": 32,
        "z": 0.7299999999999998
    },
    "17": {
        "cost": 207.60000001824,
        "ce": 14,
        "cc": 32,
        "z": 0.7199999999999998
    },
    "18": {
        "cost": 208.20000001847998,
        "ce": 13,
        "cc": 32,
        "z": 0.7399999999999998
    },
    "19": {
        "cost": 211.0000000189,
        "ce": 12,
        "cc": 33,
        "z": 0.7499999999999998
    },
    "20": {
        "cost": 211.80000001902,
        "ce": 12,
        "cc": 33,
        "z": 0.7599999999999998
    },
    "21": {
        "cost": 212.60000001914,
        "ce": 12,
        "cc": 33,
        "z": 0.7699999999999998
    },
    "22": {
        "cost": 215.40000001956,
        "ce": 11,
        "cc": 34,
        "z": 0.7799999999999998
    },
    "23": {
        "cost": 216.00000001979998,
        "ce": 10,
        "cc": 34,
        "z": 0.7999999999999998
    },
    "24": {
        "cost": 216.20000001967998,
        "ce": 11,
        "cc": 34,
        "z": 0.7899999999999998
    },
    "25": {
        "cost": 219.80000002022,
        "ce": 10,
        "cc": 35,
        "z": 0.8099999999999998
    },
    "26": {
        "cost": 220.60000002034002,
        "ce": 10,
        "cc": 35,
        "z": 0.8199999999999998
    },
    "27": {
        "cost": 223.40000002076,
        "ce": 9,
        "cc": 36,
        "z": 0.8299999999999998
    },
    "28": {
        "cost": 224.000000021,
        "ce": 8,
        "cc": 36,
        "z": 0.8499999999999999
    },
    "29": {
        "cost": 224.20000002088,
        "ce": 9,
        "cc": 36,
        "z": 0.8399999999999999
    },
    "30": {
        "cost": 227.80000002142,
        "ce": 8,
        "cc": 37,
        "z": 0.8599999999999999
    },
    "31": {
        "cost": 228.60000002153998,
        "ce": 8,
        "cc": 37,
        "z": 0.8699999999999999
    },
    "32": {
        "cost": 231.40000002196,
        "ce": 7,
        "cc": 38,
        "z": 0.8799999999999999
    },
    "33": {
        "cost": 232.00000002220003,
        "ce": 6,
        "cc": 38,
        "z": 0.8999999999999999
    },
    "34": {
        "cost": 232.20000002208002,
        "ce": 7,
        "cc": 38,
        "z": 0.8899999999999999
    },
    "35": {
        "cost": 235.60000002274,
        "ce": 5,
        "cc": 39,
        "z": 0.9199999999999999
    },
    "36": {
        "cost": 235.80000002262,
        "ce": 6,
        "cc": 39,
        "z": 0.9099999999999999
    },
    "37": {
        "cost": 239.40000002316,
        "ce": 5,
        "cc": 40,
        "z": 0.9299999999999999
    },
    "38": {
        "cost": 240.0000000234,
        "ce": 4,
        "cc": 40,
        "z": 0.95
    },
    "39": {
        "cost": 240.20000002328,
        "ce": 5,
        "cc": 40,
        "z": 0.94
    }
}