{
    "0": {
        "cost": 32.99999999999999,
        "ce": 18,
        "cc": 0,
        "z": 0
    },
    "1": {
        "cost": 38.30000000064497,
        "ce": 17,
        "cc": 2,
        "z": 0.009999999999999247
    },
    "2": {
        "cost": 38.600000000689974,
        "ce": 17,
        "cc": 2,
        "z": 0.019999999999999248
    },
    "3": {
        "cost": 38.90000000073498,
        "ce": 17,
        "cc": 2,
        "z": 0.02999999999999925
    },
    "4": {
        "cost": 42.20000000107997,
        "ce": 17,
        "cc": 3,
        "z": 0.03999999999999925
    },
    "5": {
        "cost": 42.400000001259976,
        "ce": 16,
        "cc": 3,
        "z": 0.07999999999999925
    },
    "6": {
        "cost": 42.50000000112497,
        "ce": 17,
        "cc": 3,
        "z": 0.04999999999999925
    },
    "7": {
        "cost": 42.80000000116997,
        "ce": 17,
        "cc": 3,
        "z": 0.059999999999999255
    },
    "8": {
        "cost": 43.10000000121497,
        "ce": 17,
        "cc": 3,
        "z": 0.06999999999999926
    },
    "9": {
        "cost": 45.70000000160498,
        "ce": 16,
        "cc": 4,
        "z": 0.08999999999999925
    },
    "10": {
        "cost": 46.00000000164997,
        "ce": 16,
        "cc": 4,
        "z": 0.09999999999999924
    },
    "11": {
        "cost": 46.300000001694976,
        "ce": 16,
        "cc": 4,
        "z": 0.10999999999999924
    },
    "12": {
        "cost": 46.60000000173998,
        "ce": 16,
        "cc": 4,
        "z": 0.11999999999999923
    },
    "13": {
        "cost": 46.900000001784974,
        "ce": 16,
        "cc": 4,
        "z": 0.12999999999999923
    },
    "14": {
        "cost": 47.20000000182998,
        "ce": 16,
        "cc": 4,
        "z": 0.13999999999999924
    },
    "15": {
        "cost": 49.50000000217498,
        "ce": 15,
        "cc": 5,
        "z": 0.14999999999999925
    },
    "16": {
        "cost": 49.800000002219974,
        "ce": 15,
        "cc": 5,
        "z": 0.15999999999999925
    },
    "17": {
        "cost": 50.10000000226498,
        "ce": 15,
        "cc": 5,
        "z": 0.16999999999999926
    },
    "18": {
        "cost": 50.40000000230998,
        "ce": 15,
        "cc": 5,
        "z": 0.17999999999999927
    },
    "19": {
        "cost": 50.70000000235497,
        "ce": 15,
        "cc": 5,
        "z": 0.18999999999999928
    },
    "20": {
        "cost": 51.00000000239997,
        "ce": 15,
        "cc": 5,
        "z": 0.1999999999999993
    },
    "21": {
        "cost": 53.600000002789976,
        "ce": 14,
        "cc": 6,
        "z": 0.2199999999999993
    },
    "22": {
        "cost": 53.90000000283498,
        "ce": 14,
        "cc": 6,
        "z": 0.22999999999999932
    },
    "23": {
        "cost": 54.20000000287998,
        "ce": 14,
        "cc": 6,
        "z": 0.23999999999999932
    },
    "24": {
        "cost": 54.30000000274497,
        "ce": 15,
        "cc": 6,
        "z": 0.2099999999999993
    },
    "25": {
        "cost": 54.50000000292498,
        "ce": 14,
        "cc": 6,
        "z": 0.24999999999999933
    },
    "26": {
        "cost": 54.80000000296998,
        "ce": 14,
        "cc": 6,
        "z": 0.25999999999999934
    },
    "27": {
        "cost": 57.40000000335998,
        "ce": 13,
        "cc": 7,
        "z": 0.27999999999999936
    },
    "28": {
        "cost": 57.70000000340498,
        "ce": 13,
        "cc": 7,
        "z": 0.28999999999999937
    },
    "29": {
        "cost": 58.00000000344998,
        "ce": 13,
        "cc": 7,
        "z": 0.2999999999999994
    },
    "30": {
        "cost": 58.10000000331498,
        "ce": 14,
        "cc": 7,
        "z": 0.26999999999999935
    },
    "31": {
        "cost": 58.300000003494986,
        "ce": 13,
        "cc": 7,
        "z": 0.3099999999999994
    },
    "32": {
        "cost": 58.60000000353999,
        "ce": 13,
        "cc": 7,
        "z": 0.3199999999999994
    },
    "33": {
        "cost": 61.50000000397498,
        "ce": 12,
        "cc": 8,
        "z": 0.3499999999999994
    },
    "34": {
        "cost": 61.800000004019985,
        "ce": 12,
        "cc": 8,
        "z": 0.35999999999999943
    },
    "35": {
        "cost": 61.90000000388498,
        "ce": 13,
        "cc": 8,
        "z": 0.3299999999999994
    },
    "36": {
        "cost": 62.10000000406498,
        "ce": 12,
        "cc": 8,
        "z": 0.36999999999999944
    },
    "37": {
        "cost": 62.20000000392998,
        "ce": 13,
        "cc": 8,
        "z": 0.3399999999999994
    },
    "38": {
        "cost": 62.400000004109984,
        "ce": 12,
        "cc": 8,
        "z": 0.37999999999999945
    },
    "39": {
        "cost": 62.70000000415499,
        "ce": 12,
        "cc": 8,
        "z": 0.38999999999999946
    },
    "40": {
        "cost": 65.30000000454498,
        "ce": 11,
        "cc": 9,
        "z": 0.4099999999999995
    },
    "41": {
        "cost": 65.60000000458999,
        "ce": 11,
        "cc": 9,
        "z": 0.4199999999999995
    },
    "42": {
        "cost": 65.90000000463499,
        "ce": 11,
        "cc": 9,
        "z": 0.4299999999999995
    },
    "43": {
        "cost": 66.00000000449998,
        "ce": 12,
        "cc": 9,
        "z": 0.39999999999999947
    },
    "44": {
        "cost": 66.20000000467998,
        "ce": 11,
        "cc": 9,
        "z": 0.4399999999999995
    },
    "45": {
        "cost": 66.50000000472498,
        "ce": 11,
        "cc": 9,
        "z": 0.4499999999999995
    },
    "46": {
        "cost": 69.40000000515998,
        "ce": 10,
        "cc": 10,
        "z": 0.47999999999999954
    },
    "47": {
        "cost": 69.70000000520498,
        "ce": 10,
        "cc": 10,
        "z": 0.48999999999999955
    },
    "48": {
        "cost": 69.80000000506999,
        "ce": 11,
        "cc": 10,
        "z": 0.4599999999999995
    },
    "49": {
        "cost": 70.00000000524999,
        "ce": 10,
        "cc": 10,
        "z": 0.49999999999999956
    },
    "50": {
        "cost": 70.10000000511498,
        "ce": 11,
        "cc": 10,
        "z": 0.46999999999999953
    },
    "51": {
        "cost": 70.30000000529499,
        "ce": 10,
        "cc": 10,
        "z": 0.5099999999999996
    },
    "52": {
        "cost": 70.60000000533998,
        "ce": 10,
        "cc": 10,
        "z": 0.5199999999999996
    },
    "53": {
        "cost": 73.500000005775,
        "ce": 9,
        "cc": 11,
        "z": 0.5499999999999996
    },
    "54": {
        "cost": 73.80000000582,
        "ce": 9,
        "cc": 11,
        "z": 0.5599999999999996
    },
    "55": {
        "cost": 73.90000000568499,
        "ce": 10,
        "cc": 11,
        "z": 0.5299999999999996
    },
    "56": {
        "cost": 74.10000000586498,
        "ce": 9,
        "cc": 11,
        "z": 0.5699999999999996
    },
    "57": {
        "cost": 74.20000000572999,
        "ce": 10,
        "cc": 11,
        "z": 0.5399999999999996
    },
    "58": {
        "cost": 74.40000000590999,
        "ce": 9,
        "cc": 11,
        "z": 0.5799999999999996
    },
    "59": {
        "cost": 77.30000000634499,
        "ce": 8,
        "cc": 12,
        "z": 0.6099999999999997
    },
    "60": {
        "cost": 77.60000000638999,
        "ce": 8,
        "cc": 12,
        "z": 0.6199999999999997
    },
    "61": {
        "cost": 77.700000006255,
        "ce": 9,
        "cc": 12,
        "z": 0.5899999999999996
    },
    "62": {
        "cost": 77.900000006435,
        "ce": 8,
        "cc": 12,
        "z": 0.6299999999999997
    },
    "63": {
        "cost": 78.00000000629998,
        "ce": 9,
        "cc": 12,
        "z": 0.5999999999999996
    },
    "64": {
        "cost": 78.20000000648,
        "ce": 8,
        "cc": 12,
        "z": 0.6399999999999997
    },
    "65": {
        "cost": 78.500000006525,
        "ce": 8,
        "cc": 12,