{
    "0": {
        "cost": 14.999999999999996,
        "ce": 9,
        "cc": 0,
        "z": 0
    },
    "1": {
        "cost": 20.36000000065399,
        "ce": 8,
        "cc": 2,
        "z": 0.02999999999999925
    },
    "2": {
        "cost": 20.48000000067199,
        "ce": 8,
        "cc": 2,
        "z": 0.03999999999999925
    },
    "3": {
        "cost": 20.600000000689988,
        "ce": 8,
        "cc": 2,
        "z": 0.04999999999999925
    },
    "4": {
        "cost": 20.72000000070799,
        "ce": 8,
        "cc": 2,
        "z": 0.059999999999999255
    },
    "5": {
        "cost": 20.84000000072599,
        "ce": 8,
        "cc": 2,
        "z": 0.06999999999999926
    },
    "6": {
        "cost": 20.96000000074399,
        "ce": 8,
        "cc": 2,
        "z": 0.07999999999999925
    },
    "7": {
        "cost": 21.12000000061799,
        "ce": 9,
        "cc": 2,
        "z": 0.009999999999999247
    },
    "8": {
        "cost": 21.240000000635984,
        "ce": 9,
        "cc": 2,
        "z": 0.019999999999999248
    },
    "9": {
        "cost": 24.08000000106199,
        "ce": 8,
        "cc": 3,
        "z": 0.08999999999999925
    },
    "10": {
        "cost": 24.160000001223985,
        "ce": 7,
        "cc": 3,
        "z": 0.17999999999999927
    },
    "11": {
        "cost": 24.200000001079985,
        "ce": 8,
        "cc": 3,
        "z": 0.09999999999999924
    },
    "12": {
        "cost": 24.280000001241987,
        "ce": 7,
        "cc": 3,
        "z": 0.18999999999999928
    },
    "13": {
        "cost": 24.320000001097988,
        "ce": 8,
        "cc": 3,
        "z": 0.10999999999999924
    },
    "14": {
        "cost": 24.400000001259986,
        "ce": 7,
        "cc": 3,
        "z": 0.1999999999999993
    },
    "15": {
        "cost": 24.44000000111599,
        "ce": 8,
        "cc": 3,
        "z": 0.11999999999999923
    },
    "16": {
        "cost": 24.520000001277985,
        "ce": 7,
        "cc": 3,
        "z": 0.2099999999999993
    },
    "17": {
        "cost": 24.560000001133986,
        "ce": 8,
        "cc": 3,
        "z": 0.12999999999999923
    },
    "18": {
        "cost": 24.68000000115199,
        "ce": 8,
        "cc": 3,
        "z": 0.13999999999999924
    },
    "19": {
        "cost": 24.80000000116999,
        "ce": 8,
        "cc": 3,
        "z": 0.14999999999999925
    },
    "20": {
        "cost": 24.920000001187987,
        "ce": 8,
        "cc": 3,
        "z": 0.15999999999999925
    },
    "21": {
        "cost": 25.04000000120599,
        "ce": 8,
        "cc": 3,
        "z": 0.16999999999999926
    },
    "22": {
        "cost": 27.64000000159599,
        "ce": 7,
        "cc": 4,
        "z": 0.2199999999999993
    },
    "23": {
        "cost": 27.760000001613992,
        "ce": 7,
        "cc": 4,
        "z": 0.22999999999999932
    },
    "24": {
        "cost": 27.88000000163199,
        "ce": 7,
        "cc": 4,
        "z": 0.23999999999999932
    },
    "25": {
        "cost": 28.00000000164999,
        "ce": 7,
        "cc": 4,
        "z": 0.24999999999999933
    },
    "26": {
        "cost": 28.120000001667993,
        "ce": 7,
        "cc": 4,
        "z": 0.25999999999999934
    },
    "27": {
        "cost": 28.20000000182999,
        "ce": 6,
        "cc": 4,
        "z": 0.3499999999999994
    },
    "28": {
        "cost": 28.240000001685992,
        "ce": 7,
        "cc": 4,
        "z": 0.26999999999999935
    },
    "29": {
        "cost": 28.36000000170399,
        "ce": 7,
        "cc": 4,
        "z": 0.27999999999999936
    },
    "30": {
        "cost": 28.48000000172199,
        "ce": 7,
        "cc": 4,
        "z": 0.28999999999999937
    },
    "31": {
        "cost": 28.600000001739993,
        "ce": 7,
        "cc": 4,
        "z": 0.2999999999999994
    },
    "32": {
        "cost": 28.720000001757988,
        "ce": 7,
        "cc": 4,
        "z": 0.3099999999999994
    },
    "33": {
        "cost": 28.84000000177599,
        "ce": 7,
        "cc": 4,
        "z": 0.3199999999999994
    },
    "34": {
        "cost": 28.960000001793993,
        "ce": 7,
        "cc": 4,
        "z": 0.3299999999999994
    },
    "35": {
        "cost": 29.08000000181199,
        "ce": 7,
        "cc": 4,
        "z": 0.3399999999999994
    },
    "36": {
        "cost": 31.320000002147992,
        "ce": 6,
        "cc": 5,
        "z": 0.35999999999999943
    },
    "37": {
        "cost": 31.440000002165988,
        "ce": 6,
        "cc": 5,
        "z": 0.36999999999999944
    },
    "38": {
        "cost": 31.56000000218399,
        "ce": 6,
        "cc": 5,
        "z": 0.37999999999999945
    },
    "39": {
        "cost": 31.680000002201993,
        "ce": 6,
        "cc": 5,
        "z": 0.38999999999999946
    },
    "40": {
        "cost": 31.80000000221999,
        "ce": 6,
        "cc": 5,
        "z": 0.39999999999999947
    },
    "41": {
        "cost": 31.92000000223799,
        "ce": 6,
        "cc": 5,
        "z": 0.4099999999999995
    },
    "42": {
        "cost": 32.000000002399986,
        "ce": 5,
        "cc": 5,
        "z": 0.49999999999999956
    },
    "43": {
        "cost": 32.040000002255994,
        "ce": 6,
        "cc": 5,
        "z": 0.4199999999999995
    },
    "44": {
        "cost": 32.16000000227399,
        "ce": 6,
        "cc": 5,
        "z": 0.4299999999999995
    },
    "45": {
        "cost": 32.28000000229199,
        "ce": 6,
        "cc": 5,
        "z": 0.4399999999999995
    },
    "46": {
        "cost": 32.40000000230999,
        "ce": 6,
        "cc": 5,
        "z": 0.4499999999999995
    },
    "47": {
        "cost": 32.52000000232799,
        "ce": 6,
        "cc": 5,
        "z": 0.4599999999999995
    },
    "48": {
        "cost": 32.64000000234599,
        "ce": 6,
        "cc": 5,
        "z": 0.46999999999999953
    },
    "49": {
        "cost": 32.76000000236399,
        "ce": 6,
        "cc": 5,
        "z": 0.47999999999999954
    },
    "50": {
        "cost": 32.88000000238199,
        "ce": 6,
        "cc": 5,
        "z": 0.48999999999999955
    },
    "51": {
        "cost": 35.120000002717994,
        "ce": 5,
        "cc": 6,
        "z": 0.5099999999999996
    },
    "52": {
        "cost": 35.240000002736,
        "ce": 5,
        "cc": 6,
        "z": 0.5199999999999996
    },
    "53": {
        "cost": 35.36000000275399,
        "ce": 5,
        "cc": 6,
        "z": 0.5299999999999996
    },
    "54": {
        "cost": 35.480000002771995,
        "ce": 5,
        "cc": 6,
        "z": 0.5399999999999996
    },
    "55": {
        "cost": 35.60000000279,
        "ce": 5,
        "cc": 6,
        "z": 0.5499999999999996
    },
    "56": {
        "cost": 35.72000000280799,
        "ce": 5,
        "cc": 6,
        "z": 0.5599999999999996
    },
    "57": {
        "cost": 35.840000002825995,
        "ce": 5,
        "cc": 6,
        "z": 0.5699999999999996
    },
    "58": {
        "cost": 35.96000000284399,
        "ce": 5,
        "cc": 6,
        "z": 0.5799999999999996
    },
    "59": {
        "cost": 36.08000000286199,
        "ce": 5,
        "cc": 6,
        "z": 0.5899999999999996
    },
    "60": {
        "cost": 36.200000002879996,
        "ce": 5,
        "cc": 6,
        "z": 0.5999999999999996
    },
    "61": {
        "cost": 36.32000000289799,
        "ce": 5,
        "cc": 6,
        "z": 0.6099999999999997
    },
    "62": {
        "cost": 36.440000002915994,
        "ce": 5,
        "cc": 6,
        "z": 0.6199999999999997
    },
    "63": {
        "cost": 36.560000002934,
        "ce": 5,
        "cc": 6,
        "z": 0.6299999999999997
    },
    "64": {
        "cost": 36.68000000295199,
        "ce": 5,
        "cc": 6,
        "z": 0.6399999999999997
    },
    "65": {
        "cost": 36.800000002969995,
        "ce": 5,
        "cc": 6,
        "z": 0.6499999999999997
    },