{
    "0": {
        "cost": 22.999999999999996,
        "ce": 13,
        "cc": 0,
        "z": 0
    },
    "1": {
        "cost": 28.60000000068998,
        "ce": 12,
        "cc": 2,
        "z": 0.02999999999999925
    },
    "2": {
        "cost": 28.80000000071998,
        "ce": 12,
        "cc": 2,
        "z": 0.03999999999999925
    },
    "3": {
        "cost": 29.00000000074998,
        "ce": 12,
        "cc": 2,
        "z": 0.04999999999999925
    },
    "4": {
        "cost": 29.20000000062998,
        "ce": 13,
        "cc": 2,
        "z": 0.009999999999999247
    },
    "5": {
        "cost": 29.40000000065998,
        "ce": 13,
        "cc": 2,
        "z": 0.019999999999999248
    },
    "6": {
        "cost": 32.200000001079985,
        "ce": 12,
        "cc": 3,
        "z": 0.059999999999999255
    },
    "7": {
        "cost": 32.40000000110999,
        "ce": 12,
        "cc": 3,
        "z": 0.06999999999999926
    },
    "8": {
        "cost": 32.60000000113998,
        "ce": 12,
        "cc": 3,
        "z": 0.07999999999999925
    },
    "9": {
        "cost": 32.800000001169984,
        "ce": 12,
        "cc": 3,
        "z": 0.08999999999999925
    },
    "10": {
        "cost": 33.000000001199986,
        "ce": 12,
        "cc": 3,
        "z": 0.09999999999999924
    },
    "11": {
        "cost": 33.20000000122998,
        "ce": 12,
        "cc": 3,
        "z": 0.10999999999999924
    },
    "12": {
        "cost": 33.40000000125998,
        "ce": 12,
        "cc": 3,
        "z": 0.11999999999999923
    },
    "13": {
        "cost": 35.60000000158998,
        "ce": 11,
        "cc": 4,
        "z": 0.12999999999999923
    },
    "14": {
        "cost": 35.800000001619985,
        "ce": 11,
        "cc": 4,
        "z": 0.13999999999999924
    },
    "15": {
        "cost": 36.00000000164999,
        "ce": 11,
        "cc": 4,
        "z": 0.14999999999999925
    },
    "16": {
        "cost": 36.20000000167998,
        "ce": 11,
        "cc": 4,
        "z": 0.15999999999999925
    },
    "17": {
        "cost": 36.400000001709984,
        "ce": 11,
        "cc": 4,
        "z": 0.16999999999999926
    },
    "18": {
        "cost": 36.600000001739986,
        "ce": 11,
        "cc": 4,
        "z": 0.17999999999999927
    },
    "19": {
        "cost": 36.80000000176999,
        "ce": 11,
        "cc": 4,
        "z": 0.18999999999999928
    },
    "20": {
        "cost": 37.00000000179999,
        "ce": 11,
        "cc": 4,
        "z": 0.1999999999999993
    },
    "21": {
        "cost": 37.200000001829984,
        "ce": 11,
        "cc": 4,
        "z": 0.2099999999999993
    },
    "22": {
        "cost": 39.400000002159985,
        "ce": 10,
        "cc": 5,
        "z": 0.2199999999999993
    },
    "23": {
        "cost": 39.60000000218998,
        "ce": 10,
        "cc": 5,
        "z": 0.22999999999999932
    },
    "24": {
        "cost": 39.80000000221999,
        "ce": 10,
        "cc": 5,
        "z": 0.23999999999999932
    },
    "25": {
        "cost": 40.00000000224998,
        "ce": 10,
        "cc": 5,
        "z": 0.24999999999999933
    },
    "26": {
        "cost": 40.200000002279985,
        "ce": 10,
        "cc": 5,
        "z": 0.25999999999999934
    },
    "27": {
        "cost": 40.40000000230998,
        "ce": 10,
        "cc": 5,
        "z": 0.26999999999999935
    },
    "28": {
        "cost": 40.60000000233998,
        "ce": 10,
        "cc": 5,
        "z": 0.27999999999999936
    },
    "29": {
        "cost": 40.80000000236999,
        "ce": 10,
        "cc": 5,
        "z": 0.28999999999999937
    },
    "30": {
        "cost": 41.000000002399986,
        "ce": 10,
        "cc": 5,
        "z": 0.2999999999999994
    },
    "31": {
        "cost": 43.60000000278998,
        "ce": 9,
        "cc": 6,
        "z": 0.3299999999999994
    },
    "32": {
        "cost": 43.800000002819985,
        "ce": 9,
        "cc": 6,
        "z": 0.3399999999999994
    },
    "33": {
        "cost": 44.00000000284999,
        "ce": 9,
        "cc": 6,
        "z": 0.3499999999999994
    },
    "34": {
        "cost": 44.20000000287999,
        "ce": 9,
        "cc": 6,
        "z": 0.35999999999999943
    },
    "35": {
        "cost": 44.200000002729986,
        "ce": 10,
        "cc": 6,
        "z": 0.3099999999999994
    },
    "36": {
        "cost": 44.400000002909984,
        "ce": 9,
        "cc": 6,
        "z": 0.36999999999999944
    },
    "37": {
        "cost": 44.40000000275998,
        "ce": 10,
        "cc": 6,
        "z": 0.3199999999999994
    },
    "38": {
        "cost": 44.600000002939986,
        "ce": 9,
        "cc": 6,
        "z": 0.37999999999999945
    },
    "39": {
        "cost": 44.80000000296998,
        "ce": 9,
        "cc": 6,
        "z": 0.38999999999999946
    },
    "40": {
        "cost": 47.40000000335999,
        "ce": 8,
        "cc": 7,
        "z": 0.4199999999999995
    },
    "41": {
        "cost": 47.600000003389994,
        "ce": 8,
        "cc": 7,
        "z": 0.4299999999999995
    },
    "42": {
        "cost": 47.80000000341999,
        "ce": 8,
        "cc": 7,
        "z": 0.4399999999999995
    },
    "43": {
        "cost": 48.00000000345,
        "ce": 8,
        "cc": 7,
        "z": 0.4499999999999995
    },
    "44": {
        "cost": 48.000000003299995,
        "ce": 9,
        "cc": 7,
        "z": 0.39999999999999947
    },
    "45": {
        "cost": 48.20000000347999,
        "ce": 8,
        "cc": 7,
        "z": 0.4599999999999995
    },
    "46": {
        "cost": 48.20000000332999,
        "ce": 9,
        "cc": 7,
        "z": 0.4099999999999995
    },
    "47": {
        "cost": 48.400000003509994,
        "ce": 8,
        "cc": 7,
        "z": 0.46999999999999953
    },
    "48": {
        "cost": 48.60000000353999,
        "ce": 8,
        "cc": 7,
        "z": 0.47999999999999954
    },
    "49": {
        "cost": 48.80000000356999,
        "ce": 8,
        "cc": 7,
        "z": 0.48999999999999955
    },
    "50": {
        "cost": 51.20000000392999,
        "ce": 7,
        "cc": 8,
        "z": 0.5099999999999996
    },
    "51": {
        "cost": 51.400000003959995,
        "ce": 7,
        "cc": 8,
        "z": 0.5199999999999996
    },
    "52": {
        "cost": 51.60000000398999,
        "ce": 7,
        "cc": 8,
        "z": 0.5299999999999996
    },
    "53": {
        "cost": 51.80000000401999,
        "ce": 7,
        "cc": 8,
        "z": 0.5399999999999996
    },
    "54": {
        "cost": 52.000000004049994,
        "ce": 7,
        "cc": 8,
        "z": 0.5499999999999996
    },
    "55": {
        "cost": 52.000000003899984,
        "ce": 8,
        "cc": 8,
        "z": 0.49999999999999956
    },
    "56": {
        "cost": 52.200000004079996,
        "ce": 7,
        "cc": 8,
        "z": 0.5599999999999996
    },
    "57": {
        "cost": 52.40000000411,
        "ce": 7,
        "cc": 8,
        "z": 0.5699999999999996
    },
    "58": {
        "cost": 52.60000000413999,
        "ce": 7,
        "cc": 8,
        "z": 0.5799999999999996
    },
    "59": {
        "cost": 55.20000000453,
        "ce": 6,
        "cc": 9,
        "z": 0.6099999999999997
    },
    "60": {
        "cost": 55.40000000456,
        "ce": 6,
        "cc": 9,
        "z": 0.6199999999999997
    },
    "61": {
        "cost": 55.600000004589994,
        "ce": 6,
        "cc": 9,
        "z": 0.6299999999999997
    },
    "62": {
        "cost": 55.80000000461999,
        "ce": 6,
        "cc": 9,
        "z": 0.6399999999999997
    },
    "63": {
        "cost": 55.80000000446999,
        "ce": 7,
        "cc": 9,
        "z": 0.5899999999999996
    },
    "64": {
        "cost": 56.00000000464999,
        "ce": 6,
        "cc": 9,
        "z": 0.6499999999999997
    },
    "65": {
        "cost": 56.000000004499995,
        "ce": 7,
        "cc": 9,
        "z": 0.5999999999999996
    },