{
    "0": {
        "cost": 88.855172412016,
        "ce": 19,
        "cc": 40,
        "z": 0.7
    },
    "1": {
        "cost": 89.0227586189092,
        "ce": 19,
        "cc": 40,
        "z": 0.69
    },
    "2": {
        "cost": 89.50068965338241,
        "ce": 20,
        "cc": 39,
        "z": 0.6799999999999999
    }
}