{
    "0": {
        "cost": 83.80551723970319,
        "ce": 16,
        "cc": 40,
        "z": 0.73
    },
    "1": {
        "cost": 84.43862068796639,
        "ce": 17,
        "cc": 39,
        "z": 0.71
    },
    "2": {
        "cost": 84.9668965500248,
        "ce": 17,
        "cc": 40,
        "z": 0.72
    },
    "3": {
        "cost": 85.0717241362296,
        "ce": 18,
        "cc": 38,
        "z": 0.69
    },
    "4": {
        "cost": 85.599999998288,
        "ce": 18,
        "cc": 39,
        "z": 0.7
    },
    "5": {
        "cost": 85.7048275844928,
        "ce": 19,
        "cc": 37,
        "z": 0.6699999999999999
    },
    "6": {
        "cost": 86.2331034465512,
        "ce": 19,
        "cc": 38,
        "z": 0.6799999999999999
    },
    "7": {
        "cost": 86.33793103275599,
        "ce": 20,
        "cc": 36,
        "z": 0.6499999999999999
    },
    "8": {
        "cost": 86.8662068948144,
        "ce": 20,
        "cc": 37,
        "z": 0.6599999999999999
    }
}