{
    "0": {
        "cost": 18.620689654799996,
        "ce": 0,
        "cc": 15,
        "z": 1.0
    },
    "1": {
        "cost": 20.042758620288797,
        "ce": 2,
        "cc": 14,
        "z": 0.97
    },
    "2": {
        "cost": 20.0799999995984,
        "ce": 2,
        "cc": 14,
        "z": 0.96
    },
    "3": {
        "cost": 20.117241378908,
        "ce": 2,
        "cc": 14,
        "z": 0.95
    },
    "4": {
        "cost": 20.154482758217597,
        "ce": 2,
        "cc": 14,
        "z": 0.94
    },
    "5": {
        "cost": 20.651034482345597,
        "ce": 3,
        "cc": 13,
        "z": 0.8899999999999999
    },
    "6": {
        "cost": 20.6579310340696,
        "ce": 2,
        "cc": 15,
        "z": 0.99
    },
    "7": {
        "cost": 20.6882758616552,
        "ce": 3,
        "cc": 13,
        "z": 0.8799999999999999
    },
    "8": {
        "cost": 20.695172413379197,
        "ce": 2,
        "cc": 15,
        "z": 0.98
    },
    "9": {
        "cost": 20.7255172409648,
        "ce": 3,
        "cc": 13,
        "z": 0.8699999999999999
    },
    "10": {
        "cost": 21.191724137507197,
        "ce": 3,
        "cc": 14,
        "z": 0.9299999999999999
    },
    "11": {
        "cost": 21.228965516816796,
        "ce": 3,
        "cc": 14,
        "z": 0.9199999999999999
    },
    "12": {
        "cost": 21.259310344402397,
        "ce": 4,
        "cc": 12,
        "z": 0.8099999999999998
    },
    "13": {
        "cost": 21.2662068961264,
        "ce": 3,
        "cc": 14,
        "z": 0.9099999999999999
    },
    "14": {
        "cost": 21.296551723712,
        "ce": 4,
        "cc": 12,
        "z": 0.7999999999999998
    },
    "15": {
        "cost": 21.303448275435997,
        "ce": 3,
        "cc": 14,
        "z": 0.8999999999999999
    },
    "16": {
        "cost": 21.7627586202544,
        "ce": 4,
        "cc": 13,
        "z": 0.8599999999999999
    },
    "17": {
        "cost": 21.799999999563997,
        "ce": 4,
        "cc": 13,
        "z": 0.8499999999999999
    },
    "18": {
        "cost": 21.8372413788736,
        "ce": 4,
        "cc": 13,
        "z": 0.8399999999999999
    },
    "19": {
        "cost": 21.8744827581832,
        "ce": 4,
        "cc": 13,
        "z": 0.8299999999999998
    },
    "20": {
        "cost": 21.9048275857688,
        "ce": 5,
        "cc": 11,
        "z": 0.7199999999999998
    },
    "21": {
        "cost": 21.911724137492797,
        "ce": 4,
        "cc": 13,
        "z": 0.8199999999999998
    },
    "22": {
        "cost": 22.333793103001597,
        "ce": 5,
        "cc": 12,
        "z": 0.7899999999999998
    },
    "23": {
        "cost": 22.371034482311195,
        "ce": 5,
        "cc": 12,
        "z": 0.7799999999999998
    },
    "24": {
        "cost": 22.408275861620798,
        "ce": 5,
        "cc": 12,
        "z": 0.7699999999999998
    },
    "25": {
        "cost": 22.445517240930396,
        "ce": 5,
        "cc": 12,
        "z": 0.7599999999999998
    },
    "26": {
        "cost": 22.475862068515998,
        "ce": 6,
        "cc": 10,
        "z": 0.6499999999999997
    },
    "27": {
        "cost": 22.482758620239995,
        "ce": 5,
        "cc": 12,
        "z": 0.7499999999999998
    },
    "28": {
        "cost": 22.513103447825596,
        "ce": 6,
        "cc": 10,
        "z": 0.6399999999999997
    },
    "29": {
        "cost": 22.519999999549597,
        "ce": 5,
        "cc": 12,
        "z": 0.7399999999999998
    },
    "30": {
        "cost": 22.557241378859196,
        "ce": 5,
        "cc": 12,
        "z": 0.7299999999999998
    },
    "31": {
        "cost": 22.9420689650584,
        "ce": 6,
        "cc": 11,
        "z": 0.7099999999999997
    },
    "32": {
        "cost": 22.979310344368,
        "ce": 6,
        "cc": 11,
        "z": 0.6999999999999997
    },
    "33": {
        "cost": 23.016551723677598,
        "ce": 6,
        "cc": 11,
        "z": 0.6899999999999997
    },
    "34": {
        "cost": 23.0537931029872,
        "ce": 6,
        "cc": 11,
        "z": 0.6799999999999997
    },
    "35": {
        "cost": 23.0910344822968,
        "ce": 6,
        "cc": 11,
        "z": 0.6699999999999997
    },
    "36": {
        "cost": 23.1213793098824,
        "ce": 7,
        "cc": 9,
        "z": 0.5599999999999996
    },
    "37": {
        "cost": 23.1282758616064,
        "ce": 6,
        "cc": 11,
        "z": 0.6599999999999997
    },
    "38": {
        "cost": 23.550344827115197,
        "ce": 7,
        "cc": 10,
        "z": 0.6299999999999997
    },
    "39": {
        "cost": 23.587586206424803,
        "ce": 7,
        "cc": 10,
        "z": 0.6199999999999997
    },
    "40": {
        "cost": 23.6248275857344,
        "ce": 7,
        "cc": 10,
        "z": 0.6099999999999997
    },
    "41": {
        "cost": 23.662068965044,
        "ce": 7,
        "cc": 10,
        "z": 0.5999999999999996
    },
    "42": {
        "cost": 23.692413792629598,
        "ce": 8,
        "cc": 8,
        "z": 0.48999999999999955
    },
    "43": {
        "cost": 23.699310344353602,
        "ce": 7,
        "cc": 10,
        "z": 0.5899999999999996
    },
    "44": {
        "cost": 23.7296551719392,
        "ce": 8,
        "cc": 8,
        "z": 0.47999999999999954
    },
    "45": {
        "cost": 23.736551723663197,
        "ce": 7,
        "cc": 10,
        "z": 0.5799999999999996
    },
    "46": {
        "cost": 23.7737931029728,
        "ce": 7,
        "cc": 10,
        "z": 0.5699999999999996
    },
    "47": {
        "cost": 24.158620689171997,
        "ce": 8,
        "cc": 9,
        "z": 0.5499999999999996
    },
    "48": {
        "cost": 24.1958620684816,
        "ce": 8,
        "cc": 9,
        "z": 0.5399999999999996
    },
    "49": {
        "cost": 24.2331034477912,
        "ce": 8,
        "cc": 9,
        "z": 0.5299999999999996
    },
    "50": {
        "cost": 24.2703448271008,
        "ce": 8,
        "cc": 9,
        "z": 0.5199999999999996
    },
    "51": {
        "cost": 24.300689654686398,
        "ce": 9,
        "cc": 7,
        "z": 0.4099999999999995
    },
    "52": {
        "cost": 24.3075862064104,
        "ce": 8,
        "cc": 9,
        "z": 0.5099999999999996
    },
    "53": {
        "cost": 24.337931033995996,
        "ce": 9,
        "cc": 7,
        "z": 0.39999999999999947
    },
    "54": {
        "cost": 24.344827585719997,
        "ce": 8,
        "cc": 9,
        "z": 0.49999999999999956
    },
    "55": {
        "cost": 24.3751724133056,
        "ce": 9,
        "cc": 7,
        "z": 0.38999999999999946
    },
    "56": {
        "cost": 24.766896551228797,
        "ce": 9,
        "cc": 8,
        "z": 0.46999999999999953
    },
    "57": {
        "cost": 24.804137930538396,
        "ce": 9,
        "cc": 8,
        "z": 0.4599999999999995
    },
    "58": {
        "cost": 24.841379309847998,
        "ce": 9,
        "cc": 8,
        "z": 0.4499999999999995
    },
    "59": {
        "cost": 24.8786206891576,
        "ce": 9,
        "cc": 8,
        "z": 0.4399999999999995
    },
    "60": {
        "cost": 24.9158620684672,
        "ce": 9,
        "cc": 8,
        "z": 0.4299999999999995
    },
    "61": {
        "cost": 24.9462068960528,
        "ce": 10,
        "cc": 6,
        "z": 0.3199999999999994
    },
    "62": {
        "cost": 24.9531034477768,
        "ce": 9,
        "cc": 8,
        "z": 0.4199999999999995
    },
    "63": {
        "cost": 25.412413792595196,
        "ce": 10,
        "cc": 7,
        "z": 0.37999999999999945
    },
    "64": {
        "cost": 25.449655171904798,
        "ce": 10,
        "cc": 7,
        "z": 0.36999999999999944
    },
    "65": {
        "cost": 25.4868965512144,
        "ce": 10,
        "cc": 7,
        "z": 0.35999999999999943
    },
    "66": {
        "cost": 25.517241378799998,
        "ce": 11,
        "cc": 5,
        "z": 0.24999999999999933
    },