{
    "0": {
        "cost": 77.87689655016659,
        "ce": 13,
        "cc": 40,
        "z": 0.77
    },
    "1": {
        "cost": 79.0289655156608,
        "ce": 14,
        "cc": 40,
        "z": 0.76
    },
    "2": {
        "cost": 79.10586206738338,
        "ce": 15,
        "cc": 38,
        "z": 0.73
    },
    "3": {
        "cost": 79.49137930875499,
        "ce": 15,
        "cc": 39,
        "z": 0.75
    },
    "4": {
        "cost": 79.64344827426919,
        "ce": 15,
        "cc": 39,
        "z": 0.74
    },
    "5": {
        "cost": 79.72034482599179,
        "ce": 16,
        "cc": 37,
        "z": 0.71
    },
    "6": {
        "cost": 80.2579310328776,
        "ce": 16,
        "cc": 38,
        "z": 0.72
    },
    "7": {
        "cost": 80.33482758460019,
        "ce": 17,
        "cc": 36,
        "z": 0.69
    },
    "8": {
        "cost": 80.872413791486,
        "ce": 17,
        "cc": 37,
        "z": 0.7
    },
    "9": {
        "cost": 80.9493103432086,
        "ce": 18,
        "cc": 35,
        "z": 0.6699999999999999
    },
    "10": {
        "cost": 81.4868965500944,
        "ce": 18,
        "cc": 36,
        "z": 0.6799999999999999
    },
    "11": {
        "cost": 81.563793101817,
        "ce": 19,
        "cc": 34,
        "z": 0.6499999999999999
    },
    "12": {
        "cost": 82.10137930870279,
        "ce": 19,
        "cc": 35,
        "z": 0.6599999999999999
    },
    "13": {
        "cost": 82.7158620673112,
        "ce": 20,
        "cc": 34,
        "z": 0.6399999999999999
    },
    "14": {
        "cost": 82.8679310328254,
        "ce": 20,
        "cc": 34,
        "z": 0.6299999999999999
    }
}