{
    "0": {
        "cost": 73.7713793088694,
        "ce": 11,
        "cc": 40,
        "z": 0.81
    },
    "1": {
        "cost": 74.5193103433372,
        "ce": 12,
        "cc": 39,
        "z": 0.78
    },
    "2": {
        "cost": 74.91724137781199,
        "ce": 12,
        "cc": 40,
        "z": 0.8
    },
    "3": {
        "cost": 75.0631034467746,
        "ce": 12,
        "cc": 40,
        "z": 0.79
    },
    "4": {
        "cost": 75.12137930884239,
        "ce": 13,
        "cc": 38,
        "z": 0.76
    },
    "5": {
        "cost": 75.66517241227979,
        "ce": 13,
        "cc": 39,
        "z": 0.77
    },
    "6": {
        "cost": 75.72344827434759,
        "ce": 14,
        "cc": 37,
        "z": 0.74
    },
    "7": {
        "cost": 76.267241377785,
        "ce": 14,
        "cc": 38,
        "z": 0.75
    },
    "8": {
        "cost": 76.32551723985279,
        "ce": 15,
        "cc": 36,
        "z": 0.72
    },
    "9": {
        "cost": 76.8693103432902,
        "ce": 15,
        "cc": 37,
        "z": 0.73
    },
    "10": {
        "cost": 76.927586205358,
        "ce": 16,
        "cc": 35,
        "z": 0.7
    },
    "11": {
        "cost": 77.4713793087954,
        "ce": 16,
        "cc": 36,
        "z": 0.71
    },
    "12": {
        "cost": 77.52965517086321,
        "ce": 17,
        "cc": 34,
        "z": 0.6799999999999999
    },
    "13": {
        "cost": 78.07344827430059,
        "ce": 17,
        "cc": 35,
        "z": 0.69
    },
    "14": {
        "cost": 78.6755172398058,
        "ce": 18,
        "cc": 34,
        "z": 0.6699999999999999
    },
    "15": {
        "cost": 78.8213793087684,
        "ce": 18,
        "cc": 34,
        "z": 0.6599999999999999
    },
    "16": {
        "cost": 79.277586205311,
        "ce": 19,
        "cc": 33,
        "z": 0.6499999999999999
    },
    "17": {
        "cost": 79.4234482742736,
        "ce": 19,
        "cc": 33,
        "z": 0.6399999999999999
    },
    "18": {
        "cost": 79.87965517081619,
        "ce": 20,
        "cc": 32,
        "z": 0.6299999999999999
    },
    "19": {
        "cost": 80.0255172397788,
        "ce": 20,
        "cc": 32,
        "z": 0.6199999999999999
    }
}