{
    "0": {
        "cost": 4.9999999995,
        "ce": 0,
        "cc": 9,
        "z": 1.0
    },
    "1": {
        "cost": 6.039999999396,
        "ce": 1,
        "cc": 9,
        "z": 0.99
    },
    "2": {
        "cost": 6.746666665991999,
        "ce": 2,
        "cc": 8,
        "z": 0.98
    },
    "3": {
        "cost": 6.786666665987999,
        "ce": 2,
        "cc": 8,
        "z": 0.97
    },
    "4": {
        "cost": 6.826666665983999,
        "ce": 2,
        "cc": 8,
        "z": 0.96
    },
    "5": {
        "cost": 6.866666665979999,
        "ce": 2,
        "cc": 8,
        "z": 0.95
    },
    "6": {
        "cost": 6.906666665975999,
        "ce": 2,
        "cc": 8,
        "z": 0.94
    },
    "7": {
        "cost": 6.946666665972,
        "ce": 2,
        "cc": 8,
        "z": 0.9299999999999999
    },
    "8": {
        "cost": 6.9866666659679995,
        "ce": 2,
        "cc": 8,
        "z": 0.9199999999999999
    },
    "9": {
        "cost": 7.026666665963999,
        "ce": 2,
        "cc": 8,
        "z": 0.9099999999999999
    },
    "10": {
        "cost": 7.06666666596,
        "ce": 2,
        "cc": 8,
        "z": 0.8999999999999999
    },
    "11": {
        "cost": 8.053333332528,
        "ce": 3,
        "cc": 7,
        "z": 0.8199999999999998
    },
    "12": {
        "cost": 8.093333332524,
        "ce": 3,
        "cc": 7,
        "z": 0.8099999999999998
    },
    "13": {
        "cost": 8.106666665856,
        "ce": 3,
        "cc": 8,
        "z": 0.8899999999999999
    },
    "14": {
        "cost": 8.13333333252,
        "ce": 3,
        "cc": 7,
        "z": 0.7999999999999998
    },
    "15": {
        "cost": 8.146666665851999,
        "ce": 3,
        "cc": 8,
        "z": 0.8799999999999999
    },
    "16": {
        "cost": 8.173333332516,
        "ce": 3,
        "cc": 7,
        "z": 0.7899999999999998
    },
    "17": {
        "cost": 8.186666665848,
        "ce": 3,
        "cc": 8,
        "z": 0.8699999999999999
    },
    "18": {
        "cost": 8.213333332512,
        "ce": 3,
        "cc": 7,
        "z": 0.7799999999999998
    },
    "19": {
        "cost": 8.226666665844,
        "ce": 3,
        "cc": 8,
        "z": 0.8599999999999999
    },
    "20": {
        "cost": 8.253333332508,
        "ce": 3,
        "cc": 7,
        "z": 0.7699999999999998
    },
    "21": {
        "cost": 8.26666666584,
        "ce": 3,
        "cc": 8,
        "z": 0.8499999999999999
    },
    "22": {
        "cost": 8.306666665836,
        "ce": 3,
        "cc": 8,
        "z": 0.8399999999999999
    },
    "23": {
        "cost": 8.346666665832,
        "ce": 3,
        "cc": 8,
        "z": 0.8299999999999998
    },
    "24": {
        "cost": 9.293333332404,
        "ce": 4,
        "cc": 7,
        "z": 0.7599999999999998
    },
    "25": {
        "cost": 9.3333333324,
        "ce": 4,
        "cc": 7,
        "z": 0.7499999999999998
    },
    "26": {
        "cost": 9.373333332396001,
        "ce": 4,
        "cc": 7,
        "z": 0.7399999999999998
    },
    "27": {
        "cost": 9.399999999060002,
        "ce": 4,
        "cc": 6,
        "z": 0.6499999999999997
    },
    "28": {
        "cost": 9.413333332392,
        "ce": 4,
        "cc": 7,
        "z": 0.7299999999999998
    },
    "29": {
        "cost": 9.439999999056,
        "ce": 4,
        "cc": 6,
        "z": 0.6399999999999997
    },
    "30": {
        "cost": 9.453333332388,
        "ce": 4,
        "cc": 7,
        "z": 0.7199999999999998
    },
    "31": {
        "cost": 9.479999999052001,
        "ce": 4,
        "cc": 6,
        "z": 0.6299999999999997
    },
    "32": {
        "cost": 9.493333332384001,
        "ce": 4,
        "cc": 7,
        "z": 0.7099999999999997
    },
    "33": {
        "cost": 9.519999999048002,
        "ce": 4,
        "cc": 6,
        "z": 0.6199999999999997
    },
    "34": {
        "cost": 9.53333333238,
        "ce": 4,
        "cc": 7,
        "z": 0.6999999999999997
    },
    "35": {
        "cost": 9.573333332376,
        "ce": 4,
        "cc": 7,
        "z": 0.6899999999999997
    },
    "36": {
        "cost": 9.613333332372001,
        "ce": 4,
        "cc": 7,
        "z": 0.6799999999999997
    },
    "37": {
        "cost": 9.653333332368,
        "ce": 4,
        "cc": 7,
        "z": 0.6699999999999997
    },
    "38": {
        "cost": 9.693333332364,
        "ce": 4,
        "cc": 7,
        "z": 0.6599999999999997
    },
    "39": {
        "cost": 10.559999998944,
        "ce": 5,
        "cc": 6,
        "z": 0.6099999999999997
    },
    "40": {
        "cost": 10.599999998940001,
        "ce": 5,
        "cc": 6,
        "z": 0.5999999999999996
    },
    "41": {
        "cost": 10.639999998936002,
        "ce": 5,
        "cc": 6,
        "z": 0.5899999999999996
    },
    "42": {
        "cost": 10.666666665600001,
        "ce": 5,
        "cc": 5,
        "z": 0.49999999999999956
    },
    "43": {
        "cost": 10.679999998932,
        "ce": 5,
        "cc": 6,
        "z": 0.5799999999999996
    },
    "44": {
        "cost": 10.706666665596,
        "ce": 5,
        "cc": 5,
        "z": 0.48999999999999955
    },
    "45": {
        "cost": 10.719999998928001,
        "ce": 5,
        "cc": 6,
        "z": 0.5699999999999996
    },
    "46": {
        "cost": 10.746666665592002,
        "ce": 5,
        "cc": 5,
        "z": 0.47999999999999954
    },
    "47": {
        "cost": 10.759999998924002,
        "ce": 5,
        "cc": 6,
        "z": 0.5599999999999996
    },
    "48": {
        "cost": 10.786666665588001,
        "ce": 5,
        "cc": 5,
        "z": 0.46999999999999953
    },
    "49": {
        "cost": 10.79999999892,
        "ce": 5,
        "cc": 6,
        "z": 0.5499999999999996
    },
    "50": {
        "cost": 10.839999998916001,
        "ce": 5,
        "cc": 6,
        "z": 0.5399999999999996
    },
    "51": {
        "cost": 10.879999998912002,
        "ce": 5,
        "cc": 6,
        "z": 0.5299999999999996
    },
    "52": {
        "cost": 10.919999998908002,
        "ce": 5,
        "cc": 6,
        "z": 0.5199999999999996
    },
    "53": {
        "cost": 10.959999998904001,
        "ce": 5,
        "cc": 6,
        "z": 0.5099999999999996
    },
    "54": {
        "cost": 11.826666665484002,
        "ce": 6,
        "cc": 5,
        "z": 0.4599999999999995
    },
    "55": {
        "cost": 11.866666665480002,
        "ce": 6,
        "cc": 5,
        "z": 0.4499999999999995
    },
    "56": {
        "cost": 11.906666665476001,
        "ce": 6,
        "cc": 5,
        "z": 0.4399999999999995
    },
    "57": {
        "cost": 11.933333332140002,
        "ce": 6,
        "cc": 4,
        "z": 0.3499999999999994
    },
    "58": {
        "cost": 11.946666665472002,
        "ce": 6,
        "cc": 5,
        "z": 0.4299999999999995
    },
    "59": {
        "cost": 11.973333332136002,
        "ce": 6,
        "cc": 4,
        "z": 0.3399999999999994
    },
    "60": {
        "cost": 11.986666665468002,
        "ce": 6,
        "cc": 5,
        "z": 0.4199999999999995
    },
    "61": {
        "cost": 12.013333332132003,
        "ce": 6,
        "cc": 4,
        "z": 0.3299999999999994
    },
    "62": {
        "cost": 12.026666665464,
        "ce": 6,
        "cc": 5,
        "z": 0.4099999999999995
    },
    "63": {
        "cost": 12.053333332128002,
        "ce": 6,
        "cc": 4,
        "z": 0.3199999999999994
    },
    "64": {
        "cost": 12.066666665460001,
        "ce": 6,
        "cc": 5,
        "z": 0.39999999999999947
    },
    "65": {
        "cost": 12.093333332124002,
        "ce": 6,
        "cc": 4,
        "z": 0.3099999999999994
    },
    "66": {
        "cost": 12.106666665456002,
        "ce": 6,
        "cc": 5,
        "z": 0.38999999999999946
    },
    "67": {
        "cost": 12.146666665452,
        "ce": 6,
        "cc": 5,
        "z": 0.37999999999999945
    },