{
    "0": {
        "cost": 17.24137931,
        "ce": 0,
        "cc": 14,
        "z": 1.0
    },
    "1": {
        "cost": 18.6541379306614,
        "ce": 2,
        "cc": 13,
        "z": 0.97
    },
    "2": {
        "cost": 18.688275861695196,
        "ce": 2,
        "cc": 13,
        "z": 0.96
    },
    "3": {
        "cost": 18.722413792729,
        "ce": 2,
        "cc": 13,
        "z": 0.95
    },
    "4": {
        "cost": 19.2717241375456,
        "ce": 3,
        "cc": 12,
        "z": 0.8799999999999999
    },
    "5": {
        "cost": 19.2755172409938,
        "ce": 2,
        "cc": 14,
        "z": 0.99
    },
    "6": {
        "cost": 19.3096551720276,
        "ce": 2,
        "cc": 14,
        "z": 0.98
    },
    "7": {
        "cost": 19.7565517237428,
        "ce": 3,
        "cc": 13,
        "z": 0.94
    },
    "8": {
        "cost": 19.7906896547766,
        "ce": 3,
        "cc": 13,
        "z": 0.9299999999999999
    },
    "9": {
        "cost": 19.8248275858104,
        "ce": 3,
        "cc": 13,
        "z": 0.9199999999999999
    },
    "10": {
        "cost": 19.8589655168442,
        "ce": 3,
        "cc": 13,
        "z": 0.9099999999999999
    },
    "11": {
        "cost": 19.893103447877998,
        "ce": 3,
        "cc": 13,
        "z": 0.8999999999999999
    },
    "12": {
        "cost": 19.927241378911802,
        "ce": 3,
        "cc": 13,
        "z": 0.8899999999999999
    },
    "13": {
        "cost": 20.3058620685594,
        "ce": 4,
        "cc": 12,
        "z": 0.8699999999999999
    },
    "14": {
        "cost": 20.339999999593196,
        "ce": 4,
        "cc": 12,
        "z": 0.8599999999999999
    },
    "15": {
        "cost": 20.374137930627,
        "ce": 4,
        "cc": 12,
        "z": 0.8499999999999999
    },
    "16": {
        "cost": 20.408275861660798,
        "ce": 4,
        "cc": 12,
        "z": 0.8399999999999999
    },
    "17": {
        "cost": 20.442413792694598,
        "ce": 4,
        "cc": 12,
        "z": 0.8299999999999998
    },
    "18": {
        "cost": 20.4765517237284,
        "ce": 4,
        "cc": 12,
        "z": 0.8199999999999998
    },
    "19": {
        "cost": 20.5106896547622,
        "ce": 4,
        "cc": 12,
        "z": 0.8099999999999998
    },
    "20": {
        "cost": 20.544827585796,
        "ce": 4,
        "cc": 12,
        "z": 0.7999999999999998
    },
    "21": {
        "cost": 20.8893103444098,
        "ce": 5,
        "cc": 11,
        "z": 0.7899999999999998
    },
    "22": {
        "cost": 20.923448275443597,
        "ce": 5,
        "cc": 11,
        "z": 0.7799999999999998
    },
    "23": {
        "cost": 20.957586206477398,
        "ce": 5,
        "cc": 11,
        "z": 0.7699999999999998
    },
    "24": {
        "cost": 20.9917241375112,
        "ce": 5,
        "cc": 11,
        "z": 0.7599999999999998
    },
    "25": {
        "cost": 21.025862068545,
        "ce": 5,
        "cc": 11,
        "z": 0.7499999999999998
    },
    "26": {
        "cost": 21.0599999995788,
        "ce": 5,
        "cc": 11,
        "z": 0.7399999999999998
    },
    "27": {
        "cost": 21.094137930612597,
        "ce": 5,
        "cc": 11,
        "z": 0.7299999999999998
    },
    "28": {
        "cost": 21.128275861646397,
        "ce": 5,
        "cc": 11,
        "z": 0.7199999999999998
    },
    "29": {
        "cost": 21.472758620260198,
        "ce": 6,
        "cc": 10,
        "z": 0.7099999999999997
    },
    "30": {
        "cost": 21.506896551294,
        "ce": 6,
        "cc": 10,
        "z": 0.6999999999999997
    },
    "31": {
        "cost": 21.5410344823278,
        "ce": 6,
        "cc": 10,
        "z": 0.6899999999999997
    },
    "32": {
        "cost": 21.5751724133616,
        "ce": 6,
        "cc": 10,
        "z": 0.6799999999999997
    },
    "33": {
        "cost": 21.6093103443954,
        "ce": 6,
        "cc": 10,
        "z": 0.6699999999999997
    },
    "34": {
        "cost": 21.6434482754292,
        "ce": 6,
        "cc": 10,
        "z": 0.6599999999999997
    },
    "35": {
        "cost": 21.677586206462998,
        "ce": 6,
        "cc": 10,
        "z": 0.6499999999999997
    },
    "36": {
        "cost": 21.7117241374968,
        "ce": 6,
        "cc": 10,
        "z": 0.6399999999999997
    },
    "37": {
        "cost": 21.7458620685306,
        "ce": 6,
        "cc": 10,
        "z": 0.6299999999999997
    },
    "38": {
        "cost": 22.124482758178196,
        "ce": 7,
        "cc": 9,
        "z": 0.6099999999999997
    },
    "39": {
        "cost": 22.158620689212,
        "ce": 7,
        "cc": 9,
        "z": 0.5999999999999996
    },
    "40": {
        "cost": 22.192758620245797,
        "ce": 7,
        "cc": 9,
        "z": 0.5899999999999996
    },
    "41": {
        "cost": 22.226896551279598,
        "ce": 7,
        "cc": 9,
        "z": 0.5799999999999996
    },
    "42": {
        "cost": 22.2610344823134,
        "ce": 7,
        "cc": 9,
        "z": 0.5699999999999996
    },
    "43": {
        "cost": 22.2951724133472,
        "ce": 7,
        "cc": 9,
        "z": 0.5599999999999996
    },
    "44": {
        "cost": 22.329310344381,
        "ce": 7,
        "cc": 9,
        "z": 0.5499999999999996
    },
    "45": {
        "cost": 22.363448275414797,
        "ce": 7,
        "cc": 9,
        "z": 0.5399999999999996
    },
    "46": {
        "cost": 22.707931034028597,
        "ce": 8,
        "cc": 8,
        "z": 0.5299999999999996
    },
    "47": {
        "cost": 22.742068965062398,
        "ce": 8,
        "cc": 8,
        "z": 0.5199999999999996
    },
    "48": {
        "cost": 22.7762068960962,
        "ce": 8,
        "cc": 8,
        "z": 0.5099999999999996
    },
    "49": {
        "cost": 22.7799999995444,
        "ce": 7,
        "cc": 10,
        "z": 0.6199999999999997
    },
    "50": {
        "cost": 22.81034482713,
        "ce": 8,
        "cc": 8,
        "z": 0.49999999999999956
    },
    "51": {
        "cost": 22.8444827581638,
        "ce": 8,
        "cc": 8,
        "z": 0.48999999999999955
    },
    "52": {
        "cost": 22.8786206891976,
        "ce": 8,
        "cc": 8,
        "z": 0.47999999999999954
    },
    "53": {
        "cost": 22.9127586202314,
        "ce": 8,
        "cc": 8,
        "z": 0.46999999999999953
    },
    "54": {
        "cost": 22.9468965512652,
        "ce": 8,
        "cc": 8,
        "z": 0.4599999999999995
    },
    "55": {
        "cost": 23.325517240912795,
        "ce": 9,
        "cc": 7,
        "z": 0.4399999999999995
    },
    "56": {
        "cost": 23.3596551719466,
        "ce": 9,
        "cc": 7,
        "z": 0.4299999999999995
    },
    "57": {
        "cost": 23.393793102980396,
        "ce": 9,
        "cc": 7,
        "z": 0.4199999999999995
    },
    "58": {
        "cost": 23.427931034014197,
        "ce": 9,
        "cc": 7,
        "z": 0.4099999999999995
    },
    "59": {
        "cost": 23.462068965047997,
        "ce": 9,
        "cc": 7,
        "z": 0.39999999999999947
    },
    "60": {
        "cost": 23.496206896081798,
        "ce": 9,
        "cc": 7,
        "z": 0.38999999999999946
    },
    "61": {
        "cost": 23.5303448271156,
        "ce": 9,
        "cc": 7,
        "z": 0.37999999999999945
    },
    "62": {
        "cost": 23.5644827581494,
        "ce": 9,
        "cc": 7,
        "z": 0.36999999999999944
    },
    "63": {
        "cost": 23.943103447797,
        "ce": 10,
        "cc": 6,
        "z": 0.3499999999999994
    },
    "64": {
        "cost": 23.977241378830797,
        "ce": 10,
        "cc": 6,
        "z": 0.3399999999999994
    },
    "65": {
        "cost": 23.981034482279,
        "ce": 9,
        "cc": 8,
        "z": 0.4499999999999995
    },
    "66": {
        "cost": 24.011379309864598,
        "ce": 10,
        "cc": 6,
        "z": 0.3299999999999994
    },
    "67": {
        "cost": 24.0455172408984,