{
    "0": {
        "cost": 13.103448275599998,
        "ce": 0,
        "cc": 11,
        "z": 1.0
    },
    "1": {
        "cost": 14.128275861786397,
        "ce": 1,
        "cc": 11,
        "z": 0.99
    },
    "2": {
        "cost": 14.463448275572802,
        "ce": 2,
        "cc": 10,
        "z": 0.98
    },
    "3": {
        "cost": 14.4882758617792,
        "ce": 2,
        "cc": 10,
        "z": 0.97
    },
    "4": {
        "cost": 14.5131034479856,
        "ce": 2,
        "cc": 10,
        "z": 0.96
    },
    "5": {
        "cost": 14.537931034191999,
        "ce": 2,
        "cc": 10,
        "z": 0.95
    },
    "6": {
        "cost": 14.562758620398402,
        "ce": 2,
        "cc": 10,
        "z": 0.94
    },
    "7": {
        "cost": 14.5875862066048,
        "ce": 2,
        "cc": 10,
        "z": 0.9299999999999999
    },
    "8": {
        "cost": 14.6124137928112,
        "ce": 2,
        "cc": 10,
        "z": 0.9199999999999999
    },
    "9": {
        "cost": 15.1213793100424,
        "ce": 3,
        "cc": 9,
        "z": 0.8399999999999999
    },
    "10": {
        "cost": 15.1462068962488,
        "ce": 3,
        "cc": 9,
        "z": 0.8299999999999998
    },
    "11": {
        "cost": 15.1710344824552,
        "ce": 3,
        "cc": 9,
        "z": 0.8199999999999998
    },
    "12": {
        "cost": 15.195862068661599,
        "ce": 3,
        "cc": 9,
        "z": 0.8099999999999998
    },
    "13": {
        "cost": 15.637241378997599,
        "ce": 3,
        "cc": 10,
        "z": 0.9099999999999999
    },
    "14": {
        "cost": 15.662068965204,
        "ce": 3,
        "cc": 10,
        "z": 0.8999999999999999
    },
    "15": {
        "cost": 15.686896551410399,
        "ce": 3,
        "cc": 10,
        "z": 0.8899999999999999
    },
    "16": {
        "cost": 15.704827585892799,
        "ce": 4,
        "cc": 8,
        "z": 0.7299999999999998
    },
    "17": {
        "cost": 15.711724137616798,
        "ce": 3,
        "cc": 10,
        "z": 0.8799999999999999
    },
    "18": {
        "cost": 15.7296551720992,
        "ce": 4,
        "cc": 8,
        "z": 0.7199999999999998
    },
    "19": {
        "cost": 15.7365517238232,
        "ce": 3,
        "cc": 10,
        "z": 0.8699999999999999
    },
    "20": {
        "cost": 15.754482758305599,
        "ce": 4,
        "cc": 8,
        "z": 0.7099999999999997
    },
    "21": {
        "cost": 15.7613793100296,
        "ce": 3,
        "cc": 10,
        "z": 0.8599999999999999
    },
    "22": {
        "cost": 15.779310344512,
        "ce": 4,
        "cc": 8,
        "z": 0.6999999999999997
    },
    "23": {
        "cost": 15.786206896236,
        "ce": 3,
        "cc": 10,
        "z": 0.8499999999999999
    },
    "24": {
        "cost": 16.220689654848,
        "ce": 4,
        "cc": 9,
        "z": 0.7999999999999998
    },
    "25": {
        "cost": 16.2455172410544,
        "ce": 4,
        "cc": 9,
        "z": 0.7899999999999998
    },
    "26": {
        "cost": 16.2703448272608,
        "ce": 4,
        "cc": 9,
        "z": 0.7799999999999998
    },
    "27": {
        "cost": 16.2951724134672,
        "ce": 4,
        "cc": 9,
        "z": 0.7699999999999998
    },
    "28": {
        "cost": 16.313103447949597,
        "ce": 5,
        "cc": 7,
        "z": 0.6099999999999997
    },
    "29": {
        "cost": 16.319999999673602,
        "ce": 4,
        "cc": 9,
        "z": 0.7599999999999998
    },
    "30": {
        "cost": 16.337931034156,
        "ce": 5,
        "cc": 7,
        "z": 0.5999999999999996
    },
    "31": {
        "cost": 16.34482758588,
        "ce": 4,
        "cc": 9,
        "z": 0.7499999999999998
    },
    "32": {
        "cost": 16.3627586203624,
        "ce": 5,
        "cc": 7,
        "z": 0.5899999999999996
    },
    "33": {
        "cost": 16.3696551720864,
        "ce": 4,
        "cc": 9,
        "z": 0.7399999999999998
    },
    "34": {
        "cost": 16.3875862065688,
        "ce": 5,
        "cc": 7,
        "z": 0.5799999999999996
    },
    "35": {
        "cost": 16.8041379306984,
        "ce": 5,
        "cc": 8,
        "z": 0.6899999999999997
    },
    "36": {
        "cost": 16.828965516904802,
        "ce": 5,
        "cc": 8,
        "z": 0.6799999999999997
    },
    "37": {
        "cost": 16.8537931031112,
        "ce": 5,
        "cc": 8,
        "z": 0.6699999999999997
    },
    "38": {
        "cost": 16.8786206893176,
        "ce": 5,
        "cc": 8,
        "z": 0.6599999999999997
    },
    "39": {
        "cost": 16.903448275524,
        "ce": 5,
        "cc": 8,
        "z": 0.6499999999999997
    },
    "40": {
        "cost": 16.921379310006397,
        "ce": 6,
        "cc": 6,
        "z": 0.48999999999999955
    },
    "41": {
        "cost": 16.9282758617304,
        "ce": 5,
        "cc": 8,
        "z": 0.6399999999999997
    },
    "42": {
        "cost": 16.946206896212797,
        "ce": 6,
        "cc": 6,
        "z": 0.47999999999999954
    },
    "43": {
        "cost": 16.9531034479368,
        "ce": 5,
        "cc": 8,
        "z": 0.6299999999999997
    },
    "44": {
        "cost": 16.971034482419196,
        "ce": 6,
        "cc": 6,
        "z": 0.46999999999999953
    },
    "45": {
        "cost": 16.9779310341432,
        "ce": 5,
        "cc": 8,
        "z": 0.6199999999999997
    },
    "46": {
        "cost": 16.9958620686256,
        "ce": 6,
        "cc": 6,
        "z": 0.4599999999999995
    },
    "47": {
        "cost": 17.4124137927552,
        "ce": 6,
        "cc": 7,
        "z": 0.5699999999999996
    },
    "48": {
        "cost": 17.4372413789616,
        "ce": 6,
        "cc": 7,
        "z": 0.5599999999999996
    },
    "49": {
        "cost": 17.462068965168,
        "ce": 6,
        "cc": 7,
        "z": 0.5499999999999996
    },
    "50": {
        "cost": 17.4868965513744,
        "ce": 6,
        "cc": 7,
        "z": 0.5399999999999996
    },
    "51": {
        "cost": 17.5117241375808,
        "ce": 6,
        "cc": 7,
        "z": 0.5299999999999996
    },
    "52": {
        "cost": 17.5296551720632,
        "ce": 7,
        "cc": 5,
        "z": 0.36999999999999944
    },
    "53": {
        "cost": 17.5365517237872,
        "ce": 6,
        "cc": 7,
        "z": 0.5199999999999996
    },
    "54": {
        "cost": 17.5544827582696,
        "ce": 7,
        "cc": 5,
        "z": 0.35999999999999943
    },
    "55": {
        "cost": 17.5613793099936,
        "ce": 6,
        "cc": 7,
        "z": 0.5099999999999996
    },
    "56": {
        "cost": 17.579310344476,
        "ce": 7,
        "cc": 5,
        "z": 0.3499999999999994
    },
    "57": {
        "cost": 17.5862068962,
        "ce": 6,
        "cc": 7,
        "z": 0.49999999999999956
    },
    "58": {
        "cost": 17.6041379306824,
        "ce": 7,
        "cc": 5,
        "z": 0.3399999999999994
    },
    "59": {
        "cost": 17.999999999639996,
        "ce": 10,
        "cc": 0,
        "z": 0
    },
    "60": {
        "cost": 18.020689654812,
        "ce": 7,
        "cc": 6,
        "z": 0.4499999999999995
    },
    "61": {
        "cost": 18.045517241018402,
        "ce": 7,
        "cc": 6,
        "z": 0.4399999999999995
    },
    "62": {
        "cost": 18.0703448272248,
        "ce": 7,
        "cc": 6,
        "z": 0.4299999999999995
    },
    "63": {
        "cost": 18.0951724134312,
        "ce": 7,
        "cc": 6,
        "z": 0.4199999999999995
    },
    "64": {
        "cost": 18.113103447913602,
        "ce": 8,
        "cc": 4,
        "z": 0.25999999999999934
    },
    "65": {
        "cost": 18.1199999996376,
        "ce": 7,
        "cc": 6,
        "z": 0.4099999999999995
    },
    "66": {
        "cost": 18.13793103412,
        "ce": 8,
        "cc": 4,
        "z": 0.24999999999999933
    },
    "67": {
        "cost": 18.144827585844,
        "ce": 7,
        "cc": 6,