{
    "0": {
        "cost": 67.8427586193328,
        "ce": 8,
        "cc": 40,
        "z": 0.86
    },
    "1": {
        "cost": 68.4262068951832,
        "ce": 9,
        "cc": 39,
        "z": 0.84
    },
    "2": {
        "cost": 68.97931034344799,
        "ce": 9,
        "cc": 40,
        "z": 0.85
    },
    "3": {
        "cost": 69.0096551710336,
        "ce": 10,
        "cc": 38,
        "z": 0.82
    },
    "4": {
        "cost": 69.56275861929839,
        "ce": 10,
        "cc": 39,
        "z": 0.83
    },
    "5": {
        "cost": 70.1462068951488,
        "ce": 11,
        "cc": 38,
        "z": 0.8099999999999999
    },
    "6": {
        "cost": 70.282758619284,
        "ce": 11,
        "cc": 38,
        "z": 0.7999999999999999
    },
    "7": {
        "cost": 70.3131034468696,
        "ce": 12,
        "cc": 36,
        "z": 0.7699999999999999
    },
    "8": {
        "cost": 70.7296551709992,
        "ce": 12,
        "cc": 37,
        "z": 0.7899999999999999
    },
    "9": {
        "cost": 70.8662068951344,
        "ce": 12,
        "cc": 37,
        "z": 0.7799999999999999
    },
    "10": {
        "cost": 70.89655172271999,
        "ce": 13,
        "cc": 35,
        "z": 0.7499999999999999
    },
    "11": {
        "cost": 71.4496551709848,
        "ce": 13,
        "cc": 36,
        "z": 0.7599999999999999
    },
    "12": {
        "cost": 71.4799999985704,
        "ce": 14,
        "cc": 34,
        "z": 0.7299999999999999
    },
    "13": {
        "cost": 72.0331034468352,
        "ce": 14,
        "cc": 35,
        "z": 0.7399999999999999
    },
    "14": {
        "cost": 72.6165517226856,
        "ce": 15,
        "cc": 34,
        "z": 0.7199999999999999
    },
    "15": {
        "cost": 72.7531034468208,
        "ce": 15,
        "cc": 34,
        "z": 0.7099999999999999
    },
    "16": {
        "cost": 72.7834482744064,
        "ce": 16,
        "cc": 32,
        "z": 0.6799999999999998
    },
    "17": {
        "cost": 73.19999999853599,
        "ce": 16,
        "cc": 33,
        "z": 0.6999999999999998
    },
    "18": {
        "cost": 73.33655172267119,
        "ce": 16,
        "cc": 33,
        "z": 0.6899999999999998
    },
    "19": {
        "cost": 73.9199999985216,
        "ce": 17,
        "cc": 32,
        "z": 0.6699999999999998
    },
    "20": {
        "cost": 74.05655172265679,
        "ce": 17,
        "cc": 32,
        "z": 0.6599999999999998
    },
    "21": {
        "cost": 74.50344827437199,
        "ce": 18,
        "cc": 31,
        "z": 0.6499999999999998
    },
    "22": {
        "cost": 74.6399999985072,
        "ce": 18,
        "cc": 31,
        "z": 0.6399999999999998
    },
    "23": {
        "cost": 75.0868965502224,
        "ce": 19,
        "cc": 30,
        "z": 0.6299999999999998
    },
    "24": {
        "cost": 75.2234482743576,
        "ce": 19,
        "cc": 30,
        "z": 0.6199999999999998
    },
    "25": {
        "cost": 75.35999999849281,
        "ce": 19,
        "cc": 30,
        "z": 0.6099999999999998
    },
    "26": {
        "cost": 75.806896550208,
        "ce": 20,
        "cc": 29,
        "z": 0.5999999999999998
    },
    "27": {
        "cost": 75.9434482743432,
        "ce": 20,
        "cc": 29,
        "z": 0.5899999999999997
    }
}