{
    "0": {
        "cost": 28.2758620684,
        "ce": 0,
        "cc": 22,
        "z": 1.0
    },
    "1": {
        "cost": 29.7631034476806,
        "ce": 2,
        "cc": 21,
        "z": 0.97
    },
    "2": {
        "cost": 30.3093103442214,
        "ce": 3,
        "cc": 20,
        "z": 0.9299999999999999
    },
    "3": {
        "cost": 30.334827585600195,
        "ce": 2,
        "cc": 22,
        "z": 0.99
    },
    "4": {
        "cost": 30.368275861461598,
        "ce": 3,
        "cc": 20,
        "z": 0.9199999999999999
    },
    "5": {
        "cost": 30.393793102840398,
        "ce": 2,
        "cc": 22,
        "z": 0.98
    },
    "6": {
        "cost": 30.822068964900794,
        "ce": 3,
        "cc": 21,
        "z": 0.96
    },
    "7": {
        "cost": 30.881034482140997,
        "ce": 3,
        "cc": 21,
        "z": 0.95
    },
    "8": {
        "cost": 30.9399999993812,
        "ce": 3,
        "cc": 21,
        "z": 0.94
    },
    "9": {
        "cost": 30.973448275242596,
        "ce": 4,
        "cc": 19,
        "z": 0.8699999999999999
    },
    "10": {
        "cost": 31.4272413786818,
        "ce": 4,
        "cc": 20,
        "z": 0.9099999999999999
    },
    "11": {
        "cost": 31.486206895922003,
        "ce": 4,
        "cc": 20,
        "z": 0.8999999999999999
    },
    "12": {
        "cost": 31.5451724131622,
        "ce": 4,
        "cc": 20,
        "z": 0.8899999999999999
    },
    "13": {
        "cost": 31.5786206890236,
        "ce": 5,
        "cc": 18,
        "z": 0.8199999999999998
    },
    "14": {
        "cost": 31.604137930402402,
        "ce": 4,
        "cc": 20,
        "z": 0.8799999999999999
    },
    "15": {
        "cost": 32.0324137924628,
        "ce": 5,
        "cc": 19,
        "z": 0.8599999999999999
    },
    "16": {
        "cost": 32.091379309703,
        "ce": 5,
        "cc": 19,
        "z": 0.8499999999999999
    },
    "17": {
        "cost": 32.1503448269432,
        "ce": 5,
        "cc": 19,
        "z": 0.8399999999999999
    },
    "18": {
        "cost": 32.1837931028046,
        "ce": 6,
        "cc": 17,
        "z": 0.7699999999999998
    },
    "19": {
        "cost": 32.2093103441834,
        "ce": 5,
        "cc": 19,
        "z": 0.8299999999999998
    },
    "20": {
        "cost": 32.6375862062438,
        "ce": 6,
        "cc": 18,
        "z": 0.8099999999999998
    },
    "21": {
        "cost": 32.696551723484,
        "ce": 6,
        "cc": 18,
        "z": 0.7999999999999998
    },
    "22": {
        "cost": 32.7555172407242,
        "ce": 6,
        "cc": 18,
        "z": 0.7899999999999998
    },
    "23": {
        "cost": 32.7889655165856,
        "ce": 7,
        "cc": 16,
        "z": 0.7199999999999998
    },
    "24": {
        "cost": 32.8144827579644,
        "ce": 6,
        "cc": 18,
        "z": 0.7799999999999998
    },
    "25": {
        "cost": 33.2427586200248,
        "ce": 7,
        "cc": 17,
        "z": 0.7599999999999998
    },
    "26": {
        "cost": 33.301724137265,
        "ce": 7,
        "cc": 17,
        "z": 0.7499999999999998
    },
    "27": {
        "cost": 33.3606896545052,
        "ce": 7,
        "cc": 17,
        "z": 0.7399999999999998
    },
    "28": {
        "cost": 33.419655171745404,
        "ce": 7,
        "cc": 17,
        "z": 0.7299999999999998
    },
    "29": {
        "cost": 33.8479310338058,
        "ce": 8,
        "cc": 16,
        "z": 0.7099999999999997
    },
    "30": {
        "cost": 33.906896551046,
        "ce": 8,
        "cc": 16,
        "z": 0.6999999999999997
    },
    "31": {
        "cost": 33.9658620682862,
        "ce": 8,
        "cc": 16,
        "z": 0.6899999999999997
    },
    "32": {
        "cost": 34.0248275855264,
        "ce": 8,
        "cc": 16,
        "z": 0.6799999999999997
    },
    "33": {
        "cost": 34.083793102766606,
        "ce": 8,
        "cc": 16,
        "z": 0.6699999999999997
    },
    "34": {
        "cost": 34.4531034475868,
        "ce": 9,
        "cc": 15,
        "z": 0.6599999999999997
    },
    "35": {
        "cost": 34.512068964827,
        "ce": 9,
        "cc": 15,
        "z": 0.6499999999999997
    },
    "36": {
        "cost": 34.571034482067205,
        "ce": 9,
        "cc": 15,
        "z": 0.6399999999999997
    },
    "37": {
        "cost": 34.6299999993074,
        "ce": 9,
        "cc": 15,
        "z": 0.6299999999999997
    },
    "38": {
        "cost": 34.6889655165476,
        "ce": 9,
        "cc": 15,
        "z": 0.6199999999999997
    },
    "39": {
        "cost": 35.0582758613678,
        "ce": 10,
        "cc": 14,
        "z": 0.6099999999999997
    },
    "40": {
        "cost": 35.117241378608,
        "ce": 10,
        "cc": 14,
        "z": 0.5999999999999996
    },
    "41": {
        "cost": 35.176206895848196,
        "ce": 10,
        "cc": 14,
        "z": 0.5899999999999996
    },
    "42": {
        "cost": 35.2351724130884,
        "ce": 10,
        "cc": 14,
        "z": 0.5799999999999996
    },
    "43": {
        "cost": 35.2941379303286,
        "ce": 10,
        "cc": 14,
        "z": 0.5699999999999996
    },
    "44": {
        "cost": 35.6634482751488,
        "ce": 11,
        "cc": 13,
        "z": 0.5599999999999996
    },
    "45": {
        "cost": 35.722413792389005,
        "ce": 11,
        "cc": 13,
        "z": 0.5499999999999996
    },
    "46": {
        "cost": 35.7813793096292,
        "ce": 11,
        "cc": 13,
        "z": 0.5399999999999996
    },
    "47": {
        "cost": 35.8403448268694,
        "ce": 11,
        "cc": 13,
        "z": 0.5299999999999996
    },
    "48": {
        "cost": 35.8993103441096,
        "ce": 11,
        "cc": 13,
        "z": 0.5199999999999996
    },
    "49": {
        "cost": 36.2686206889298,
        "ce": 12,
        "cc": 12,
        "z": 0.5099999999999996
    },
    "50": {
        "cost": 36.32758620617,
        "ce": 12,
        "cc": 12,
        "z": 0.49999999999999956
    },
    "51": {
        "cost": 36.3865517234102,
        "ce": 12,
        "cc": 12,
        "z": 0.48999999999999955
    },
    "52": {
        "cost": 36.445517240650396,
        "ce": 12,
        "cc": 12,
        "z": 0.47999999999999954
    },
    "53": {
        "cost": 36.4789655165118,
        "ce": 13,
        "cc": 10,
        "z": 0.4099999999999995
    },
    "54": {
        "cost": 36.5044827578906,
        "ce": 12,
        "cc": 12,
        "z": 0.46999999999999953
    },
    "55": {
        "cost": 36.8737931027108,
        "ce": 13,
        "cc": 11,
        "z": 0.4599999999999995
    },
    "56": {
        "cost": 36.932758619951,
        "ce": 13,
        "cc": 11,
        "z": 0.4499999999999995
    },
    "57": {
        "cost": 36.991724137191206,
        "ce": 13,
        "cc": 11,
        "z": 0.4399999999999995
    },
    "58": {
        "cost": 37.0506896544314,
        "ce": 13,
        "cc": 11,
        "z": 0.4299999999999995
    },
    "59": {
        "cost": 37.109655171671605,
        "ce": 13,
        "cc": 11,
        "z": 0.4199999999999995
    },
    "60": {
        "cost": 37.537931033732,
        "ce": 14,
        "cc": 10,
        "z": 0.39999999999999947
    },
    "61": {
        "cost": 37.596896550972204,
        "ce": 14,
        "cc": 10,
        "z": 0.38999999999999946
    },
    "62": {
        "cost": 37.6558620682124,
        "ce": 14,
        "cc": 10,
        "z": 0.37999999999999945
    },
    "63": {
        "cost": 37.7148275854526,
        "ce": 14,
        "cc": 10,
        "z": 0.36999999999999944
    },
    "64": {
        "cost": 37.7737931026928,
        "ce": 14,
        "cc": 10,
        "z": 0.35999999999999943
    },
    "65": {
        "cost": 38.143103447513,
        "ce": 15,
        "cc": 9,
        "z": 0.3499999999999994
    },
    "66": {
        "cost": 38.2020689647532,
        "ce": 15,
        "cc": 9,
        "z": 0.3399999999999994
    },