{
    "0": {
        "cost": 125.04000000870597,
        "ce": 20,
        "cc": 16,
        "z": 0.4199999999999995
    },
    "1": {
        "cost": 125.66000000879897,
        "ce": 20,
        "cc": 16,
        "z": 0.4299999999999995
    },
    "2": {
        "cost": 126.28000000889197,
        "ce": 20,
        "cc": 16,
        "z": 0.4399999999999995
    },
    "3": {
        "cost": 129.52000000937795,
        "ce": 19,
        "cc": 17,
        "z": 0.4599999999999995
    },
    "4": {
        "cost": 129.90000000928495,
        "ce": 20,
        "cc": 17,
        "z": 0.4499999999999995
    },
    "5": {
        "cost": 130.14000000947095,
        "ce": 19,
        "cc": 17,
        "z": 0.46999999999999953
    },
    "6": {
        "cost": 133.38000000995697,
        "ce": 18,
        "cc": 18,
        "z": 0.48999999999999955
    },
    "7": {
        "cost": 133.76000000986397,
        "ce": 19,
        "cc": 18,
        "z": 0.47999999999999954
    },
    "8": {
        "cost": 134.00000001004997,
        "ce": 18,
        "cc": 18,
        "z": 0.49999999999999956
    },
    "9": {
        "cost": 137.240000010536,
        "ce": 17,
        "cc": 19,
        "z": 0.5199999999999996
    },
    "10": {
        "cost": 137.620000010443,
        "ce": 18,
        "cc": 19,
        "z": 0.5099999999999996
    },
    "11": {
        "cost": 137.86000001062897,
        "ce": 17,
        "cc": 19,
        "z": 0.5299999999999996
    },
    "12": {
        "cost": 141.100000011115,
        "ce": 16,
        "cc": 20,
        "z": 0.5499999999999996
    },
    "13": {
        "cost": 141.48000001102199,
        "ce": 17,
        "cc": 20,
        "z": 0.5399999999999996
    },
    "14": {
        "cost": 141.720000011208,
        "ce": 16,
        "cc": 20,
        "z": 0.5599999999999996
    },
    "15": {
        "cost": 142.34000001130096,
        "ce": 16,
        "cc": 20,
        "z": 0.5699999999999996
    },
    "16": {
        "cost": 144.96000001169398,
        "ce": 15,
        "cc": 21,
        "z": 0.5799999999999996
    },
    "17": {
        "cost": 145.58000001178698,
        "ce": 15,
        "cc": 21,
        "z": 0.5899999999999996
    },
    "18": {
        "cost": 148.820000012273,
        "ce": 14,
        "cc": 22,
        "z": 0.6099999999999997
    },
    "19": {
        "cost": 149.20000001218,
        "ce": 15,
        "cc": 22,
        "z": 0.5999999999999996
    },
    "20": {
        "cost": 149.440000012366,
        "ce": 14,
        "cc": 22,
        "z": 0.6199999999999997
    },
    "21": {
        "cost": 150.060000012459,
        "ce": 14,
        "cc": 22,
        "z": 0.6299999999999997
    },
    "22": {
        "cost": 153.300000012945,
        "ce": 13,
        "cc": 23,
        "z": 0.6499999999999997
    },
    "23": {
        "cost": 153.680000012852,
        "ce": 14,
        "cc": 23,
        "z": 0.6399999999999997
    },
    "24": {
        "cost": 153.92000001303796,
        "ce": 13,
        "cc": 23,
        "z": 0.6599999999999997
    },
    "25": {
        "cost": 157.16000001352398,
        "ce": 12,
        "cc": 24,
        "z": 0.6799999999999997
    },
    "26": {
        "cost": 157.54000001343098,
        "ce": 13,
        "cc": 24,
        "z": 0.6699999999999997
    },
    "27": {
        "cost": 157.78000001361698,
        "ce": 12,
        "cc": 24,
        "z": 0.6899999999999997
    },
    "28": {
        "cost": 158.40000001370998,
        "ce": 12,
        "cc": 24,
        "z": 0.6999999999999997
    },
    "29": {
        "cost": 161.020000014103,
        "ce": 11,
        "cc": 25,
        "z": 0.7099999999999997
    },
    "30": {
        "cost": 161.640000014196,
        "ce": 11,
        "cc": 25,
        "z": 0.7199999999999998
    },
    "31": {
        "cost": 164.88000001468197,
        "ce": 10,
        "cc": 26,
        "z": 0.7399999999999998
    },
    "32": {
        "cost": 165.26000001458897,
        "ce": 11,
        "cc": 26,
        "z": 0.7299999999999998
    },
    "33": {
        "cost": 165.50000001477497,
        "ce": 10,
        "cc": 26,
        "z": 0.7499999999999998
    },
    "34": {
        "cost": 168.740000015261,
        "ce": 9,
        "cc": 27,
        "z": 0.7699999999999998
    },
    "35": {
        "cost": 169.120000015168,
        "ce": 10,
        "cc": 27,
        "z": 0.7599999999999998
    },
    "36": {
        "cost": 169.360000015354,
        "ce": 9,
        "cc": 27,
        "z": 0.7799999999999998
    },
    "37": {
        "cost": 169.980000015447,
        "ce": 9,
        "cc": 27,
        "z": 0.7899999999999998
    },
    "38": {
        "cost": 173.220000015933,
        "ce": 8,
        "cc": 28,
        "z": 0.8099999999999998
    },
    "39": {
        "cost": 173.60000001584,
        "ce": 9,
        "cc": 28,
        "z": 0.7999999999999998
    },
    "40": {
        "cost": 173.840000016026,
        "ce": 8,
        "cc": 28,
        "z": 0.8199999999999998
    },
    "41": {
        "cost": 177.080000016512,
        "ce": 7,
        "cc": 29,
        "z": 0.8399999999999999
    },
    "42": {
        "cost": 177.460000016419,
        "ce": 8,
        "cc": 29,
        "z": 0.8299999999999998
    },
    "43": {
        "cost": 177.700000016605,
        "ce": 7,
        "cc": 29,
        "z": 0.8499999999999999
    },
    "44": {
        "cost": 178.320000016698,
        "ce": 7,
        "cc": 29,
        "z": 0.8599999999999999
    },
    "45": {
        "cost": 180.940000017091,
        "ce": 6,
        "cc": 30,
        "z": 0.8699999999999999
    },
    "46": {
        "cost": 181.560000017184,
        "ce": 6,
        "cc": 30,
        "z": 0.8799999999999999
    },
    "47": {
        "cost": 182.180000017277,
        "ce": 6,
        "cc": 30,
        "z": 0.8899999999999999
    },
    "48": {
        "cost": 184.80000001767002,
        "ce": 5,
        "cc": 31,
        "z": 0.8999999999999999
    },
    "49": {
        "cost": 185.42000001776302,
        "ce": 5,
        "cc": 31,
        "z": 0.9099999999999999
    },
    "50": {
        "cost": 186.04000001785602,
        "ce": 5,
        "cc": 31,
        "z": 0.9199999999999999
    },
    "51": {
        "cost": 188.660000018249,
        "ce": 4,
        "cc": 32,
        "z": 0.9299999999999999
    },
    "52": {
        "cost": 189.280000018342,
        "ce": 4,
        "cc": 32,
        "z": 0.94
    },
    "53": {
        "cost": 189.52000001852798,
        "ce": 3,
        "cc": 32,
        "z": 0.96
    },
    "54": {
        "cost": 189.900000018435,
        "ce": 4,
        "cc": 32,
        "z": 0.95
    },
    "55": {
        "cost": 192.760000019014,
        "ce": 2,
        "cc": 33,
        "z": 0.98
    },
    "56": {
        "cost": 193.140000018921,
        "ce": 3,
        "cc": 33,
        "z": 0.97
    },
    "57": {
        "cost": 193.380000019107,
        "ce": 2,
        "cc": 33,
        "z": 0.99
    },
    "58": {
        "cost": 195.00000001950002,
        "ce": 0,
        "cc": 34,
        "z": 1.0
    }
}