{
    "0": {
        "cost": 265.700000022755,
        "ce": 20,
        "cc": 39,
        "z": 0.6699999999999999
    },
    "1": {
        "cost": 269.80000002322,
        "ce": 20,
        "cc": 40,
        "z": 0.6799999999999999
    },
    "2": {
        "cost": 269.900000023385,
        "ce": 19,
        "cc": 40,
        "z": 0.69
    }
}