{
    "0": {
        "cost": 44.827586206,
        "ce": 0,
        "cc": 34,
        "z": 1.0
    },
    "1": {
        "cost": 46.234137930109796,
        "ce": 2,
        "cc": 33,
        "z": 0.99
    },
    "2": {
        "cost": 46.3303448266596,
        "ce": 2,
        "cc": 33,
        "z": 0.98
    },
    "3": {
        "cost": 46.8331034473392,
        "ce": 3,
        "cc": 32,
        "z": 0.96
    },
    "4": {
        "cost": 47.4265517231894,
        "ce": 3,
        "cc": 33,
        "z": 0.97
    },
    "5": {
        "cost": 47.929310343869,
        "ce": 4,
        "cc": 32,
        "z": 0.95
    },
    "6": {
        "cost": 48.0255172404188,
        "ce": 4,
        "cc": 32,
        "z": 0.94
    },
    "7": {
        "cost": 48.121724136968595,
        "ce": 4,
        "cc": 32,
        "z": 0.9299999999999999
    },
    "8": {
        "cost": 48.52827586109839,
        "ce": 5,
        "cc": 31,
        "z": 0.9199999999999999
    },
    "9": {
        "cost": 48.6244827576482,
        "ce": 5,
        "cc": 31,
        "z": 0.9099999999999999
    },
    "10": {
        "cost": 48.720689654198,
        "ce": 5,
        "cc": 31,
        "z": 0.8999999999999999
    },
    "11": {
        "cost": 48.7262068955772,
        "ce": 6,
        "cc": 29,
        "z": 0.8599999999999999
    },
    "12": {
        "cost": 49.127241378327795,
        "ce": 6,
        "cc": 30,
        "z": 0.8899999999999999
    },
    "13": {
        "cost": 49.2234482748776,
        "ce": 6,
        "cc": 30,
        "z": 0.8799999999999999
    },
    "14": {
        "cost": 49.3196551714274,
        "ce": 6,
        "cc": 30,
        "z": 0.8699999999999999
    },
    "15": {
        "cost": 49.822413792107,
        "ce": 7,
        "cc": 29,
        "z": 0.8499999999999999
    },
    "16": {
        "cost": 49.9186206886568,
        "ce": 7,
        "cc": 29,
        "z": 0.8399999999999999
    },
    "17": {
        "cost": 50.0148275852066,
        "ce": 7,
        "cc": 29,
        "z": 0.8299999999999998
    },
    "18": {
        "cost": 50.4213793093364,
        "ce": 8,
        "cc": 28,
        "z": 0.8199999999999998
    },
    "19": {
        "cost": 50.517586205886204,
        "ce": 8,
        "cc": 28,
        "z": 0.8099999999999998
    },
    "20": {
        "cost": 50.613793102436006,
        "ce": 8,
        "cc": 28,
        "z": 0.7999999999999998
    },
    "21": {
        "cost": 51.0203448265658,
        "ce": 9,
        "cc": 27,
        "z": 0.7899999999999998
    },
    "22": {
        "cost": 51.116551723115606,
        "ce": 9,
        "cc": 27,
        "z": 0.7799999999999998
    },
    "23": {
        "cost": 51.2127586196654,
        "ce": 9,
        "cc": 27,
        "z": 0.7699999999999998
    },
    "24": {
        "cost": 51.715517240345,
        "ce": 10,
        "cc": 26,
        "z": 0.7499999999999998
    },
    "25": {
        "cost": 51.8117241368948,
        "ce": 10,
        "cc": 26,
        "z": 0.7399999999999998
    },
    "26": {
        "cost": 52.3089655161952,
        "ce": 10,
        "cc": 27,
        "z": 0.7599999999999998
    },
    "27": {
        "cost": 52.3144827575744,
        "ce": 11,
        "cc": 25,
        "z": 0.7199999999999998
    },
    "28": {
        "cost": 52.4106896541242,
        "ce": 11,
        "cc": 25,
        "z": 0.7099999999999997
    },
    "29": {
        "cost": 52.817241378253996,
        "ce": 12,
        "cc": 24,
        "z": 0.6999999999999997
    },
    "30": {
        "cost": 52.9079310334246,
        "ce": 11,
        "cc": 26,
        "z": 0.7299999999999998
    },
    "31": {
        "cost": 52.913448274803805,
        "ce": 12,
        "cc": 24,
        "z": 0.6899999999999997
    },
    "32": {
        "cost": 53.00965517135359,
        "ce": 12,
        "cc": 24,
        "z": 0.6799999999999997
    },
    "33": {
        "cost": 53.1058620679034,
        "ce": 12,
        "cc": 24,
        "z": 0.6699999999999997
    },
    "34": {
        "cost": 53.5124137920332,
        "ce": 13,
        "cc": 23,
        "z": 0.6599999999999997
    },
    "35": {
        "cost": 53.608620688582995,
        "ce": 13,
        "cc": 23,
        "z": 0.6499999999999997
    },
    "36": {
        "cost": 53.704827585132804,
        "ce": 13,
        "cc": 23,
        "z": 0.6399999999999997
    },
    "37": {
        "cost": 54.111379309262595,
        "ce": 14,
        "cc": 22,
        "z": 0.6299999999999997
    },
    "38": {
        "cost": 54.2075862058124,
        "ce": 14,
        "cc": 22,
        "z": 0.6199999999999997
    },
    "39": {
        "cost": 54.30379310236221,
        "ce": 14,
        "cc": 22,
        "z": 0.6099999999999997
    },
    "40": {
        "cost": 54.80655172304179,
        "ce": 15,
        "cc": 21,
        "z": 0.5899999999999996
    },
    "41": {
        "cost": 54.9027586195916,
        "ce": 15,
        "cc": 21,
        "z": 0.5799999999999996
    },
    "42": {
        "cost": 55.3093103437214,
        "ce": 16,
        "cc": 20,
        "z": 0.5699999999999996
    },
    "43": {
        "cost": 55.399999998892,
        "ce": 15,
        "cc": 22,
        "z": 0.5999999999999996
    },
    "44": {
        "cost": 55.405517240271195,
        "ce": 16,
        "cc": 20,
        "z": 0.5599999999999996
    },
    "45": {
        "cost": 55.501724136821004,
        "ce": 16,
        "cc": 20,
        "z": 0.5499999999999996
    },
    "46": {
        "cost": 56.004482757500604,
        "ce": 17,
        "cc": 19,
        "z": 0.5299999999999996
    },
    "47": {
        "cost": 56.100689654050406,
        "ce": 17,
        "cc": 19,
        "z": 0.5199999999999996
    },
    "48": {
        "cost": 56.1968965506002,
        "ce": 17,
        "cc": 19,
        "z": 0.5099999999999996
    },
    "49": {
        "cost": 56.597931033350804,
        "ce": 17,
        "cc": 20,
        "z": 0.5399999999999996
    },
    "50": {
        "cost": 56.60344827473,
        "ce": 18,
        "cc": 18,
        "z": 0.49999999999999956
    },
    "51": {
        "cost": 56.6996551712798,
        "ce": 18,
        "cc": 18,
        "z": 0.48999999999999955
    },
    "52": {
        "cost": 57.2024137919594,
        "ce": 19,
        "cc": 17,
        "z": 0.46999999999999953
    },
    "53": {
        "cost": 57.2986206885092,
        "ce": 19,
        "cc": 17,
        "z": 0.4599999999999995
    },
    "54": {
        "cost": 57.394827585059005,
        "ce": 19,
        "cc": 17,
        "z": 0.4499999999999995
    },
    "55": {
        "cost": 57.7958620678096,
        "ce": 19,
        "cc": 18,
        "z": 0.47999999999999954
    },
    "56": {
        "cost": 57.8013793091888,
        "ce": 20,
        "cc": 16,
        "z": 0.4399999999999995
    },
    "57": {
        "cost": 57.8975862057386,
        "ce": 20,
        "cc": 16,
        "z": 0.4299999999999995
    },
    "58": {
        "cost": 57.99379310228839,
        "ce": 20,
        "cc": 16,
        "z": 0.4199999999999995
    }
}