{
    "0": {
        "cost": 14.482758620399999,
        "ce": 0,
        "cc": 12,
        "z": 1.0
    },
    "1": {
        "cost": 15.510689654862198,
        "ce": 1,
        "cc": 12,
        "z": 0.99
    },
    "2": {
        "cost": 15.876896551406597,
        "ce": 2,
        "cc": 11,
        "z": 0.97
    },
    "3": {
        "cost": 15.904827585888798,
        "ce": 2,
        "cc": 11,
        "z": 0.96
    },
    "4": {
        "cost": 15.932758620370997,
        "ce": 2,
        "cc": 11,
        "z": 0.95
    },
    "5": {
        "cost": 15.960689654853198,
        "ce": 2,
        "cc": 11,
        "z": 0.94
    },
    "6": {
        "cost": 15.988620689335399,
        "ce": 2,
        "cc": 11,
        "z": 0.9299999999999999
    },
    "7": {
        "cost": 16.4665517238086,
        "ce": 3,
        "cc": 10,
        "z": 0.8699999999999999
    },
    "8": {
        "cost": 16.4944827582908,
        "ce": 3,
        "cc": 10,
        "z": 0.8599999999999999
    },
    "9": {
        "cost": 16.522413792773,
        "ce": 3,
        "cc": 10,
        "z": 0.8499999999999999
    },
    "10": {
        "cost": 16.5386206893244,
        "ce": 2,
        "cc": 12,
        "z": 0.98
    },
    "11": {
        "cost": 16.550344827255202,
        "ce": 3,
        "cc": 10,
        "z": 0.8399999999999999
    },
    "12": {
        "cost": 17.016551723797598,
        "ce": 3,
        "cc": 11,
        "z": 0.9199999999999999
    },
    "13": {
        "cost": 17.0444827582798,
        "ce": 3,
        "cc": 11,
        "z": 0.9099999999999999
    },
    "14": {
        "cost": 17.072413792762,
        "ce": 3,
        "cc": 11,
        "z": 0.8999999999999999
    },
    "15": {
        "cost": 17.1003448272442,
        "ce": 3,
        "cc": 11,
        "z": 0.8899999999999999
    },
    "16": {
        "cost": 17.112068965175,
        "ce": 4,
        "cc": 9,
        "z": 0.7499999999999998
    },
    "17": {
        "cost": 17.1282758617264,
        "ce": 3,
        "cc": 11,
        "z": 0.8799999999999999
    },
    "18": {
        "cost": 17.1399999996572,
        "ce": 4,
        "cc": 9,
        "z": 0.7399999999999998
    },
    "19": {
        "cost": 17.5782758617174,
        "ce": 4,
        "cc": 10,
        "z": 0.8299999999999998
    },
    "20": {
        "cost": 17.606206896199602,
        "ce": 4,
        "cc": 10,
        "z": 0.8199999999999998
    },
    "21": {
        "cost": 17.6341379306818,
        "ce": 4,
        "cc": 10,
        "z": 0.8099999999999998
    },
    "22": {
        "cost": 17.662068965164,
        "ce": 4,
        "cc": 10,
        "z": 0.7999999999999998
    },
    "23": {
        "cost": 17.6899999996462,
        "ce": 4,
        "cc": 10,
        "z": 0.7899999999999998
    },
    "24": {
        "cost": 17.701724137577,
        "ce": 5,
        "cc": 8,
        "z": 0.6499999999999997
    },
    "25": {
        "cost": 17.7179310341284,
        "ce": 4,
        "cc": 10,
        "z": 0.7799999999999998
    },
    "26": {
        "cost": 17.7296551720592,
        "ce": 5,
        "cc": 8,
        "z": 0.6399999999999997
    },
    "27": {
        "cost": 17.7458620686106,
        "ce": 4,
        "cc": 10,
        "z": 0.7699999999999998
    },
    "28": {
        "cost": 17.7737931030928,
        "ce": 4,
        "cc": 10,
        "z": 0.7599999999999998
    },
    "29": {
        "cost": 18.1679310341194,
        "ce": 5,
        "cc": 9,
        "z": 0.7299999999999998
    },
    "30": {
        "cost": 18.1958620686016,
        "ce": 5,
        "cc": 9,
        "z": 0.7199999999999998
    },
    "31": {
        "cost": 18.2237931030838,
        "ce": 5,
        "cc": 9,
        "z": 0.7099999999999997
    },
    "32": {
        "cost": 18.251724137565997,
        "ce": 5,
        "cc": 9,
        "z": 0.6999999999999997
    },
    "33": {
        "cost": 18.279655172048198,
        "ce": 5,
        "cc": 9,
        "z": 0.6899999999999997
    },
    "34": {
        "cost": 18.3075862065304,
        "ce": 5,
        "cc": 9,
        "z": 0.6799999999999997
    },
    "35": {
        "cost": 18.3193103444612,
        "ce": 6,
        "cc": 7,
        "z": 0.5399999999999996
    },
    "36": {
        "cost": 18.3355172410126,
        "ce": 5,
        "cc": 9,
        "z": 0.6699999999999997
    },
    "37": {
        "cost": 18.3472413789434,
        "ce": 6,
        "cc": 7,
        "z": 0.5299999999999996
    },
    "38": {
        "cost": 18.3634482754948,
        "ce": 5,
        "cc": 9,
        "z": 0.6599999999999997
    },
    "39": {
        "cost": 18.7575862065214,
        "ce": 6,
        "cc": 8,
        "z": 0.6299999999999997
    },
    "40": {
        "cost": 18.7855172410036,
        "ce": 6,
        "cc": 8,
        "z": 0.6199999999999997
    },
    "41": {
        "cost": 18.8134482754858,
        "ce": 6,
        "cc": 8,
        "z": 0.6099999999999997
    },
    "42": {
        "cost": 18.841379309967998,
        "ce": 6,
        "cc": 8,
        "z": 0.5999999999999996
    },
    "43": {
        "cost": 18.8693103444502,
        "ce": 6,
        "cc": 8,
        "z": 0.5899999999999996
    },
    "44": {
        "cost": 18.8972413789324,
        "ce": 6,
        "cc": 8,
        "z": 0.5799999999999996
    },
    "45": {
        "cost": 18.9251724134146,
        "ce": 6,
        "cc": 8,
        "z": 0.5699999999999996
    },
    "46": {
        "cost": 18.9368965513454,
        "ce": 7,
        "cc": 6,
        "z": 0.4299999999999995
    },
    "47": {
        "cost": 18.9531034478968,
        "ce": 6,
        "cc": 8,
        "z": 0.5599999999999996
    },
    "48": {
        "cost": 18.981034482379,
        "ce": 6,
        "cc": 8,
        "z": 0.5499999999999996
    },
    "49": {
        "cost": 19.375172413405597,
        "ce": 7,
        "cc": 7,
        "z": 0.5199999999999996
    },
    "50": {
        "cost": 19.403103447887798,
        "ce": 7,
        "cc": 7,
        "z": 0.5099999999999996
    },
    "51": {
        "cost": 19.43103448237,
        "ce": 7,
        "cc": 7,
        "z": 0.49999999999999956
    },
    "52": {
        "cost": 19.4589655168522,
        "ce": 7,
        "cc": 7,
        "z": 0.48999999999999955
    },
    "53": {
        "cost": 19.486896551334397,
        "ce": 7,
        "cc": 7,
        "z": 0.47999999999999954
    },
    "54": {
        "cost": 19.514827585816597,
        "ce": 7,
        "cc": 7,
        "z": 0.46999999999999953
    },
    "55": {
        "cost": 19.5265517237474,
        "ce": 8,
        "cc": 5,
        "z": 0.3299999999999994
    },
    "56": {
        "cost": 19.542758620298798,
        "ce": 7,
        "cc": 7,
        "z": 0.4599999999999995
    },
    "57": {
        "cost": 19.5544827582296,
        "ce": 8,
        "cc": 5,
        "z": 0.3199999999999994
    },
    "58": {
        "cost": 19.570689654781003,
        "ce": 7,
        "cc": 7,
        "z": 0.4499999999999995
    },
    "59": {
        "cost": 19.5986206892632,
        "ce": 7,
        "cc": 7,
        "z": 0.4399999999999995
    },
    "60": {
        "cost": 19.9648275858076,
        "ce": 8,
        "cc": 6,
        "z": 0.4199999999999995
    },
    "61": {
        "cost": 19.9927586202898,
        "ce": 8,
        "cc": 6,
        "z": 0.4099999999999995
    },
    "62": {
        "cost": 19.9999999996,
        "ce": 11,
        "cc": 0,
        "z": 0
    },
    "63": {
        "cost": 20.020689654772,
        "ce": 8,
        "cc": 6,
        "z": 0.39999999999999947
    },
    "64": {
        "cost": 20.0486206892542,
        "ce": 8,
        "cc": 6,
        "z": 0.38999999999999946
    },
    "65": {
        "cost": 20.076551723736397,
        "ce": 8,
        "cc": 6,
        "z": 0.37999999999999945
    },
    "66": {
        "cost": 20.1044827582186,
        "ce": 8,
        "cc": 6,
        "z": 0.36999999999999944
    },
    "67": {
        "cost": 20.116206896149404,
        "ce": 9,
        "cc": 4,