{
    "0": {
        "cost": 19.999999999999996,
        "ce": 11,
        "cc": 0,
        "z": 0
    },
    "1": {
        "cost": 26.18000000062698,
        "ce": 11,
        "cc": 2,
        "z": 0.009999999999999247
    },
    "2": {
        "cost": 26.360000000653983,
        "ce": 11,
        "cc": 2,
        "z": 0.019999999999999248
    },
    "3": {
        "cost": 26.54000000068098,
        "ce": 11,
        "cc": 2,
        "z": 0.02999999999999925
    },
    "4": {
        "cost": 26.72000000070798,
        "ce": 11,
        "cc": 2,
        "z": 0.03999999999999925
    },
    "5": {
        "cost": 26.90000000073498,
        "ce": 11,
        "cc": 2,
        "z": 0.04999999999999925
    },
    "6": {
        "cost": 29.620000001142984,
        "ce": 10,
        "cc": 3,
        "z": 0.08999999999999925
    },
    "7": {
        "cost": 29.800000001169984,
        "ce": 10,
        "cc": 3,
        "z": 0.09999999999999924
    },
    "8": {
        "cost": 29.980000001196984,
        "ce": 10,
        "cc": 3,
        "z": 0.10999999999999924
    },
    "9": {
        "cost": 30.080000001061983,
        "ce": 11,
        "cc": 3,
        "z": 0.059999999999999255
    },
    "10": {
        "cost": 30.160000001223985,
        "ce": 10,
        "cc": 3,
        "z": 0.11999999999999923
    },
    "11": {
        "cost": 30.260000001088983,
        "ce": 11,
        "cc": 3,
        "z": 0.06999999999999926
    },
    "12": {
        "cost": 30.34000000125098,
        "ce": 10,
        "cc": 3,
        "z": 0.12999999999999923
    },
    "13": {
        "cost": 30.440000001115983,
        "ce": 11,
        "cc": 3,
        "z": 0.07999999999999925
    },
    "14": {
        "cost": 30.52000000127798,
        "ce": 10,
        "cc": 3,
        "z": 0.13999999999999924
    },
    "15": {
        "cost": 33.600000001739986,
        "ce": 9,
        "cc": 4,
        "z": 0.1999999999999993
    },
    "16": {
        "cost": 33.700000001604984,
        "ce": 10,
        "cc": 4,
        "z": 0.14999999999999925
    },
    "17": {
        "cost": 33.780000001766986,
        "ce": 9,
        "cc": 4,
        "z": 0.2099999999999993
    },
    "18": {
        "cost": 33.880000001631984,
        "ce": 10,
        "cc": 4,
        "z": 0.15999999999999925
    },
    "19": {
        "cost": 33.960000001793986,
        "ce": 9,
        "cc": 4,
        "z": 0.2199999999999993
    },
    "20": {
        "cost": 34.060000001658985,
        "ce": 10,
        "cc": 4,
        "z": 0.16999999999999926
    },
    "21": {
        "cost": 34.14000000182099,
        "ce": 9,
        "cc": 4,
        "z": 0.22999999999999932
    },
    "22": {
        "cost": 34.240000001685985,
        "ce": 10,
        "cc": 4,
        "z": 0.17999999999999927
    },
    "23": {
        "cost": 34.420000001712985,
        "ce": 10,
        "cc": 4,
        "z": 0.18999999999999928
    },
    "24": {
        "cost": 37.320000002147985,
        "ce": 9,
        "cc": 5,
        "z": 0.23999999999999932
    },
    "25": {
        "cost": 37.500000002174986,
        "ce": 9,
        "cc": 5,
        "z": 0.24999999999999933
    },
    "26": {
        "cost": 37.58000000233699,
        "ce": 8,
        "cc": 5,
        "z": 0.3099999999999994
    },
    "27": {
        "cost": 37.680000002201986,
        "ce": 9,
        "cc": 5,
        "z": 0.25999999999999934
    },
    "28": {
        "cost": 37.76000000236399,
        "ce": 8,
        "cc": 5,
        "z": 0.3199999999999994
    },
    "29": {
        "cost": 37.860000002228986,
        "ce": 9,
        "cc": 5,
        "z": 0.26999999999999935
    },
    "30": {
        "cost": 37.94000000239099,
        "ce": 8,
        "cc": 5,
        "z": 0.3299999999999994
    },
    "31": {
        "cost": 38.04000000225599,
        "ce": 9,
        "cc": 5,
        "z": 0.27999999999999936
    },
    "32": {
        "cost": 38.22000000228299,
        "ce": 9,
        "cc": 5,
        "z": 0.28999999999999937
    },
    "33": {
        "cost": 38.40000000230999,
        "ce": 9,
        "cc": 5,
        "z": 0.2999999999999994
    },
    "34": {
        "cost": 41.12000000271799,
        "ce": 8,
        "cc": 6,
        "z": 0.3399999999999994
    },
    "35": {
        "cost": 41.30000000274499,
        "ce": 8,
        "cc": 6,
        "z": 0.3499999999999994
    },
    "36": {
        "cost": 41.48000000277199,
        "ce": 8,
        "cc": 6,
        "z": 0.35999999999999943
    },
    "37": {
        "cost": 41.56000000293399,
        "ce": 7,
        "cc": 6,
        "z": 0.4199999999999995
    },
    "38": {
        "cost": 41.66000000279899,
        "ce": 8,
        "cc": 6,
        "z": 0.36999999999999944
    },
    "39": {
        "cost": 41.74000000296099,
        "ce": 7,
        "cc": 6,
        "z": 0.4299999999999995
    },
    "40": {
        "cost": 41.84000000282599,
        "ce": 8,
        "cc": 6,
        "z": 0.37999999999999945
    },
    "41": {
        "cost": 42.02000000285299,
        "ce": 8,
        "cc": 6,
        "z": 0.38999999999999946
    },
    "42": {
        "cost": 42.20000000287999,
        "ce": 8,
        "cc": 6,
        "z": 0.39999999999999947
    },
    "43": {
        "cost": 42.38000000290699,
        "ce": 8,
        "cc": 6,
        "z": 0.4099999999999995
    },
    "44": {
        "cost": 44.920000003287996,
        "ce": 7,
        "cc": 7,
        "z": 0.4399999999999995
    },
    "45": {
        "cost": 45.10000000331499,
        "ce": 7,
        "cc": 7,
        "z": 0.4499999999999995
    },
    "46": {
        "cost": 45.280000003341996,
        "ce": 7,
        "cc": 7,
        "z": 0.4599999999999995
    },
    "47": {
        "cost": 45.36000000350399,
        "ce": 6,
        "cc": 7,
        "z": 0.5199999999999996
    },
    "48": {
        "cost": 45.46000000336899,
        "ce": 7,
        "cc": 7,
        "z": 0.46999999999999953
    },
    "49": {
        "cost": 45.54000000353099,
        "ce": 6,
        "cc": 7,
        "z": 0.5299999999999996
    },
    "50": {
        "cost": 45.64000000339599,
        "ce": 7,
        "cc": 7,
        "z": 0.47999999999999954
    },
    "51": {
        "cost": 45.72000000355799,
        "ce": 6,
        "cc": 7,
        "z": 0.5399999999999996
    },
    "52": {
        "cost": 45.82000000342299,
        "ce": 7,
        "cc": 7,
        "z": 0.48999999999999955
    },
    "53": {
        "cost": 46.00000000344999,
        "ce": 7,
        "cc": 7,
        "z": 0.49999999999999956
    },
    "54": {
        "cost": 46.18000000347699,
        "ce": 7,
        "cc": 7,
        "z": 0.5099999999999996
    },
    "55": {
        "cost": 48.90000000388499,
        "ce": 6,
        "cc": 8,
        "z": 0.5499999999999996
    },
    "56": {
        "cost": 49.08000000391199,
        "ce": 6,
        "cc": 8,
        "z": 0.5599999999999996
    },
    "57": {
        "cost": 49.26000000393899,
        "ce": 6,
        "cc": 8,
        "z": 0.5699999999999996
    },
    "58": {
        "cost": 49.340000004101,
        "ce": 5,
        "cc": 8,
        "z": 0.6299999999999997
    },
    "59": {
        "cost": 49.44000000396599,
        "ce": 6,
        "cc": 8,
        "z": 0.5799999999999996
    },
    "60": {
        "cost": 49.52000000412799,
        "ce": 5,
        "cc": 8,
        "z": 0.6399999999999997
    },
    "61": {
        "cost": 49.62000000399299,
        "ce": 6,
        "cc": 8,
        "z": 0.5899999999999996
    },
    "62": {
        "cost": 49.700000004155,
        "ce": 5,
        "cc": 8,
        "z": 0.6499999999999997
    },
    "63": {
        "cost": 49.80000000401999,
        "ce": 6,
        "cc": 8,
        "z": 0.5999999999999996
    },
    "64": {
        "cost": 49.980000004047,
        "ce": 6,
        "cc": 8,
        "z": 0.6099999999999997
    },
    "65": {
        "cost": 50.16000000407399,
        "ce": 6,
        "cc": 8,
        "z": 0.6199999999999997
    },