{
    "0": {
        "cost": 155.72000001180797,
        "ce": 20,
        "cc": 21,
        "z": 0.5099999999999996
    },
    "1": {
        "cost": 159.44000001221596,
        "ce": 20,
        "cc": 22,
        "z": 0.5199999999999996
    },
    "2": {
        "cost": 159.88000001243196,
        "ce": 19,
        "cc": 22,
        "z": 0.5399999999999996
    },
    "3": {
        "cost": 160.16000001232396,
        "ce": 20,
        "cc": 22,
        "z": 0.5299999999999996
    },
    "4": {
        "cost": 163.32000001294796,
        "ce": 18,
        "cc": 23,
        "z": 0.5599999999999996
    },
    "5": {
        "cost": 163.60000001283996,
        "ce": 19,
        "cc": 23,
        "z": 0.5499999999999996
    },
    "6": {
        "cost": 164.04000001305596,
        "ce": 18,
        "cc": 23,
        "z": 0.5699999999999996
    },
    "7": {
        "cost": 167.48000001357195,
        "ce": 17,
        "cc": 24,
        "z": 0.5899999999999996
    },
    "8": {
        "cost": 167.76000001346395,
        "ce": 18,
        "cc": 24,
        "z": 0.5799999999999996
    },
    "9": {
        "cost": 168.20000001367998,
        "ce": 17,
        "cc": 24,
        "z": 0.5999999999999996
    },
    "10": {
        "cost": 171.64000001419598,
        "ce": 16,
        "cc": 25,
        "z": 0.6199999999999997
    },
    "11": {
        "cost": 171.92000001408798,
        "ce": 17,
        "cc": 25,
        "z": 0.6099999999999997
    },
    "12": {
        "cost": 175.08000001471197,
        "ce": 15,
        "cc": 26,
        "z": 0.6399999999999997
    },
    "13": {
        "cost": 175.36000001460397,
        "ce": 16,
        "cc": 26,
        "z": 0.6299999999999997
    },
    "14": {
        "cost": 175.80000001481997,
        "ce": 15,
        "cc": 26,
        "z": 0.6499999999999997
    },
    "15": {
        "cost": 179.24000001533597,
        "ce": 14,
        "cc": 27,
        "z": 0.6699999999999997
    },
    "16": {
        "cost": 179.520000015228,
        "ce": 15,
        "cc": 27,
        "z": 0.6599999999999997
    },
    "17": {
        "cost": 179.960000015444,
        "ce": 14,
        "cc": 27,
        "z": 0.6799999999999997
    },
    "18": {
        "cost": 183.40000001596,
        "ce": 13,
        "cc": 28,
        "z": 0.6999999999999997
    },
    "19": {
        "cost": 183.680000015852,
        "ce": 14,
        "cc": 28,
        "z": 0.6899999999999997
    },
    "20": {
        "cost": 184.120000016068,
        "ce": 13,
        "cc": 28,
        "z": 0.7099999999999997
    },
    "21": {
        "cost": 187.56000001658396,
        "ce": 12,
        "cc": 29,
        "z": 0.7299999999999998
    },
    "22": {
        "cost": 187.84000001647598,
        "ce": 13,
        "cc": 29,
        "z": 0.7199999999999998
    },
    "23": {
        "cost": 188.280000016692,
        "ce": 12,
        "cc": 29,
        "z": 0.7399999999999998
    },
    "24": {
        "cost": 191.72000001720798,
        "ce": 11,
        "cc": 30,
        "z": 0.7599999999999998
    },
    "25": {
        "cost": 192.00000001709998,
        "ce": 12,
        "cc": 30,
        "z": 0.7499999999999998
    },
    "26": {
        "cost": 192.44000001731598,
        "ce": 11,
        "cc": 30,
        "z": 0.7699999999999998
    },
    "27": {
        "cost": 195.16000001772397,
        "ce": 10,
        "cc": 31,
        "z": 0.7799999999999998
    },
    "28": {
        "cost": 195.88000001783197,
        "ce": 10,
        "cc": 31,
        "z": 0.7899999999999998
    },
    "29": {
        "cost": 199.32000001834797,
        "ce": 9,
        "cc": 32,
        "z": 0.8099999999999998
    },
    "30": {
        "cost": 199.60000001824,
        "ce": 10,
        "cc": 32,
        "z": 0.7999999999999998
    },
    "31": {
        "cost": 200.040000018456,
        "ce": 9,
        "cc": 32,
        "z": 0.8199999999999998
    },
    "32": {
        "cost": 200.76000001856397,
        "ce": 9,
        "cc": 32,
        "z": 0.8299999999999998
    },
    "33": {
        "cost": 203.480000018972,
        "ce": 8,
        "cc": 33,
        "z": 0.8399999999999999
    },
    "34": {
        "cost": 204.20000001908,
        "ce": 8,
        "cc": 33,
        "z": 0.8499999999999999
    },
    "35": {
        "cost": 206.920000019488,
        "ce": 7,
        "cc": 34,
        "z": 0.8599999999999999
    },
    "36": {
        "cost": 207.640000019596,
        "ce": 7,
        "cc": 34,
        "z": 0.8699999999999999
    },
    "37": {
        "cost": 208.080000019812,
        "ce": 6,
        "cc": 34,
        "z": 0.8899999999999999
    },
    "38": {
        "cost": 208.360000019704,
        "ce": 7,
        "cc": 34,
        "z": 0.8799999999999999
    },
    "39": {
        "cost": 211.80000002022,
        "ce": 6,
        "cc": 35,
        "z": 0.8999999999999999
    },
    "40": {
        "cost": 212.52000002032798,
        "ce": 6,
        "cc": 35,
        "z": 0.9099999999999999
    },
    "41": {
        "cost": 215.24000002073598,
        "ce": 5,
        "cc": 36,
        "z": 0.9199999999999999
    },
    "42": {
        "cost": 215.68000002095198,
        "ce": 4,
        "cc": 36,
        "z": 0.94
    },
    "43": {
        "cost": 215.96000002084398,
        "ce": 5,
        "cc": 36,
        "z": 0.9299999999999999
    },
    "44": {
        "cost": 216.40000002105998,
        "ce": 4,
        "cc": 36,
        "z": 0.95
    },
    "45": {
        "cost": 219.84000002157597,
        "ce": 3,
        "cc": 37,
        "z": 0.97
    },
    "46": {
        "cost": 220.120000021468,
        "ce": 4,
        "cc": 37,
        "z": 0.96
    },
    "47": {
        "cost": 222.0000000222,
        "ce": 0,
        "cc": 38,
        "z": 1.0
    },
    "48": {
        "cost": 223.280000022092,
        "ce": 2,
        "cc": 38,
        "z": 0.99
    },
    "49": {
        "cost": 223.560000021984,
        "ce": 3,
        "cc": 38,
        "z": 0.98
    }
}