{
    "0": {
        "cost": 89.80862068785899,
        "ce": 19,
        "cc": 40,
        "z": 0.69
    },
    "1": {
        "cost": 90.97931034300801,
        "ce": 20,
        "cc": 40,
        "z": 0.6799999999999999
    }
}