{
    "0": {
        "cost": 84.8055172396832,
        "ce": 17,
        "cc": 40,
        "z": 0.73
    },
    "1": {
        "cost": 84.9668965500248,
        "ce": 17,
        "cc": 40,
        "z": 0.72
    },
    "2": {
        "cost": 85.4386206879464,
        "ce": 18,
        "cc": 39,
        "z": 0.71
    },
    "3": {
        "cost": 85.599999998288,
        "ce": 18,
        "cc": 39,
        "z": 0.7
    },
    "4": {
        "cost": 86.0717241362096,
        "ce": 19,
        "cc": 38,
        "z": 0.69
    },
    "5": {
        "cost": 86.7048275844728,
        "ce": 20,
        "cc": 37,
        "z": 0.6699999999999999
    },
    "6": {
        "cost": 86.8662068948144,
        "ce": 20,
        "cc": 37,
        "z": 0.6599999999999999
    },
    "7": {
        "cost": 87.23310344653119,
        "ce": 20,
        "cc": 38,
        "z": 0.6799999999999999
    }
}