{
    "0": {
        "cost": 35.17241379239999,
        "ce": 0,
        "cc": 27,
        "z": 1.0
    },
    "1": {
        "cost": 36.6317241371984,
        "ce": 2,
        "cc": 26,
        "z": 0.98
    },
    "2": {
        "cost": 36.706206895817594,
        "ce": 2,
        "cc": 26,
        "z": 0.97
    },
    "3": {
        "cost": 37.23999999925519,
        "ce": 3,
        "cc": 25,
        "z": 0.94
    },
    "4": {
        "cost": 37.246896550979194,
        "ce": 2,
        "cc": 27,
        "z": 0.99
    },
    "5": {
        "cost": 37.7806896544168,
        "ce": 3,
        "cc": 26,
        "z": 0.96
    },
    "6": {
        "cost": 37.848275861312,
        "ce": 4,
        "cc": 24,
        "z": 0.8999999999999999
    },
    "7": {
        "cost": 37.855172413035994,
        "ce": 3,
        "cc": 26,
        "z": 0.95
    },
    "8": {
        "cost": 38.3144827578544,
        "ce": 4,
        "cc": 25,
        "z": 0.9299999999999999
    },
    "9": {
        "cost": 38.3889655164736,
        "ce": 4,
        "cc": 25,
        "z": 0.9199999999999999
    },
    "10": {
        "cost": 38.4634482750928,
        "ce": 4,
        "cc": 25,
        "z": 0.9099999999999999
    },
    "11": {
        "cost": 38.92275861991119,
        "ce": 5,
        "cc": 24,
        "z": 0.8899999999999999
    },
    "12": {
        "cost": 38.99724137853039,
        "ce": 5,
        "cc": 24,
        "z": 0.8799999999999999
    },
    "13": {
        "cost": 39.0648275854256,
        "ce": 6,
        "cc": 22,
        "z": 0.8199999999999998
    },
    "14": {
        "cost": 39.071724137149594,
        "ce": 5,
        "cc": 24,
        "z": 0.8699999999999999
    },
    "15": {
        "cost": 39.14620689576879,
        "ce": 5,
        "cc": 24,
        "z": 0.8599999999999999
    },
    "16": {
        "cost": 39.53103448196799,
        "ce": 6,
        "cc": 23,
        "z": 0.8499999999999999
    },
    "17": {
        "cost": 39.6055172405872,
        "ce": 6,
        "cc": 23,
        "z": 0.8399999999999999
    },
    "18": {
        "cost": 39.6799999992064,
        "ce": 6,
        "cc": 23,
        "z": 0.8299999999999998
    },
    "19": {
        "cost": 40.1393103440248,
        "ce": 7,
        "cc": 22,
        "z": 0.8099999999999998
    },
    "20": {
        "cost": 40.213793102644,
        "ce": 7,
        "cc": 22,
        "z": 0.7999999999999998
    },
    "21": {
        "cost": 40.2882758612632,
        "ce": 7,
        "cc": 22,
        "z": 0.7899999999999998
    },
    "22": {
        "cost": 40.3627586198824,
        "ce": 7,
        "cc": 22,
        "z": 0.7799999999999998
    },
    "23": {
        "cost": 40.7475862060816,
        "ce": 8,
        "cc": 21,
        "z": 0.7699999999999998
    },
    "24": {
        "cost": 40.8220689647008,
        "ce": 8,
        "cc": 21,
        "z": 0.7599999999999998
    },
    "25": {
        "cost": 40.896551723319995,
        "ce": 8,
        "cc": 21,
        "z": 0.7499999999999998
    },
    "26": {
        "cost": 40.9710344819392,
        "ce": 8,
        "cc": 21,
        "z": 0.7399999999999998
    },
    "27": {
        "cost": 41.35586206813839,
        "ce": 9,
        "cc": 20,
        "z": 0.7299999999999998
    },
    "28": {
        "cost": 41.4303448267576,
        "ce": 9,
        "cc": 20,
        "z": 0.7199999999999998
    },
    "29": {
        "cost": 41.5048275853768,
        "ce": 9,
        "cc": 20,
        "z": 0.7099999999999997
    },
    "30": {
        "cost": 41.579310343996,
        "ce": 9,
        "cc": 20,
        "z": 0.6999999999999997
    },
    "31": {
        "cost": 41.9641379301952,
        "ce": 10,
        "cc": 19,
        "z": 0.6899999999999997
    },
    "32": {
        "cost": 42.0386206888144,
        "ce": 10,
        "cc": 19,
        "z": 0.6799999999999997
    },
    "33": {
        "cost": 42.1131034474336,
        "ce": 10,
        "cc": 19,
        "z": 0.6699999999999997
    },
    "34": {
        "cost": 42.1875862060528,
        "ce": 10,
        "cc": 19,
        "z": 0.6599999999999997
    },
    "35": {
        "cost": 42.572413792252,
        "ce": 11,
        "cc": 18,
        "z": 0.6499999999999997
    },
    "36": {
        "cost": 42.6468965508712,
        "ce": 11,
        "cc": 18,
        "z": 0.6399999999999997
    },
    "37": {
        "cost": 42.721379309490395,
        "ce": 11,
        "cc": 18,
        "z": 0.6299999999999997
    },
    "38": {
        "cost": 42.7958620681096,
        "ce": 11,
        "cc": 18,
        "z": 0.6199999999999997
    },
    "39": {
        "cost": 43.18068965430879,
        "ce": 12,
        "cc": 17,
        "z": 0.6099999999999997
    },
    "40": {
        "cost": 43.255172412928,
        "ce": 12,
        "cc": 17,
        "z": 0.5999999999999996
    },
    "41": {
        "cost": 43.329655171547195,
        "ce": 12,
        "cc": 17,
        "z": 0.5899999999999996
    },
    "42": {
        "cost": 43.4041379301664,
        "ce": 12,
        "cc": 17,
        "z": 0.5799999999999996
    },
    "43": {
        "cost": 43.78896551636559,
        "ce": 13,
        "cc": 16,
        "z": 0.5699999999999996
    },
    "44": {
        "cost": 43.86344827498479,
        "ce": 13,
        "cc": 16,
        "z": 0.5599999999999996
    },
    "45": {
        "cost": 43.937931033604,
        "ce": 13,
        "cc": 16,
        "z": 0.5499999999999996
    },
    "46": {
        "cost": 44.0124137922232,
        "ce": 13,
        "cc": 16,
        "z": 0.5399999999999996
    },
    "47": {
        "cost": 44.4717241370416,
        "ce": 14,
        "cc": 15,
        "z": 0.5199999999999996
    },
    "48": {
        "cost": 44.546206895660795,
        "ce": 14,
        "cc": 15,
        "z": 0.5099999999999996
    },
    "49": {
        "cost": 44.62068965428,
        "ce": 14,
        "cc": 15,
        "z": 0.49999999999999956
    },
    "50": {
        "cost": 44.695172412899204,
        "ce": 14,
        "cc": 15,
        "z": 0.48999999999999955
    },
    "51": {
        "cost": 45.0799999990984,
        "ce": 15,
        "cc": 14,
        "z": 0.47999999999999954
    },
    "52": {
        "cost": 45.0868965508224,
        "ce": 14,
        "cc": 16,
        "z": 0.5299999999999996
    },
    "53": {
        "cost": 45.154482757717595,
        "ce": 15,
        "cc": 14,
        "z": 0.46999999999999953
    },
    "54": {
        "cost": 45.2289655163368,
        "ce": 15,
        "cc": 14,
        "z": 0.4599999999999995
    },
    "55": {
        "cost": 45.303448274956,
        "ce": 15,
        "cc": 14,
        "z": 0.4499999999999995
    },
    "56": {
        "cost": 45.68827586115519,
        "ce": 16,
        "cc": 13,
        "z": 0.4399999999999995
    },
    "57": {
        "cost": 45.7627586197744,
        "ce": 16,
        "cc": 13,
        "z": 0.4299999999999995
    },
    "58": {
        "cost": 45.8372413783936,
        "ce": 16,
        "cc": 13,
        "z": 0.4199999999999995
    },
    "59": {
        "cost": 46.296551723212,
        "ce": 17,
        "cc": 12,
        "z": 0.39999999999999947
    },
    "60": {
        "cost": 46.371034481831195,
        "ce": 17,
        "cc": 12,
        "z": 0.38999999999999946
    },
    "61": {
        "cost": 46.4455172404504,
        "ce": 17,
        "cc": 12,
        "z": 0.37999999999999945
    },
    "62": {
        "cost": 46.519999999069604,
        "ce": 17,
        "cc": 12,
        "z": 0.36999999999999944
    },
    "63": {
        "cost": 46.9048275852688,
        "ce": 18,
        "cc": 11,
        "z": 0.35999999999999943
    },
    "64": {
        "cost": 46.911724136992795,
        "ce": 17,
        "cc": 13,
        "z": 0.4099999999999995
    },
    "65": {
        "cost": 46.979310343887995,
        "ce": 18,
        "cc": 11,
        "z": 0.3499999999999994
    },
    "66": {
        "cost": 47.0537931025072,
        "ce": 18,
        "cc": 11,