{
    "0": {
        "cost": 27.999999999999996,
        "ce": 15,
        "cc": 0,
        "z": 0
    },
    "1": {
        "cost": 34.260000000638975,
        "ce": 15,
        "cc": 2,
        "z": 0.009999999999999247
    },
    "2": {
        "cost": 34.520000000677975,
        "ce": 15,
        "cc": 2,
        "z": 0.019999999999999248
    },
    "3": {
        "cost": 34.780000000716974,
        "ce": 15,
        "cc": 2,
        "z": 0.02999999999999925
    },
    "4": {
        "cost": 35.040000000755974,
        "ce": 15,
        "cc": 2,
        "z": 0.03999999999999925
    },
    "5": {
        "cost": 37.82000000117298,
        "ce": 14,
        "cc": 3,
        "z": 0.06999999999999926
    },
    "6": {
        "cost": 38.08000000121198,
        "ce": 14,
        "cc": 3,
        "z": 0.07999999999999925
    },
    "7": {
        "cost": 38.30000000109498,
        "ce": 15,
        "cc": 3,
        "z": 0.04999999999999925
    },
    "8": {
        "cost": 38.34000000125098,
        "ce": 14,
        "cc": 3,
        "z": 0.08999999999999925
    },
    "9": {
        "cost": 38.56000000113398,
        "ce": 15,
        "cc": 3,
        "z": 0.059999999999999255
    },
    "10": {
        "cost": 41.60000000158998,
        "ce": 14,
        "cc": 4,
        "z": 0.09999999999999924
    },
    "11": {
        "cost": 41.860000001628975,
        "ce": 14,
        "cc": 4,
        "z": 0.10999999999999924
    },
    "12": {
        "cost": 41.900000001784974,
        "ce": 13,
        "cc": 4,
        "z": 0.14999999999999925
    },
    "13": {
        "cost": 42.120000001667975,
        "ce": 14,
        "cc": 4,
        "z": 0.11999999999999923
    },
    "14": {
        "cost": 42.16000000182398,
        "ce": 13,
        "cc": 4,
        "z": 0.15999999999999925
    },
    "15": {
        "cost": 42.38000000170698,
        "ce": 14,
        "cc": 4,
        "z": 0.12999999999999923
    },
    "16": {
        "cost": 42.640000001745975,
        "ce": 14,
        "cc": 4,
        "z": 0.13999999999999924
    },
    "17": {
        "cost": 45.42000000216298,
        "ce": 13,
        "cc": 5,
        "z": 0.16999999999999926
    },
    "18": {
        "cost": 45.68000000220198,
        "ce": 13,
        "cc": 5,
        "z": 0.17999999999999927
    },
    "19": {
        "cost": 45.94000000224098,
        "ce": 13,
        "cc": 5,
        "z": 0.18999999999999928
    },
    "20": {
        "cost": 45.98000000239698,
        "ce": 12,
        "cc": 5,
        "z": 0.22999999999999932
    },
    "21": {
        "cost": 46.20000000227998,
        "ce": 13,
        "cc": 5,
        "z": 0.1999999999999993
    },
    "22": {
        "cost": 46.46000000231898,
        "ce": 13,
        "cc": 5,
        "z": 0.2099999999999993
    },
    "23": {
        "cost": 46.72000000235798,
        "ce": 13,
        "cc": 5,
        "z": 0.2199999999999993
    },
    "24": {
        "cost": 49.24000000273598,
        "ce": 12,
        "cc": 6,
        "z": 0.23999999999999932
    },
    "25": {
        "cost": 49.500000002774975,
        "ce": 12,
        "cc": 6,
        "z": 0.24999999999999933
    },
    "26": {
        "cost": 49.76000000281398,
        "ce": 12,
        "cc": 6,
        "z": 0.25999999999999934
    },
    "27": {
        "cost": 50.02000000285298,
        "ce": 12,
        "cc": 6,
        "z": 0.26999999999999935
    },
    "28": {
        "cost": 50.28000000289198,
        "ce": 12,
        "cc": 6,
        "z": 0.27999999999999936
    },
    "29": {
        "cost": 50.54000000293098,
        "ce": 12,
        "cc": 6,
        "z": 0.28999999999999937
    },
    "30": {
        "cost": 50.80000000296998,
        "ce": 12,
        "cc": 6,
        "z": 0.2999999999999994
    },
    "31": {
        "cost": 53.060000003308986,
        "ce": 11,
        "cc": 7,
        "z": 0.3099999999999994
    },
    "32": {
        "cost": 53.320000003347985,
        "ce": 11,
        "cc": 7,
        "z": 0.3199999999999994
    },
    "33": {
        "cost": 53.580000003386985,
        "ce": 11,
        "cc": 7,
        "z": 0.3299999999999994
    },
    "34": {
        "cost": 53.840000003425985,
        "ce": 11,
        "cc": 7,
        "z": 0.3399999999999994
    },
    "35": {
        "cost": 54.10000000346499,
        "ce": 11,
        "cc": 7,
        "z": 0.3499999999999994
    },
    "36": {
        "cost": 54.360000003503984,
        "ce": 11,
        "cc": 7,
        "z": 0.35999999999999943
    },
    "37": {
        "cost": 54.620000003542984,
        "ce": 11,
        "cc": 7,
        "z": 0.36999999999999944
    },
    "38": {
        "cost": 56.88000000388198,
        "ce": 10,
        "cc": 8,
        "z": 0.37999999999999945
    },
    "39": {
        "cost": 57.14000000392099,
        "ce": 10,
        "cc": 8,
        "z": 0.38999999999999946
    },
    "40": {
        "cost": 57.40000000395998,
        "ce": 10,
        "cc": 8,
        "z": 0.39999999999999947
    },
    "41": {
        "cost": 57.66000000399899,
        "ce": 10,
        "cc": 8,
        "z": 0.4099999999999995
    },
    "42": {
        "cost": 57.70000000415499,
        "ce": 9,
        "cc": 8,
        "z": 0.4499999999999995
    },
    "43": {
        "cost": 57.92000000403799,
        "ce": 10,
        "cc": 8,
        "z": 0.4199999999999995
    },
    "44": {
        "cost": 58.18000000407699,
        "ce": 10,
        "cc": 8,
        "z": 0.4299999999999995
    },
    "45": {
        "cost": 58.44000000411599,
        "ce": 10,
        "cc": 8,
        "z": 0.4399999999999995
    },
    "46": {
        "cost": 60.96000000449398,
        "ce": 9,
        "cc": 9,
        "z": 0.4599999999999995
    },
    "47": {
        "cost": 61.22000000453299,
        "ce": 9,
        "cc": 9,
        "z": 0.46999999999999953
    },
    "48": {
        "cost": 61.480000004571984,
        "ce": 9,
        "cc": 9,
        "z": 0.47999999999999954
    },
    "49": {
        "cost": 61.740000004610984,
        "ce": 9,
        "cc": 9,
        "z": 0.48999999999999955
    },
    "50": {
        "cost": 62.00000000464999,
        "ce": 9,
        "cc": 9,
        "z": 0.49999999999999956
    },
    "51": {
        "cost": 62.26000000468899,
        "ce": 9,
        "cc": 9,
        "z": 0.5099999999999996
    },
    "52": {
        "cost": 62.52000000472798,
        "ce": 9,
        "cc": 9,
        "z": 0.5199999999999996
    },
    "53": {
        "cost": 64.78000000506698,
        "ce": 8,
        "cc": 10,
        "z": 0.5299999999999996
    },
    "54": {
        "cost": 65.04000000510598,
        "ce": 8,
        "cc": 10,
        "z": 0.5399999999999996
    },
    "55": {
        "cost": 65.30000000514498,
        "ce": 8,
        "cc": 10,
        "z": 0.5499999999999996
    },
    "56": {
        "cost": 65.56000000518398,
        "ce": 8,
        "cc": 10,
        "z": 0.5599999999999996
    },
    "57": {
        "cost": 65.60000000533998,
        "ce": 7,
        "cc": 10,
        "z": 0.5999999999999996
    },
    "58": {
        "cost": 65.82000000522298,
        "ce": 8,
        "cc": 10,
        "z": 0.5699999999999996
    },
    "59": {
        "cost": 66.080000005262,
        "ce": 8,
        "cc": 10,
        "z": 0.5799999999999996
    },
    "60": {
        "cost": 66.340000005301,
        "ce": 8,
        "cc": 10,
        "z": 0.5899999999999996
    },
    "61": {
        "cost": 68.860000005679,
        "ce": 7,
        "cc": 11,
        "z": 0.6099999999999997
    },
    "62": {
        "cost": 69.120000005718,
        "ce": 7,
        "cc": 11,
        "z": 0.6199999999999997
    },
    "63": {
        "cost": 69.38000000575698,
        "ce": 7,
        "cc": 11,
        "z": 0.6299999999999997
    },
    "64": {
        "cost": 69.640000005796,
        "ce": 7,
        "cc": 11,
        "z": 0.6399999999999997
    },
    "65": {
        "cost": 69.900000005835,
        "ce": 7,
        "cc": 11,
        "z": 0.6499999999999997
    },