{
    "0": {
        "cost": 18.3333333315,
        "ce": 0,
        "cc": 29,
        "z": 1.0
    },
    "1": {
        "cost": 20.346666664631996,
        "ce": 2,
        "cc": 28,
        "z": 0.98
    },
    "2": {
        "cost": 20.506666664616,
        "ce": 2,
        "cc": 29,
        "z": 0.99
    },
    "3": {
        "cost": 20.519999997948,
        "ce": 2,
        "cc": 28,
        "z": 0.97
    },
    "4": {
        "cost": 21.53333333118,
        "ce": 3,
        "cc": 27,
        "z": 0.95
    },
    "5": {
        "cost": 21.693333331164,
        "ce": 3,
        "cc": 28,
        "z": 0.96
    },
    "6": {
        "cost": 21.706666664495998,
        "ce": 3,
        "cc": 27,
        "z": 0.94
    },
    "7": {
        "cost": 22.879999997711998,
        "ce": 4,
        "cc": 27,
        "z": 0.9299999999999999
    },
    "8": {
        "cost": 23.053333331028,
        "ce": 4,
        "cc": 27,
        "z": 0.9199999999999999
    },
    "9": {
        "cost": 23.226666664344002,
        "ce": 4,
        "cc": 27,
        "z": 0.9099999999999999
    },
    "10": {
        "cost": 24.06666666426,
        "ce": 5,
        "cc": 26,
        "z": 0.8999999999999999
    },
    "11": {
        "cost": 24.239999997576,
        "ce": 5,
        "cc": 26,
        "z": 0.8899999999999999
    },
    "12": {
        "cost": 24.253333330908003,
        "ce": 5,
        "cc": 25,
        "z": 0.8699999999999999
    },
    "13": {
        "cost": 24.413333330892,
        "ce": 5,
        "cc": 26,
        "z": 0.8799999999999999
    },
    "14": {
        "cost": 25.426666664124,
        "ce": 6,
        "cc": 25,
        "z": 0.8599999999999999
    },
    "15": {
        "cost": 25.59999999744,
        "ce": 6,
        "cc": 25,
        "z": 0.8499999999999999
    },
    "16": {
        "cost": 25.613333330772004,
        "ce": 6,
        "cc": 24,
        "z": 0.8299999999999998
    },
    "17": {
        "cost": 25.773333330756003,
        "ce": 6,
        "cc": 25,
        "z": 0.8399999999999999
    },
    "18": {
        "cost": 26.786666663988,
        "ce": 7,
        "cc": 24,
        "z": 0.8199999999999998
    },
    "19": {
        "cost": 26.959999997304003,
        "ce": 7,
        "cc": 24,
        "z": 0.8099999999999998
    },
    "20": {
        "cost": 27.13333333062,
        "ce": 7,
        "cc": 24,
        "z": 0.7999999999999998
    },
    "21": {
        "cost": 27.973333330536,
        "ce": 8,
        "cc": 23,
        "z": 0.7899999999999998
    },
    "22": {
        "cost": 28.146666663852002,
        "ce": 8,
        "cc": 23,
        "z": 0.7799999999999998
    },
    "23": {
        "cost": 28.319999997168,
        "ce": 8,
        "cc": 23,
        "z": 0.7699999999999998
    },
    "24": {
        "cost": 28.493333330484003,
        "ce": 8,
        "cc": 23,
        "z": 0.7599999999999998
    },
    "25": {
        "cost": 29.333333330400002,
        "ce": 9,
        "cc": 22,
        "z": 0.7499999999999998
    },
    "26": {
        "cost": 29.506666663716004,
        "ce": 9,
        "cc": 22,
        "z": 0.7399999999999998
    },
    "27": {
        "cost": 29.679999997032002,
        "ce": 9,
        "cc": 22,
        "z": 0.7299999999999998
    },
    "28": {
        "cost": 29.853333330348004,
        "ce": 9,
        "cc": 22,
        "z": 0.7199999999999998
    },
    "29": {
        "cost": 30.693333330264004,
        "ce": 10,
        "cc": 21,
        "z": 0.7099999999999997
    },
    "30": {
        "cost": 30.866666663580002,
        "ce": 10,
        "cc": 21,
        "z": 0.6999999999999997
    },
    "31": {
        "cost": 30.879999996912005,
        "ce": 10,
        "cc": 20,
        "z": 0.6799999999999997
    },
    "32": {
        "cost": 31.039999996896,
        "ce": 10,
        "cc": 21,
        "z": 0.6899999999999997
    },
    "33": {
        "cost": 32.053333330128005,
        "ce": 11,
        "cc": 20,
        "z": 0.6699999999999997
    },
    "34": {
        "cost": 32.22666666344401,
        "ce": 11,
        "cc": 20,
        "z": 0.6599999999999997
    },
    "35": {
        "cost": 32.39999999676,
        "ce": 11,
        "cc": 20,
        "z": 0.6499999999999997
    },
    "36": {
        "cost": 32.573333330076004,
        "ce": 11,
        "cc": 20,
        "z": 0.6399999999999997
    },
    "37": {
        "cost": 33.41333332999201,
        "ce": 12,
        "cc": 19,
        "z": 0.6299999999999997
    },
    "38": {
        "cost": 33.586666663308,
        "ce": 12,
        "cc": 19,
        "z": 0.6199999999999997
    },
    "39": {
        "cost": 33.759999996624,
        "ce": 12,
        "cc": 19,
        "z": 0.6099999999999997
    },
    "40": {
        "cost": 34.59999999654001,
        "ce": 13,
        "cc": 18,
        "z": 0.5999999999999996
    },
    "41": {
        "cost": 34.77333332985601,
        "ce": 13,
        "cc": 18,
        "z": 0.5899999999999996
    },
    "42": {
        "cost": 34.94666666317201,
        "ce": 13,
        "cc": 18,
        "z": 0.5799999999999996
    },
    "43": {
        "cost": 35.119999996488005,
        "ce": 13,
        "cc": 18,
        "z": 0.5699999999999996
    },
    "44": {
        "cost": 35.95999999640401,
        "ce": 14,
        "cc": 17,
        "z": 0.5599999999999996
    },
    "45": {
        "cost": 36.13333332972001,
        "ce": 14,
        "cc": 17,
        "z": 0.5499999999999996
    },
    "46": {
        "cost": 36.306666663036005,
        "ce": 14,
        "cc": 17,
        "z": 0.5399999999999996
    },
    "47": {
        "cost": 36.47999999635201,
        "ce": 14,
        "cc": 17,
        "z": 0.5299999999999996
    },
    "48": {
        "cost": 37.31999999626801,
        "ce": 15,
        "cc": 16,
        "z": 0.5199999999999996
    },
    "49": {
        "cost": 37.493333329584004,
        "ce": 15,
        "cc": 16,
        "z": 0.5099999999999996
    },
    "50": {
        "cost": 37.666666662900006,
        "ce": 15,
        "cc": 16,
        "z": 0.49999999999999956
    },
    "51": {
        "cost": 37.83999999621601,
        "ce": 15,
        "cc": 16,
        "z": 0.48999999999999955
    },
    "52": {
        "cost": 38.679999996132004,
        "ce": 16,
        "cc": 15,
        "z": 0.47999999999999954
    },
    "53": {
        "cost": 38.853333329448006,
        "ce": 16,
        "cc": 15,
        "z": 0.46999999999999953
    },
    "54": {
        "cost": 39.026666662764,
        "ce": 16,
        "cc": 15,
        "z": 0.4599999999999995
    },
    "55": {
        "cost": 39.19999999608,
        "ce": 16,
        "cc": 15,
        "z": 0.4499999999999995
    },
    "56": {
        "cost": 40.03999999599601,
        "ce": 17,
        "cc": 14,
        "z": 0.4399999999999995
    },
    "57": {
        "cost": 40.21333332931201,
        "ce": 17,
        "cc": 14,
        "z": 0.4299999999999995
    },
    "58": {
        "cost": 40.226666662644,
        "ce": 17,
        "cc": 13,
        "z": 0.4099999999999995
    },
    "59": {
        "cost": 40.38666666262801,
        "ce": 17,
        "cc": 14,
        "z": 0.4199999999999995
    },
    "60": {
        "cost": 41.39999999586001,
        "ce": 18,
        "cc": 13,
        "z": 0.39999999999999947
    },
    "61": {
        "cost": 41.573333329176016,
        "ce": 18,
        "cc": 13,
        "z": 0.38999999999999946
    },
    "62": {
        "cost": 41.74666666249201,
        "ce": 18,
        "cc": 13,
        "z": 0.37999999999999945
    },
    "63": {
        "cost": 42.58666666240801,
        "ce": 19,
        "cc": 12,
        "z": 0.36999999999999944
    },
    "64": {
        "cost": 42.759999995724016,
        "ce": 19,
        "cc": 12,
        "z": 0.35999999999999943
    },
    "65": {
        "cost": 42.93333332904001,
        "ce": 19,
        "cc": 12,
        "z": 0.3499999999999994
    },
    "66": {
        "cost": 43.10666666235601,
        "ce": 19,
        "cc": 12,