{
    "0": {
        "cost": 216.04000001785596,
        "ce": 20,
        "cc": 31,
        "z": 0.6199999999999998
    },
    "1": {
        "cost": 219.88000001843199,
        "ce": 19,
        "cc": 32,
        "z": 0.6399999999999998
    },
    "2": {
        "cost": 219.960000018294,
        "ce": 20,
        "cc": 32,
        "z": 0.6299999999999998
    },
    "3": {
        "cost": 220.80000001856996,
        "ce": 19,
        "cc": 32,
        "z": 0.6499999999999998
    },
    "4": {
        "cost": 223.720000019008,
        "ce": 18,
        "cc": 33,
        "z": 0.6599999999999998
    },
    "5": {
        "cost": 224.64000001914602,
        "ce": 18,
        "cc": 33,
        "z": 0.6699999999999998
    },
    "6": {
        "cost": 227.56000001958398,
        "ce": 17,
        "cc": 34,
        "z": 0.6799999999999998
    },
    "7": {
        "cost": 228.480000019722,
        "ce": 17,
        "cc": 34,
        "z": 0.6899999999999998
    },
    "8": {
        "cost": 231.40000002016,
        "ce": 16,
        "cc": 35,
        "z": 0.6999999999999998
    },
    "9": {
        "cost": 232.32000002029798,
        "ce": 16,
        "cc": 35,
        "z": 0.7099999999999999
    },
    "10": {
        "cost": 235.24000002073598,
        "ce": 15,
        "cc": 36,
        "z": 0.7199999999999999
    },
    "11": {
        "cost": 236.08000002101198,
        "ce": 14,
        "cc": 36,
        "z": 0.7399999999999999
    },
    "12": {
        "cost": 236.160000020874,
        "ce": 15,
        "cc": 36,
        "z": 0.7299999999999999
    },
    "13": {
        "cost": 240.00000002145,
        "ce": 14,
        "cc": 37,
        "z": 0.7499999999999999
    },
    "14": {
        "cost": 240.920000021588,
        "ce": 14,
        "cc": 37,
        "z": 0.7599999999999999
    },
    "15": {
        "cost": 243.840000022026,
        "ce": 13,
        "cc": 38,
        "z": 0.7699999999999999
    },
    "16": {
        "cost": 244.760000022164,
        "ce": 13,
        "cc": 38,
        "z": 0.7799999999999999
    },
    "17": {
        "cost": 247.680000022602,
        "ce": 12,
        "cc": 39,
        "z": 0.7899999999999999
    },
    "18": {
        "cost": 248.60000002274,
        "ce": 12,
        "cc": 39,
        "z": 0.7999999999999999
    },
    "19": {
        "cost": 251.520000023178,
        "ce": 11,
        "cc": 40,
        "z": 0.8099999999999999
    },
    "20": {
        "cost": 252.360000023454,
        "ce": 10,
        "cc": 40,
        "z": 0.83
    },
    "21": {
        "cost": 252.440000023316,
        "ce": 11,
        "cc": 40,
        "z": 0.82
    }
}