{
    "0": {
        "cost": 49.053333328427996,
        "ce": 13,
        "cc": 40,
        "z": 0.79
    },
    "1": {
        "cost": 49.373333328396,
        "ce": 13,
        "cc": 40,
        "z": 0.78
    },
    "2": {
        "cost": 50.359999994964,
        "ce": 14,
        "cc": 39,
        "z": 0.77
    },
    "3": {
        "cost": 50.679999994932004,
        "ce": 14,
        "cc": 39,
        "z": 0.76
    },
    "4": {
        "cost": 51.666666661499995,
        "ce": 15,
        "cc": 38,
        "z": 0.75
    },
    "5": {
        "cost": 51.98666666146799,
        "ce": 15,
        "cc": 38,
        "z": 0.74
    },
    "6": {
        "cost": 52.97333332803599,
        "ce": 16,
        "cc": 37,
        "z": 0.73
    },
    "7": {
        "cost": 53.293333328003996,
        "ce": 16,
        "cc": 37,
        "z": 0.72
    },
    "8": {
        "cost": 54.279999994571995,
        "ce": 17,
        "cc": 36,
        "z": 0.71
    },
    "9": {
        "cost": 54.59999999453999,
        "ce": 17,
        "cc": 36,
        "z": 0.7
    },
    "10": {
        "cost": 55.906666661076,
        "ce": 18,
        "cc": 35,
        "z": 0.6799999999999999
    },
    "11": {
        "cost": 55.919999994408,
        "ce": 18,
        "cc": 36,
        "z": 0.69
    },
    "12": {
        "cost": 57.213333327612006,
        "ce": 19,
        "cc": 34,
        "z": 0.6599999999999999
    },
    "13": {
        "cost": 57.226666660944,
        "ce": 19,
        "cc": 35,
        "z": 0.6699999999999999
    },
    "14": {
        "cost": 57.53333332758,
        "ce": 19,
        "cc": 34,
        "z": 0.6499999999999999
    },
    "15": {
        "cost": 58.519999994148,
        "ce": 20,
        "cc": 33,
        "z": 0.6399999999999999
    }
}