{
    "0": {
        "cost": 55.173333327816,
        "ce": 16,
        "cc": 40,
        "z": 0.74
    },
    "1": {
        "cost": 55.51333332778201,
        "ce": 16,
        "cc": 40,
        "z": 0.73
    },
    "2": {
        "cost": 56.519999994348,
        "ce": 17,
        "cc": 39,
        "z": 0.72
    },
    "3": {
        "cost": 56.859999994314,
        "ce": 17,
        "cc": 39,
        "z": 0.71
    },
    "4": {
        "cost": 57.86666666088001,
        "ce": 18,
        "cc": 38,
        "z": 0.7
    },
    "5": {
        "cost": 59.20666666074601,
        "ce": 19,
        "cc": 38,
        "z": 0.69
    },
    "6": {
        "cost": 59.213333327412,
        "ce": 19,
        "cc": 37,
        "z": 0.6799999999999999
    },
    "7": {
        "cost": 60.21999999397801,
        "ce": 20,
        "cc": 36,
        "z": 0.6699999999999999
    },
    "8": {
        "cost": 60.55999999394401,
        "ce": 20,
        "cc": 36,
        "z": 0.6599999999999999
    }
}