{
    "0": {
        "cost": 222.220000018483,
        "ce": 20,
        "cc": 32,
        "z": 0.6299999999999999
    },
    "1": {
        "cost": 226.10000001906496,
        "ce": 19,
        "cc": 33,
        "z": 0.6499999999999999
    },
    "2": {
        "cost": 226.160000018924,
        "ce": 20,
        "cc": 33,
        "z": 0.6399999999999999
    },
    "3": {
        "cost": 229.98000001964698,
        "ce": 18,
        "cc": 34,
        "z": 0.6699999999999999
    },
    "4": {
        "cost": 230.04000001950598,
        "ce": 19,
        "cc": 34,
        "z": 0.6599999999999999
    },
    "5": {
        "cost": 230.92000001978798,
        "ce": 18,
        "cc": 34,
        "z": 0.6799999999999999
    },
    "6": {
        "cost": 233.860000020229,
        "ce": 17,
        "cc": 35,
        "z": 0.69
    },
    "7": {
        "cost": 234.80000002036996,
        "ce": 17,
        "cc": 35,
        "z": 0.7
    },
    "8": {
        "cost": 237.74000002081095,
        "ce": 16,
        "cc": 36,
        "z": 0.71
    },
    "9": {
        "cost": 238.68000002095198,
        "ce": 16,
        "cc": 36,
        "z": 0.72
    },
    "10": {
        "cost": 242.560000021534,
        "ce": 15,
        "cc": 37,
        "z": 0.74
    },
    "11": {
        "cost": 242.620000021393,
        "ce": 16,
        "cc": 37,
        "z": 0.73
    },
    "12": {
        "cost": 246.440000022116,
        "ce": 14,
        "cc": 38,
        "z": 0.76
    },
    "13": {
        "cost": 246.50000002197498,
        "ce": 15,
        "cc": 38,
        "z": 0.75
    },
    "14": {
        "cost": 250.32000002269797,
        "ce": 13,
        "cc": 39,
        "z": 0.78
    },
    "15": {
        "cost": 250.380000022557,
        "ce": 14,
        "cc": 39,
        "z": 0.77
    },
    "16": {
        "cost": 254.20000002327998,
        "ce": 12,
        "cc": 40,
        "z": 0.8
    },
    "17": {
        "cost": 254.26000002313899,
        "ce": 13,
        "cc": 40,
        "z": 0.79
    },
    "18": {
        "cost": 255.14000002342098,
        "ce": 12,
        "cc": 40,
        "z": 0.81
    }
}