{
    "0": {
        "cost": 38.106666662856,
        "ce": 7,
        "cc": 40,
        "z": 0.88
    },
    "1": {
        "cost": 39.346666662732005,
        "ce": 8,
        "cc": 39,
        "z": 0.86
    },
    "2": {
        "cost": 39.393333329394,
        "ce": 8,
        "cc": 40,
        "z": 0.87
    },
    "3": {
        "cost": 40.63333332927,
        "ce": 9,
        "cc": 39,
        "z": 0.85
    },
    "4": {
        "cost": 40.873333329246,
        "ce": 9,
        "cc": 38,
        "z": 0.83
    },
    "5": {
        "cost": 40.919999995908,
        "ce": 9,
        "cc": 39,
        "z": 0.84
    },
    "6": {
        "cost": 42.113333329122,
        "ce": 10,
        "cc": 37,
        "z": 0.8099999999999999
    },
    "7": {
        "cost": 42.159999995784,
        "ce": 10,
        "cc": 38,
        "z": 0.82
    },
    "8": {
        "cost": 43.353333328998005,
        "ce": 11,
        "cc": 36,
        "z": 0.7899999999999999
    },
    "9": {
        "cost": 43.39999999566,
        "ce": 11,
        "cc": 37,
        "z": 0.7999999999999999
    },
    "10": {
        "cost": 44.639999995536,
        "ce": 12,
        "cc": 36,
        "z": 0.7799999999999999
    },
    "11": {
        "cost": 44.879999995512,
        "ce": 12,
        "cc": 35,
        "z": 0.7599999999999999
    },
    "12": {
        "cost": 44.926666662174,
        "ce": 12,
        "cc": 36,
        "z": 0.7699999999999999
    },
    "13": {
        "cost": 46.119999995388,
        "ce": 13,
        "cc": 34,
        "z": 0.7399999999999999
    },
    "14": {
        "cost": 46.166666662050005,
        "ce": 13,
        "cc": 35,
        "z": 0.7499999999999999
    },
    "15": {
        "cost": 47.406666661926,
        "ce": 14,
        "cc": 34,
        "z": 0.7299999999999999
    },
    "16": {
        "cost": 47.69333332856401,
        "ce": 14,
        "cc": 34,
        "z": 0.7199999999999999
    },
    "17": {
        "cost": 48.646666661802,
        "ce": 15,
        "cc": 33,
        "z": 0.7099999999999999
    },
    "18": {
        "cost": 48.93333332844,
        "ce": 15,
        "cc": 33,
        "z": 0.6999999999999998
    },
    "19": {
        "cost": 49.886666661678,
        "ce": 16,
        "cc": 32,
        "z": 0.6899999999999998
    },
    "20": {
        "cost": 50.173333328316,
        "ce": 16,
        "cc": 32,
        "z": 0.6799999999999998
    },
    "21": {
        "cost": 50.459999994954,
        "ce": 16,
        "cc": 32,
        "z": 0.6699999999999998
    },
    "22": {
        "cost": 51.413333328192,
        "ce": 17,
        "cc": 31,
        "z": 0.6599999999999998
    },
    "23": {
        "cost": 51.69999999483001,
        "ce": 17,
        "cc": 31,
        "z": 0.6499999999999998
    },
    "24": {
        "cost": 52.653333328068,
        "ce": 18,
        "cc": 30,
        "z": 0.6399999999999998
    },
    "25": {
        "cost": 52.939999994706014,
        "ce": 18,
        "cc": 30,
        "z": 0.6299999999999998
    },
    "26": {
        "cost": 53.893333327944006,
        "ce": 19,
        "cc": 29,
        "z": 0.6199999999999998
    },
    "27": {
        "cost": 54.17999999458201,
        "ce": 19,
        "cc": 29,
        "z": 0.6099999999999998
    },
    "28": {
        "cost": 55.419999994458,
        "ce": 20,
        "cc": 28,
        "z": 0.5899999999999997
    },
    "29": {
        "cost": 55.46666666112,
        "ce": 20,
        "cc": 29,
        "z": 0.5999999999999998
    },
    "30": {
        "cost": 55.70666666109601,
        "ce": 20,
        "cc": 28,
        "z": 0.5799999999999997
    }
}