{
    "0": {
        "cost": 71.73724137787559,
        "ce": 10,
        "cc": 40,
        "z": 0.83
    },
    "1": {
        "cost": 72.87999999854239,
        "ce": 11,
        "cc": 40,
        "z": 0.82
    },
    "2": {
        "cost": 73.0227586192292,
        "ce": 11,
        "cc": 40,
        "z": 0.8099999999999999
    },
    "3": {
        "cost": 73.475862067496,
        "ce": 12,
        "cc": 39,
        "z": 0.7999999999999999
    },
    "4": {
        "cost": 73.6186206881828,
        "ce": 12,
        "cc": 39,
        "z": 0.7899999999999999
    },
    "5": {
        "cost": 74.0717241364496,
        "ce": 13,
        "cc": 38,
        "z": 0.7799999999999999
    },
    "6": {
        "cost": 74.21448275713641,
        "ce": 13,
        "cc": 38,
        "z": 0.7699999999999999
    },
    "7": {
        "cost": 74.6675862054032,
        "ce": 14,
        "cc": 37,
        "z": 0.7599999999999999
    },
    "8": {
        "cost": 74.81034482609,
        "ce": 14,
        "cc": 37,
        "z": 0.7499999999999999
    },
    "9": {
        "cost": 75.2634482743568,
        "ce": 15,
        "cc": 36,
        "z": 0.7399999999999999
    },
    "10": {
        "cost": 75.4062068950436,
        "ce": 15,
        "cc": 36,
        "z": 0.7299999999999999
    },
    "11": {
        "cost": 76.0020689639972,
        "ce": 16,
        "cc": 35,
        "z": 0.7099999999999999
    },
    "12": {
        "cost": 76.5489655157104,
        "ce": 16,
        "cc": 36,
        "z": 0.7199999999999999
    },
    "13": {
        "cost": 76.5979310329508,
        "ce": 17,
        "cc": 34,
        "z": 0.6899999999999998
    },
    "14": {
        "cost": 77.144827584664,
        "ce": 17,
        "cc": 35,
        "z": 0.6999999999999998
    },
    "15": {
        "cost": 77.19379310190439,
        "ce": 18,
        "cc": 33,
        "z": 0.6699999999999998
    },
    "16": {
        "cost": 77.3365517225912,
        "ce": 18,
        "cc": 33,
        "z": 0.6599999999999998
    },
    "17": {
        "cost": 77.7406896536176,
        "ce": 18,
        "cc": 34,
        "z": 0.6799999999999998
    },
    "18": {
        "cost": 77.789655170858,
        "ce": 19,
        "cc": 32,
        "z": 0.6499999999999998
    },
    "19": {
        "cost": 77.9324137915448,
        "ce": 19,
        "cc": 32,
        "z": 0.6399999999999998
    },
    "20": {
        "cost": 78.5282758604984,
        "ce": 20,
        "cc": 31,
        "z": 0.6199999999999998
    },
    "21": {
        "cost": 79.0751724122116,
        "ce": 20,
        "cc": 32,
        "z": 0.6299999999999998
    }
}