{
    "0": {
        "cost": 74.7713793088494,
        "ce": 12,
        "cc": 40,
        "z": 0.81
    },
    "1": {
        "cost": 74.91724137781199,
        "ce": 12,
        "cc": 40,
        "z": 0.8
    },
    "2": {
        "cost": 75.5193103433172,
        "ce": 13,
        "cc": 39,
        "z": 0.78
    },
    "3": {
        "cost": 76.0631034467546,
        "ce": 13,
        "cc": 40,
        "z": 0.79
    },
    "4": {
        "cost": 76.1213793088224,
        "ce": 14,
        "cc": 38,
        "z": 0.76
    },
    "5": {
        "cost": 76.66517241225979,
        "ce": 14,
        "cc": 39,
        "z": 0.77
    },
    "6": {
        "cost": 76.7234482743276,
        "ce": 15,
        "cc": 37,
        "z": 0.74
    },
    "7": {
        "cost": 77.26724137776499,
        "ce": 15,
        "cc": 38,
        "z": 0.75
    },
    "8": {
        "cost": 77.32551723983279,
        "ce": 16,
        "cc": 36,
        "z": 0.72
    },
    "9": {
        "cost": 77.4713793087954,
        "ce": 16,
        "cc": 36,
        "z": 0.71
    },
    "10": {
        "cost": 77.8693103432702,
        "ce": 16,
        "cc": 37,
        "z": 0.73
    },
    "11": {
        "cost": 77.927586205338,
        "ce": 17,
        "cc": 35,
        "z": 0.7
    },
    "12": {
        "cost": 78.07344827430059,
        "ce": 17,
        "cc": 35,
        "z": 0.69
    },
    "13": {
        "cost": 78.5296551708432,
        "ce": 18,
        "cc": 34,
        "z": 0.6799999999999999
    },
    "14": {
        "cost": 78.6755172398058,
        "ce": 18,
        "cc": 34,
        "z": 0.6699999999999999
    },
    "15": {
        "cost": 79.277586205311,
        "ce": 19,
        "cc": 33,
        "z": 0.6499999999999999
    },
    "16": {
        "cost": 79.82137930874839,
        "ce": 19,
        "cc": 34,
        "z": 0.6599999999999999
    },
    "17": {
        "cost": 79.87965517081619,
        "ce": 20,
        "cc": 32,
        "z": 0.6299999999999999
    },
    "18": {
        "cost": 80.42344827425359,
        "ce": 20,
        "cc": 33,
        "z": 0.6399999999999999
    }
}