{
    "0": {
        "cost": 2.6666666664,
        "ce": 0,
        "cc": 5,
        "z": 1.0
    },
    "1": {
        "cost": 3.6866666662979997,
        "ce": 1,
        "cc": 5,
        "z": 0.99
    },
    "2": {
        "cost": 3.7066666662959995,
        "ce": 1,
        "cc": 5,
        "z": 0.98
    },
    "3": {
        "cost": 3.726666666294,
        "ce": 1,
        "cc": 5,
        "z": 0.97
    },
    "4": {
        "cost": 4.746666666192,
        "ce": 2,
        "cc": 5,
        "z": 0.96
    },
    "5": {
        "cost": 4.76666666619,
        "ce": 2,
        "cc": 5,
        "z": 0.95
    },
    "6": {
        "cost": 4.786666666188,
        "ce": 2,
        "cc": 5,
        "z": 0.94
    },
    "7": {
        "cost": 4.806666666186,
        "ce": 2,
        "cc": 5,
        "z": 0.9299999999999999
    },
    "8": {
        "cost": 4.826666666184,
        "ce": 2,
        "cc": 5,
        "z": 0.9199999999999999
    },
    "9": {
        "cost": 4.846666666182,
        "ce": 2,
        "cc": 5,
        "z": 0.9099999999999999
    },
    "10": {
        "cost": 4.8666666661799995,
        "ce": 2,
        "cc": 5,
        "z": 0.8999999999999999
    },
    "11": {
        "cost": 4.886666666178,
        "ce": 2,
        "cc": 5,
        "z": 0.8899999999999999
    },
    "12": {
        "cost": 4.906666666176,
        "ce": 2,
        "cc": 5,
        "z": 0.8799999999999999
    },
    "13": {
        "cost": 4.9266666661739995,
        "ce": 2,
        "cc": 5,
        "z": 0.8699999999999999
    },
    "14": {
        "cost": 4.946666666172,
        "ce": 2,
        "cc": 5,
        "z": 0.8599999999999999
    },
    "15": {
        "cost": 4.96666666617,
        "ce": 2,
        "cc": 5,
        "z": 0.8499999999999999
    },
    "16": {
        "cost": 4.9866666661679995,
        "ce": 2,
        "cc": 5,
        "z": 0.8399999999999999
    },
    "17": {
        "cost": 5.006666666166,
        "ce": 2,
        "cc": 5,
        "z": 0.8299999999999998
    },
    "18": {
        "cost": 5.026666666164,
        "ce": 2,
        "cc": 5,
        "z": 0.8199999999999998
    },
    "19": {
        "cost": 5.046666666161999,
        "ce": 2,
        "cc": 5,
        "z": 0.8099999999999998
    },
    "20": {
        "cost": 5.066666666160001,
        "ce": 2,
        "cc": 5,
        "z": 0.7999999999999998
    },
    "21": {
        "cost": 5.086666666157999,
        "ce": 2,
        "cc": 5,
        "z": 0.7899999999999998
    },
    "22": {
        "cost": 5.106666666156,
        "ce": 2,
        "cc": 5,
        "z": 0.7799999999999998
    },
    "23": {
        "cost": 5.126666666154001,
        "ce": 2,
        "cc": 5,
        "z": 0.7699999999999998
    },
    "24": {
        "cost": 5.146666666152001,
        "ce": 2,
        "cc": 5,
        "z": 0.7599999999999998
    },
    "25": {
        "cost": 5.933333332739999,
        "ce": 3,
        "cc": 4,
        "z": 0.6999999999999997
    },
    "26": {
        "cost": 5.9533333327380005,
        "ce": 3,
        "cc": 4,
        "z": 0.6899999999999997
    },
    "27": {
        "cost": 5.973333332736001,
        "ce": 3,
        "cc": 4,
        "z": 0.6799999999999997
    },
    "28": {
        "cost": 5.993333332734,
        "ce": 3,
        "cc": 4,
        "z": 0.6699999999999997
    },
    "29": {
        "cost": 6.013333332732,
        "ce": 3,
        "cc": 4,
        "z": 0.6599999999999997
    },
    "30": {
        "cost": 6.033333332730001,
        "ce": 3,
        "cc": 4,
        "z": 0.6499999999999997
    },
    "31": {
        "cost": 6.053333332728,
        "ce": 3,
        "cc": 4,
        "z": 0.6399999999999997
    },
    "32": {
        "cost": 6.073333332726,
        "ce": 3,
        "cc": 4,
        "z": 0.6299999999999997
    },
    "33": {
        "cost": 6.093333332724001,
        "ce": 3,
        "cc": 4,
        "z": 0.6199999999999997
    },
    "34": {
        "cost": 6.113333332722,
        "ce": 3,
        "cc": 4,
        "z": 0.6099999999999997
    },
    "35": {
        "cost": 6.13333333272,
        "ce": 3,
        "cc": 4,
        "z": 0.5999999999999996
    },
    "36": {
        "cost": 6.153333332718001,
        "ce": 3,
        "cc": 4,
        "z": 0.5899999999999996
    },
    "37": {
        "cost": 6.166666666049999,
        "ce": 3,
        "cc": 5,
        "z": 0.7499999999999998
    },
    "38": {
        "cost": 6.173333332716,
        "ce": 3,
        "cc": 4,
        "z": 0.5799999999999996
    },
    "39": {
        "cost": 6.186666666048,
        "ce": 3,
        "cc": 5,
        "z": 0.7399999999999998
    },
    "40": {
        "cost": 6.193333332714,
        "ce": 3,
        "cc": 4,
        "z": 0.5699999999999996
    },
    "41": {
        "cost": 6.206666666045999,
        "ce": 3,
        "cc": 5,
        "z": 0.7299999999999998
    },
    "42": {
        "cost": 6.213333332712001,
        "ce": 3,
        "cc": 4,
        "z": 0.5599999999999996
    },
    "43": {
        "cost": 6.226666666043999,
        "ce": 3,
        "cc": 5,
        "z": 0.7199999999999998
    },
    "44": {
        "cost": 6.23333333271,
        "ce": 3,
        "cc": 4,
        "z": 0.5499999999999996
    },
    "45": {
        "cost": 6.246666666042,
        "ce": 3,
        "cc": 5,
        "z": 0.7099999999999997
    },
    "46": {
        "cost": 6.253333332708,
        "ce": 3,
        "cc": 4,
        "z": 0.5399999999999996
    },
    "47": {
        "cost": 6.273333332706001,
        "ce": 3,
        "cc": 4,
        "z": 0.5299999999999996
    },
    "48": {
        "cost": 6.293333332704001,
        "ce": 3,
        "cc": 4,
        "z": 0.5199999999999996
    },
    "49": {
        "cost": 6.313333332702,
        "ce": 3,
        "cc": 4,
        "z": 0.5099999999999996
    },
    "50": {
        "cost": 6.3333333327000005,
        "ce": 3,
        "cc": 4,
        "z": 0.49999999999999956
    },
    "51": {
        "cost": 6.353333332698,
        "ce": 3,
        "cc": 4,
        "z": 0.48999999999999955
    },
    "52": {
        "cost": 6.373333332696001,
        "ce": 3,
        "cc": 4,
        "z": 0.47999999999999954
    },
    "53": {
        "cost": 7.159999999284001,
        "ce": 4,
        "cc": 3,
        "z": 0.4199999999999995
    },
    "54": {
        "cost": 7.179999999282001,
        "ce": 4,
        "cc": 3,
        "z": 0.4099999999999995
    },
    "55": {
        "cost": 7.199999999280001,
        "ce": 4,
        "cc": 3,
        "z": 0.39999999999999947
    },
    "56": {
        "cost": 7.219999999278001,
        "ce": 4,
        "cc": 3,
        "z": 0.38999999999999946
    },
    "57": {
        "cost": 7.239999999276001,
        "ce": 4,
        "cc": 3,
        "z": 0.37999999999999945
    },
    "58": {
        "cost": 7.259999999274001,
        "ce": 4,
        "cc": 3,
        "z": 0.36999999999999944
    },
    "59": {
        "cost": 7.279999999272001,
        "ce": 4,
        "cc": 3,
        "z": 0.35999999999999943
    },
    "60": {
        "cost": 7.299999999270001,
        "ce": 4,
        "cc": 3,
        "z": 0.3499999999999994
    },
    "61": {
        "cost": 7.319999999268001,
        "ce": 4,
        "cc": 3,
        "z": 0.3399999999999994
    },
    "62": {
        "cost": 7.326666665934002,
        "ce": 4,
        "cc": 2,
        "z": 0.16999999999999926
    },
    "63": {
        "cost": 7.339999999266,
        "ce": 4,
        "cc": 3,
        "z": 0.3299999999999994
    },
    "64": {
        "cost": 7.3599999992640015,
        "ce": 4,
        "cc": 3,
        "z": 0.3199999999999994
    },
    "65": {
        "cost": 7.379999999262001,
        "ce": 4,
        "cc": 3,
        "z": 0.3099999999999994
    },
    "66": {
        "cost": 7.3933333325940005,
        "ce": 4,
        "cc": 4,
        "z": 0.46999999999999953
    },
    "67": {
        "cost": 7.399999999260001,
        "ce": 4,
        "cc": 3,
        "z": 0.2999999999999994
    },