{
    "0": {
        "cost": 24.6666666642,
        "ce": 0,
        "cc": 38,
        "z": 1.0
    },
    "1": {
        "cost": 26.906666663975997,
        "ce": 2,
        "cc": 38,
        "z": 0.99
    },
    "2": {
        "cost": 28.053333330527998,
        "ce": 3,
        "cc": 37,
        "z": 0.97
    },
    "3": {
        "cost": 28.146666663852,
        "ce": 3,
        "cc": 38,
        "z": 0.98
    },
    "4": {
        "cost": 28.293333330504,
        "ce": 3,
        "cc": 37,
        "z": 0.96
    },
    "5": {
        "cost": 29.199999997080003,
        "ce": 4,
        "cc": 36,
        "z": 0.95
    },
    "6": {
        "cost": 29.439999997056,
        "ce": 4,
        "cc": 36,
        "z": 0.94
    },
    "7": {
        "cost": 30.679999996931997,
        "ce": 5,
        "cc": 36,
        "z": 0.9299999999999999
    },
    "8": {
        "cost": 30.826666663584,
        "ce": 5,
        "cc": 35,
        "z": 0.9099999999999999
    },
    "9": {
        "cost": 30.919999996907997,
        "ce": 5,
        "cc": 36,
        "z": 0.9199999999999999
    },
    "10": {
        "cost": 31.973333330136,
        "ce": 6,
        "cc": 34,
        "z": 0.8899999999999999
    },
    "11": {
        "cost": 32.066666663460005,
        "ce": 6,
        "cc": 35,
        "z": 0.8999999999999999
    },
    "12": {
        "cost": 33.213333330012006,
        "ce": 7,
        "cc": 34,
        "z": 0.8799999999999999
    },
    "13": {
        "cost": 33.453333329988006,
        "ce": 7,
        "cc": 34,
        "z": 0.8699999999999999
    },
    "14": {
        "cost": 33.693333329964005,
        "ce": 7,
        "cc": 34,
        "z": 0.8599999999999999
    },
    "15": {
        "cost": 34.59999999654001,
        "ce": 8,
        "cc": 33,
        "z": 0.8499999999999999
    },
    "16": {
        "cost": 34.746666663192,
        "ce": 8,
        "cc": 32,
        "z": 0.8299999999999998
    },
    "17": {
        "cost": 34.839999996516,
        "ce": 8,
        "cc": 33,
        "z": 0.8399999999999999
    },
    "18": {
        "cost": 35.98666666306801,
        "ce": 9,
        "cc": 32,
        "z": 0.8199999999999998
    },
    "19": {
        "cost": 36.226666663044,
        "ce": 9,
        "cc": 32,
        "z": 0.8099999999999998
    },
    "20": {
        "cost": 37.373333329596,
        "ce": 10,
        "cc": 31,
        "z": 0.7899999999999998
    },
    "21": {
        "cost": 37.466666662920005,
        "ce": 10,
        "cc": 32,
        "z": 0.7999999999999998
    },
    "22": {
        "cost": 37.613333329572,
        "ce": 10,
        "cc": 31,
        "z": 0.7799999999999998
    },
    "23": {
        "cost": 38.519999996148,
        "ce": 11,
        "cc": 30,
        "z": 0.7699999999999998
    },
    "24": {
        "cost": 38.75999999612401,
        "ce": 11,
        "cc": 30,
        "z": 0.7599999999999998
    },
    "25": {
        "cost": 38.9999999961,
        "ce": 11,
        "cc": 30,
        "z": 0.7499999999999998
    },
    "26": {
        "cost": 39.906666662676,
        "ce": 12,
        "cc": 29,
        "z": 0.7399999999999998
    },
    "27": {
        "cost": 40.146666662652,
        "ce": 12,
        "cc": 29,
        "z": 0.7299999999999998
    },
    "28": {
        "cost": 40.386666662628,
        "ce": 12,
        "cc": 29,
        "z": 0.7199999999999998
    },
    "29": {
        "cost": 41.29333332920401,
        "ce": 13,
        "cc": 28,
        "z": 0.7099999999999997
    },
    "30": {
        "cost": 41.53333332918,
        "ce": 13,
        "cc": 28,
        "z": 0.6999999999999997
    },
    "31": {
        "cost": 42.679999995732004,
        "ce": 14,
        "cc": 27,
        "z": 0.6799999999999997
    },
    "32": {
        "cost": 42.77333332905601,
        "ce": 14,
        "cc": 28,
        "z": 0.6899999999999997
    },
    "33": {
        "cost": 42.91999999570801,
        "ce": 14,
        "cc": 27,
        "z": 0.6699999999999997
    },
    "34": {
        "cost": 44.06666666226001,
        "ce": 15,
        "cc": 26,
        "z": 0.6499999999999997
    },
    "35": {
        "cost": 44.15999999558401,
        "ce": 15,
        "cc": 27,
        "z": 0.6599999999999997
    },
    "36": {
        "cost": 44.306666662236005,
        "ce": 15,
        "cc": 26,
        "z": 0.6399999999999997
    },
    "37": {
        "cost": 45.453333328788005,
        "ce": 16,
        "cc": 25,
        "z": 0.6199999999999997
    },
    "38": {
        "cost": 45.54666666211201,
        "ce": 16,
        "cc": 26,
        "z": 0.6299999999999997
    },
    "39": {
        "cost": 46.599999995340006,
        "ce": 17,
        "cc": 24,
        "z": 0.5999999999999996
    },
    "40": {
        "cost": 46.693333328663996,
        "ce": 17,
        "cc": 25,
        "z": 0.6099999999999997
    },
    "41": {
        "cost": 46.839999995316006,
        "ce": 17,
        "cc": 24,
        "z": 0.5899999999999996
    },
    "42": {
        "cost": 47.98666666186801,
        "ce": 18,
        "cc": 23,
        "z": 0.5699999999999996
    },
    "43": {
        "cost": 48.07999999519201,
        "ce": 18,
        "cc": 24,
        "z": 0.5799999999999996
    },
    "44": {
        "cost": 48.22666666184401,
        "ce": 18,
        "cc": 23,
        "z": 0.5599999999999996
    },
    "45": {
        "cost": 49.37333332839601,
        "ce": 19,
        "cc": 22,
        "z": 0.5399999999999996
    },
    "46": {
        "cost": 49.466666661720005,
        "ce": 19,
        "cc": 23,
        "z": 0.5499999999999996
    },
    "47": {
        "cost": 49.61333332837201,
        "ce": 19,
        "cc": 22,
        "z": 0.5299999999999996
    },
    "48": {
        "cost": 50.75999999492401,
        "ce": 20,
        "cc": 21,
        "z": 0.5099999999999996
    },
    "49": {
        "cost": 50.85333332824801,
        "ce": 20,
        "cc": 22,
        "z": 0.5199999999999996
    },
    "50": {
        "cost": 50.999999994900016,
        "ce": 20,
        "cc": 21,
        "z": 0.49999999999999956
    }
}