{
    "0": {
        "cost": 42.0689655164,
        "ce": 0,
        "cc": 32,
        "z": 1.0
    },
    "1": {
        "cost": 43.5593103439564,
        "ce": 2,
        "cc": 31,
        "z": 0.98
    },
    "2": {
        "cost": 44.139655171531,
        "ce": 3,
        "cc": 30,
        "z": 0.95
    },
    "3": {
        "cost": 44.1589655163582,
        "ce": 2,
        "cc": 32,
        "z": 0.99
    },
    "4": {
        "cost": 44.6493103439346,
        "ce": 3,
        "cc": 31,
        "z": 0.97
    },
    "5": {
        "cost": 44.719999999105596,
        "ce": 4,
        "cc": 29,
        "z": 0.9199999999999999
    },
    "6": {
        "cost": 44.7393103439328,
        "ce": 3,
        "cc": 31,
        "z": 0.96
    },
    "7": {
        "cost": 45.2296551715092,
        "ce": 4,
        "cc": 30,
        "z": 0.94
    },
    "8": {
        "cost": 45.3196551715074,
        "ce": 4,
        "cc": 30,
        "z": 0.9299999999999999
    },
    "9": {
        "cost": 45.3903448266784,
        "ce": 5,
        "cc": 28,
        "z": 0.8799999999999999
    },
    "10": {
        "cost": 45.8099999990838,
        "ce": 5,
        "cc": 29,
        "z": 0.9099999999999999
    },
    "11": {
        "cost": 45.899999999082,
        "ce": 5,
        "cc": 29,
        "z": 0.8999999999999999
    },
    "12": {
        "cost": 45.970689654253,
        "ce": 6,
        "cc": 27,
        "z": 0.8499999999999999
    },
    "13": {
        "cost": 45.9899999990802,
        "ce": 5,
        "cc": 29,
        "z": 0.8899999999999999
    },
    "14": {
        "cost": 46.4803448266566,
        "ce": 6,
        "cc": 28,
        "z": 0.8699999999999999
    },
    "15": {
        "cost": 46.570344826654804,
        "ce": 6,
        "cc": 28,
        "z": 0.8599999999999999
    },
    "16": {
        "cost": 47.0606896542312,
        "ce": 7,
        "cc": 27,
        "z": 0.8399999999999999
    },
    "17": {
        "cost": 47.150689654229396,
        "ce": 7,
        "cc": 27,
        "z": 0.8299999999999998
    },
    "18": {
        "cost": 47.2213793094004,
        "ce": 8,
        "cc": 25,
        "z": 0.7799999999999998
    },
    "19": {
        "cost": 47.2406896542276,
        "ce": 7,
        "cc": 27,
        "z": 0.8199999999999998
    },
    "20": {
        "cost": 47.6410344818058,
        "ce": 8,
        "cc": 26,
        "z": 0.8099999999999998
    },
    "21": {
        "cost": 47.731034481804,
        "ce": 8,
        "cc": 26,
        "z": 0.7999999999999998
    },
    "22": {
        "cost": 47.8210344818022,
        "ce": 8,
        "cc": 26,
        "z": 0.7899999999999998
    },
    "23": {
        "cost": 48.311379309378594,
        "ce": 9,
        "cc": 25,
        "z": 0.7699999999999998
    },
    "24": {
        "cost": 48.4013793093768,
        "ce": 9,
        "cc": 25,
        "z": 0.7599999999999998
    },
    "25": {
        "cost": 48.491379309375,
        "ce": 9,
        "cc": 25,
        "z": 0.7499999999999998
    },
    "26": {
        "cost": 48.8917241369532,
        "ce": 10,
        "cc": 24,
        "z": 0.7399999999999998
    },
    "27": {
        "cost": 48.9817241369514,
        "ce": 10,
        "cc": 24,
        "z": 0.7299999999999998
    },
    "28": {
        "cost": 49.0717241369496,
        "ce": 10,
        "cc": 24,
        "z": 0.7199999999999998
    },
    "29": {
        "cost": 49.562068964526,
        "ce": 11,
        "cc": 23,
        "z": 0.6999999999999997
    },
    "30": {
        "cost": 49.6520689645242,
        "ce": 11,
        "cc": 23,
        "z": 0.6899999999999997
    },
    "31": {
        "cost": 49.7420689645224,
        "ce": 11,
        "cc": 23,
        "z": 0.6799999999999997
    },
    "32": {
        "cost": 50.142413792100605,
        "ce": 12,
        "cc": 22,
        "z": 0.6699999999999997
    },
    "33": {
        "cost": 50.1617241369278,
        "ce": 11,
        "cc": 24,
        "z": 0.7099999999999997
    },
    "34": {
        "cost": 50.2324137920988,
        "ce": 12,
        "cc": 22,
        "z": 0.6599999999999997
    },
    "35": {
        "cost": 50.303103447269805,
        "ce": 13,
        "cc": 20,
        "z": 0.6099999999999997
    },
    "36": {
        "cost": 50.322413792096995,
        "ce": 12,
        "cc": 22,
        "z": 0.6499999999999997
    },
    "37": {
        "cost": 50.7227586196752,
        "ce": 13,
        "cc": 21,
        "z": 0.6399999999999997
    },
    "38": {
        "cost": 50.8127586196734,
        "ce": 13,
        "cc": 21,
        "z": 0.6299999999999997
    },
    "39": {
        "cost": 50.902758619671594,
        "ce": 13,
        "cc": 21,
        "z": 0.6199999999999997
    },
    "40": {
        "cost": 51.393103447248,
        "ce": 14,
        "cc": 20,
        "z": 0.5999999999999996
    },
    "41": {
        "cost": 51.4831034472462,
        "ce": 14,
        "cc": 20,
        "z": 0.5899999999999996
    },
    "42": {
        "cost": 51.5537931024172,
        "ce": 15,
        "cc": 18,
        "z": 0.5399999999999996
    },
    "43": {
        "cost": 51.57310344724441,
        "ce": 14,
        "cc": 20,
        "z": 0.5799999999999996
    },
    "44": {
        "cost": 51.9734482748226,
        "ce": 15,
        "cc": 19,
        "z": 0.5699999999999996
    },
    "45": {
        "cost": 52.06344827482079,
        "ce": 15,
        "cc": 19,
        "z": 0.5599999999999996
    },
    "46": {
        "cost": 52.153448274819006,
        "ce": 15,
        "cc": 19,
        "z": 0.5499999999999996
    },
    "47": {
        "cost": 52.6437931023954,
        "ce": 16,
        "cc": 18,
        "z": 0.5299999999999996
    },
    "48": {
        "cost": 52.733793102393605,
        "ce": 16,
        "cc": 18,
        "z": 0.5199999999999996
    },
    "49": {
        "cost": 52.8044827575646,
        "ce": 17,
        "cc": 16,
        "z": 0.46999999999999953
    },
    "50": {
        "cost": 52.823793102391804,
        "ce": 16,
        "cc": 18,
        "z": 0.5099999999999996
    },
    "51": {
        "cost": 53.22413792997,
        "ce": 17,
        "cc": 17,
        "z": 0.49999999999999956
    },
    "52": {
        "cost": 53.3141379299682,
        "ce": 17,
        "cc": 17,
        "z": 0.48999999999999955
    },
    "53": {
        "cost": 53.404137929966396,
        "ce": 17,
        "cc": 17,
        "z": 0.47999999999999954
    },
    "54": {
        "cost": 53.894482757542804,
        "ce": 18,
        "cc": 16,
        "z": 0.4599999999999995
    },
    "55": {
        "cost": 53.984482757541,
        "ce": 18,
        "cc": 16,
        "z": 0.4499999999999995
    },
    "56": {
        "cost": 54.074482757539194,
        "ce": 18,
        "cc": 16,
        "z": 0.4399999999999995
    },
    "57": {
        "cost": 54.474827585117396,
        "ce": 19,
        "cc": 15,
        "z": 0.4299999999999995
    },
    "58": {
        "cost": 54.5648275851156,
        "ce": 19,
        "cc": 15,
        "z": 0.4199999999999995
    },
    "59": {
        "cost": 54.6548275851138,
        "ce": 19,
        "cc": 15,
        "z": 0.4099999999999995
    },
    "60": {
        "cost": 55.055172412692,
        "ce": 20,
        "cc": 14,
        "z": 0.39999999999999947
    },
    "61": {
        "cost": 55.1451724126902,
        "ce": 20,
        "cc": 14,
        "z": 0.38999999999999946
    },
    "62": {
        "cost": 55.2351724126884,
        "ce": 20,
        "cc": 14,
        "z": 0.37999999999999945
    },
    "63": {
        "cost": 55.3251724126866,
        "ce": 20,
        "cc": 14,
        "z": 0.36999999999999944
    }
}