{
    "0": {
        "cost": 70.44482758479799,
        "ce": 10,
        "cc": 39,
        "z": 0.82
    },
    "1": {
        "cost": 70.85517241237599,
        "ce": 10,
        "cc": 40,
        "z": 0.84
    },
    "2": {
        "cost": 70.994827584787,
        "ce": 10,
        "cc": 40,
        "z": 0.83
    },
    "3": {
        "cost": 71.0344827572,
        "ce": 11,
        "cc": 38,
        "z": 0.7999999999999999
    },
    "4": {
        "cost": 71.584482757189,
        "ce": 11,
        "cc": 39,
        "z": 0.8099999999999999
    },
    "5": {
        "cost": 71.624137929602,
        "ce": 12,
        "cc": 37,
        "z": 0.7799999999999999
    },
    "6": {
        "cost": 72.174137929591,
        "ce": 12,
        "cc": 38,
        "z": 0.7899999999999999
    },
    "7": {
        "cost": 72.213793102004,
        "ce": 13,
        "cc": 36,
        "z": 0.7599999999999999
    },
    "8": {
        "cost": 72.763793101993,
        "ce": 13,
        "cc": 37,
        "z": 0.7699999999999999
    },
    "9": {
        "cost": 73.353448274395,
        "ce": 14,
        "cc": 36,
        "z": 0.7499999999999999
    },
    "10": {
        "cost": 73.493103446806,
        "ce": 14,
        "cc": 36,
        "z": 0.7399999999999999
    },
    "11": {
        "cost": 73.53275861921901,
        "ce": 15,
        "cc": 34,
        "z": 0.7099999999999999
    },
    "12": {
        "cost": 73.94310344679701,
        "ce": 15,
        "cc": 35,
        "z": 0.7299999999999999
    },
    "13": {
        "cost": 74.08275861920801,
        "ce": 15,
        "cc": 35,
        "z": 0.7199999999999999
    },
    "14": {
        "cost": 74.67241379161,
        "ce": 16,
        "cc": 34,
        "z": 0.6999999999999998
    },
    "15": {
        "cost": 74.812068964021,
        "ce": 16,
        "cc": 34,
        "z": 0.6899999999999998
    },
    "16": {
        "cost": 75.262068964012,
        "ce": 17,
        "cc": 33,
        "z": 0.6799999999999998
    },
    "17": {
        "cost": 75.401724136423,
        "ce": 17,
        "cc": 33,
        "z": 0.6699999999999998
    },
    "18": {
        "cost": 75.85172413641399,
        "ce": 18,
        "cc": 32,
        "z": 0.6599999999999998
    },
    "19": {
        "cost": 75.991379308825,
        "ce": 18,
        "cc": 32,
        "z": 0.6499999999999998
    },
    "20": {
        "cost": 76.58103448122701,
        "ce": 19,
        "cc": 31,
        "z": 0.6299999999999998
    },
    "21": {
        "cost": 77.131034481216,
        "ce": 19,
        "cc": 32,
        "z": 0.6399999999999998
    },
    "22": {
        "cost": 77.170689653629,
        "ce": 20,
        "cc": 30,
        "z": 0.6099999999999998
    },
    "23": {
        "cost": 77.31034482604,
        "ce": 20,
        "cc": 30,
        "z": 0.5999999999999998
    },
    "24": {
        "cost": 77.720689653618,
        "ce": 20,
        "cc": 31,
        "z": 0.6199999999999998
    }
}