{
    "0": {
        "cost": 20.999999997899998,
        "ce": 0,
        "cc": 33,
        "z": 1.0
    },
    "1": {
        "cost": 22.86666666438,
        "ce": 2,
        "cc": 32,
        "z": 0.99
    },
    "2": {
        "cost": 23.06666666436,
        "ce": 2,
        "cc": 32,
        "z": 0.98
    },
    "3": {
        "cost": 24.26666666424,
        "ce": 3,
        "cc": 32,
        "z": 0.97
    },
    "4": {
        "cost": 24.333333330899997,
        "ce": 3,
        "cc": 31,
        "z": 0.95
    },
    "5": {
        "cost": 24.46666666422,
        "ce": 3,
        "cc": 32,
        "z": 0.96
    },
    "6": {
        "cost": 25.53333333078,
        "ce": 4,
        "cc": 31,
        "z": 0.94
    },
    "7": {
        "cost": 25.59999999744,
        "ce": 4,
        "cc": 30,
        "z": 0.9199999999999999
    },
    "8": {
        "cost": 25.73333333076,
        "ce": 4,
        "cc": 31,
        "z": 0.9299999999999999
    },
    "9": {
        "cost": 26.79999999732,
        "ce": 5,
        "cc": 30,
        "z": 0.9099999999999999
    },
    "10": {
        "cost": 26.866666663980006,
        "ce": 5,
        "cc": 29,
        "z": 0.8899999999999999
    },
    "11": {
        "cost": 26.9999999973,
        "ce": 5,
        "cc": 30,
        "z": 0.8999999999999999
    },
    "12": {
        "cost": 28.066666663860005,
        "ce": 6,
        "cc": 29,
        "z": 0.8799999999999999
    },
    "13": {
        "cost": 28.26666666384,
        "ce": 6,
        "cc": 29,
        "z": 0.8699999999999999
    },
    "14": {
        "cost": 28.466666663820003,
        "ce": 6,
        "cc": 29,
        "z": 0.8599999999999999
    },
    "15": {
        "cost": 29.333333330400002,
        "ce": 7,
        "cc": 28,
        "z": 0.8499999999999999
    },
    "16": {
        "cost": 29.53333333038,
        "ce": 7,
        "cc": 28,
        "z": 0.8399999999999999
    },
    "17": {
        "cost": 29.59999999704001,
        "ce": 7,
        "cc": 27,
        "z": 0.8199999999999998
    },
    "18": {
        "cost": 29.73333333036,
        "ce": 7,
        "cc": 28,
        "z": 0.8299999999999998
    },
    "19": {
        "cost": 30.79999999692,
        "ce": 8,
        "cc": 27,
        "z": 0.8099999999999998
    },
    "20": {
        "cost": 30.9999999969,
        "ce": 8,
        "cc": 27,
        "z": 0.7999999999999998
    },
    "21": {
        "cost": 31.199999996880003,
        "ce": 8,
        "cc": 27,
        "z": 0.7899999999999998
    },
    "22": {
        "cost": 32.066666663460005,
        "ce": 9,
        "cc": 26,
        "z": 0.7799999999999998
    },
    "23": {
        "cost": 32.266666663440006,
        "ce": 9,
        "cc": 26,
        "z": 0.7699999999999998
    },
    "24": {
        "cost": 32.46666666342,
        "ce": 9,
        "cc": 26,
        "z": 0.7599999999999998
    },
    "25": {
        "cost": 33.33333333000001,
        "ce": 10,
        "cc": 25,
        "z": 0.7499999999999998
    },
    "26": {
        "cost": 33.53333332998,
        "ce": 10,
        "cc": 25,
        "z": 0.7399999999999998
    },
    "27": {
        "cost": 33.733333329960004,
        "ce": 10,
        "cc": 25,
        "z": 0.7299999999999998
    },
    "28": {
        "cost": 34.59999999654001,
        "ce": 11,
        "cc": 24,
        "z": 0.7199999999999998
    },
    "29": {
        "cost": 34.79999999652001,
        "ce": 11,
        "cc": 24,
        "z": 0.7099999999999997
    },
    "30": {
        "cost": 34.99999999650001,
        "ce": 11,
        "cc": 24,
        "z": 0.6999999999999997
    },
    "31": {
        "cost": 35.19999999648001,
        "ce": 11,
        "cc": 24,
        "z": 0.6899999999999997
    },
    "32": {
        "cost": 36.066666663060005,
        "ce": 12,
        "cc": 23,
        "z": 0.6799999999999997
    },
    "33": {
        "cost": 36.266666663040006,
        "ce": 12,
        "cc": 23,
        "z": 0.6699999999999997
    },
    "34": {
        "cost": 36.46666666302001,
        "ce": 12,
        "cc": 23,
        "z": 0.6599999999999997
    },
    "35": {
        "cost": 37.33333332960001,
        "ce": 13,
        "cc": 22,
        "z": 0.6499999999999997
    },
    "36": {
        "cost": 37.53333332958001,
        "ce": 13,
        "cc": 22,
        "z": 0.6399999999999997
    },
    "37": {
        "cost": 37.733333329560004,
        "ce": 13,
        "cc": 22,
        "z": 0.6299999999999997
    },
    "38": {
        "cost": 38.79999999612001,
        "ce": 14,
        "cc": 21,
        "z": 0.6099999999999997
    },
    "39": {
        "cost": 38.86666666278001,
        "ce": 14,
        "cc": 20,
        "z": 0.5899999999999996
    },
    "40": {
        "cost": 38.93333332944,
        "ce": 14,
        "cc": 22,
        "z": 0.6199999999999997
    },
    "41": {
        "cost": 38.99999999610001,
        "ce": 14,
        "cc": 21,
        "z": 0.5999999999999996
    },
    "42": {
        "cost": 40.066666662660005,
        "ce": 15,
        "cc": 20,
        "z": 0.5799999999999996
    },
    "43": {
        "cost": 40.26666666264001,
        "ce": 15,
        "cc": 20,
        "z": 0.5699999999999996
    },
    "44": {
        "cost": 40.46666666262001,
        "ce": 15,
        "cc": 20,
        "z": 0.5599999999999996
    },
    "45": {
        "cost": 41.33333332920001,
        "ce": 16,
        "cc": 19,
        "z": 0.5499999999999996
    },
    "46": {
        "cost": 41.53333332918001,
        "ce": 16,
        "cc": 19,
        "z": 0.5399999999999996
    },
    "47": {
        "cost": 41.73333332916001,
        "ce": 16,
        "cc": 19,
        "z": 0.5299999999999996
    },
    "48": {
        "cost": 42.599999995740006,
        "ce": 17,
        "cc": 18,
        "z": 0.5199999999999996
    },
    "49": {
        "cost": 42.79999999572001,
        "ce": 17,
        "cc": 18,
        "z": 0.5099999999999996
    },
    "50": {
        "cost": 42.866666662380005,
        "ce": 17,
        "cc": 17,
        "z": 0.48999999999999955
    },
    "51": {
        "cost": 42.99999999570001,
        "ce": 17,
        "cc": 18,
        "z": 0.49999999999999956
    },
    "52": {
        "cost": 44.06666666226001,
        "ce": 18,
        "cc": 17,
        "z": 0.47999999999999954
    },
    "53": {
        "cost": 44.266666662240006,
        "ce": 18,
        "cc": 17,
        "z": 0.46999999999999953
    },
    "54": {
        "cost": 44.466666662220014,
        "ce": 18,
        "cc": 17,
        "z": 0.4599999999999995
    },
    "55": {
        "cost": 45.33333332880001,
        "ce": 19,
        "cc": 16,
        "z": 0.4499999999999995
    },
    "56": {
        "cost": 45.53333332878002,
        "ce": 19,
        "cc": 16,
        "z": 0.4399999999999995
    },
    "57": {
        "cost": 45.73333332876002,
        "ce": 19,
        "cc": 16,
        "z": 0.4299999999999995
    },
    "58": {
        "cost": 46.599999995340006,
        "ce": 20,
        "cc": 15,
        "z": 0.4199999999999995
    },
    "59": {
        "cost": 46.79999999532001,
        "ce": 20,
        "cc": 15,
        "z": 0.4099999999999995
    },
    "60": {
        "cost": 46.99999999530001,
        "ce": 20,
        "cc": 15,
        "z": 0.39999999999999947
    }
}