{
    "0": {
        "cost": 247.60000002094,
        "ce": 20,
        "cc": 36,
        "z": 0.6499999999999999
    },
    "1": {
        "cost": 251.64000002139596,
        "ce": 20,
        "cc": 37,
        "z": 0.6599999999999999
    },
    "2": {
        "cost": 251.68000002155196,
        "ce": 19,
        "cc": 37,
        "z": 0.6699999999999999
    },
    "3": {
        "cost": 255.72000002200798,
        "ce": 19,
        "cc": 38,
        "z": 0.6799999999999999
    },
    "4": {
        "cost": 255.76000002216398,
        "ce": 18,
        "cc": 38,
        "z": 0.69
    },
    "5": {
        "cost": 259.80000002262,
        "ce": 18,
        "cc": 39,
        "z": 0.7
    },
    "6": {
        "cost": 259.840000022776,
        "ce": 17,
        "cc": 39,
        "z": 0.71
    },
    "7": {
        "cost": 263.880000023232,
        "ce": 17,
        "cc": 40,
        "z": 0.72
    },
    "8": {
        "cost": 263.92000002338796,
        "ce": 16,
        "cc": 40,
        "z": 0.73
    }
}