{
    "0": {
        "cost": 7.666666665899999,
        "ce": 0,
        "cc": 13,
        "z": 1.0
    },
    "1": {
        "cost": 9.53333333238,
        "ce": 2,
        "cc": 12,
        "z": 0.97
    },
    "2": {
        "cost": 9.59999999904,
        "ce": 2,
        "cc": 12,
        "z": 0.96
    },
    "3": {
        "cost": 9.6666666657,
        "ce": 2,
        "cc": 12,
        "z": 0.95
    },
    "4": {
        "cost": 9.733333332359999,
        "ce": 2,
        "cc": 13,
        "z": 0.99
    },
    "5": {
        "cost": 9.799999999019999,
        "ce": 2,
        "cc": 13,
        "z": 0.98
    },
    "6": {
        "cost": 10.733333332259999,
        "ce": 3,
        "cc": 12,
        "z": 0.94
    },
    "7": {
        "cost": 10.79999999892,
        "ce": 3,
        "cc": 12,
        "z": 0.9299999999999999
    },
    "8": {
        "cost": 10.86666666558,
        "ce": 3,
        "cc": 12,
        "z": 0.9199999999999999
    },
    "9": {
        "cost": 10.86666666558,
        "ce": 3,
        "cc": 11,
        "z": 0.8699999999999999
    },
    "10": {
        "cost": 10.93333333224,
        "ce": 3,
        "cc": 12,
        "z": 0.9099999999999999
    },
    "11": {
        "cost": 10.9999999989,
        "ce": 3,
        "cc": 12,
        "z": 0.8999999999999999
    },
    "12": {
        "cost": 11.06666666556,
        "ce": 3,
        "cc": 12,
        "z": 0.8899999999999999
    },
    "13": {
        "cost": 11.133333332220001,
        "ce": 3,
        "cc": 12,
        "z": 0.8799999999999999
    },
    "14": {
        "cost": 11.933333332139998,
        "ce": 4,
        "cc": 11,
        "z": 0.8599999999999999
    },
    "15": {
        "cost": 11.9999999988,
        "ce": 4,
        "cc": 11,
        "z": 0.8499999999999999
    },
    "16": {
        "cost": 12.06666666546,
        "ce": 4,
        "cc": 11,
        "z": 0.8399999999999999
    },
    "17": {
        "cost": 12.13333333212,
        "ce": 4,
        "cc": 11,
        "z": 0.8299999999999998
    },
    "18": {
        "cost": 12.133333332120001,
        "ce": 4,
        "cc": 10,
        "z": 0.7799999999999998
    },
    "19": {
        "cost": 12.199999998780001,
        "ce": 4,
        "cc": 11,
        "z": 0.8199999999999998
    },
    "20": {
        "cost": 12.266666665439999,
        "ce": 4,
        "cc": 11,
        "z": 0.8099999999999998
    },
    "21": {
        "cost": 12.3333333321,
        "ce": 4,
        "cc": 11,
        "z": 0.7999999999999998
    },
    "22": {
        "cost": 12.39999999876,
        "ce": 4,
        "cc": 11,
        "z": 0.7899999999999998
    },
    "23": {
        "cost": 13.199999998680001,
        "ce": 5,
        "cc": 10,
        "z": 0.7699999999999998
    },
    "24": {
        "cost": 13.26666666534,
        "ce": 5,
        "cc": 10,
        "z": 0.7599999999999998
    },
    "25": {
        "cost": 13.333333332000002,
        "ce": 5,
        "cc": 10,
        "z": 0.7499999999999998
    },
    "26": {
        "cost": 13.399999998660004,
        "ce": 5,
        "cc": 10,
        "z": 0.7399999999999998
    },
    "27": {
        "cost": 13.466666665320002,
        "ce": 5,
        "cc": 10,
        "z": 0.7299999999999998
    },
    "28": {
        "cost": 13.533333331980002,
        "ce": 5,
        "cc": 10,
        "z": 0.7199999999999998
    },
    "29": {
        "cost": 13.599999998640003,
        "ce": 5,
        "cc": 10,
        "z": 0.7099999999999997
    },
    "30": {
        "cost": 13.666666665300001,
        "ce": 5,
        "cc": 10,
        "z": 0.6999999999999997
    },
    "31": {
        "cost": 13.73333333196,
        "ce": 5,
        "cc": 10,
        "z": 0.6899999999999997
    },
    "32": {
        "cost": 14.533333331880002,
        "ce": 6,
        "cc": 9,
        "z": 0.6699999999999997
    },
    "33": {
        "cost": 14.599999998540001,
        "ce": 6,
        "cc": 9,
        "z": 0.6599999999999997
    },
    "34": {
        "cost": 14.666666665200001,
        "ce": 6,
        "cc": 9,
        "z": 0.6499999999999997
    },
    "35": {
        "cost": 14.733333331860003,
        "ce": 6,
        "cc": 9,
        "z": 0.6399999999999997
    },
    "36": {
        "cost": 14.79999999852,
        "ce": 6,
        "cc": 10,
        "z": 0.6799999999999997
    },
    "37": {
        "cost": 14.799999998520002,
        "ce": 6,
        "cc": 9,
        "z": 0.6299999999999997
    },
    "38": {
        "cost": 14.866666665180002,
        "ce": 6,
        "cc": 9,
        "z": 0.6199999999999997
    },
    "39": {
        "cost": 14.933333331840002,
        "ce": 6,
        "cc": 9,
        "z": 0.6099999999999997
    },
    "40": {
        "cost": 14.999999998500002,
        "ce": 6,
        "cc": 9,
        "z": 0.5999999999999996
    },
    "41": {
        "cost": 15.066666665160001,
        "ce": 6,
        "cc": 9,
        "z": 0.5899999999999996
    },
    "42": {
        "cost": 15.799999998420002,
        "ce": 7,
        "cc": 8,
        "z": 0.5799999999999996
    },
    "43": {
        "cost": 15.86666666508,
        "ce": 7,
        "cc": 8,
        "z": 0.5699999999999996
    },
    "44": {
        "cost": 15.933333331740002,
        "ce": 7,
        "cc": 8,
        "z": 0.5599999999999996
    },
    "45": {
        "cost": 15.9999999984,
        "ce": 7,
        "cc": 8,
        "z": 0.5499999999999996
    },
    "46": {
        "cost": 16.06666666506,
        "ce": 7,
        "cc": 8,
        "z": 0.5399999999999996
    },
    "47": {
        "cost": 16.133333331720003,
        "ce": 7,
        "cc": 8,
        "z": 0.5299999999999996
    },
    "48": {
        "cost": 16.19999999838,
        "ce": 7,
        "cc": 8,
        "z": 0.5199999999999996
    },
    "49": {
        "cost": 16.266666665040002,
        "ce": 7,
        "cc": 8,
        "z": 0.5099999999999996
    },
    "50": {
        "cost": 16.333333331700004,
        "ce": 7,
        "cc": 8,
        "z": 0.49999999999999956
    },
    "51": {
        "cost": 17.066666664960003,
        "ce": 8,
        "cc": 7,
        "z": 0.48999999999999955
    },
    "52": {
        "cost": 17.133333331620005,
        "ce": 8,
        "cc": 7,
        "z": 0.47999999999999954
    },
    "53": {
        "cost": 17.199999998280003,
        "ce": 8,
        "cc": 7,
        "z": 0.46999999999999953
    },
    "54": {
        "cost": 17.266666664940004,
        "ce": 8,
        "cc": 7,
        "z": 0.4599999999999995
    },
    "55": {
        "cost": 17.333333331600002,
        "ce": 8,
        "cc": 7,
        "z": 0.4499999999999995
    },
    "56": {
        "cost": 17.399999998260004,
        "ce": 8,
        "cc": 7,
        "z": 0.4399999999999995
    },
    "57": {
        "cost": 17.466666664920005,
        "ce": 8,
        "cc": 7,
        "z": 0.4299999999999995
    },
    "58": {
        "cost": 17.533333331580003,
        "ce": 8,
        "cc": 7,
        "z": 0.4199999999999995
    },
    "59": {
        "cost": 17.599999998240005,
        "ce": 8,
        "cc": 7,
        "z": 0.4099999999999995
    },
    "60": {
        "cost": 17.666666664900003,
        "ce": 8,
        "cc": 7,
        "z": 0.39999999999999947
    },
    "61": {
        "cost": 18.399999998160006,
        "ce": 9,
        "cc": 6,
        "z": 0.38999999999999946
    },
    "62": {
        "cost": 18.466666664820004,
        "ce": 9,
        "cc": 6,
        "z": 0.37999999999999945
    },
    "63": {
        "cost": 18.53333333148,
        "ce": 9,
        "cc": 6,
        "z": 0.36999999999999944
    },
    "64": {
        "cost": 18.599999998140007,
        "ce": 9,
        "cc": 6,
        "z": 0.35999999999999943
    },
    "65": {
        "cost": 18.6666666648,
        "ce": 9,
        "cc": 6,
        "z": 0.3499999999999994
    },
    "66": {
        "cost": 18.733333331460003,
        "ce": 9,
        "cc": 6,
        "z": 0.3399999999999994
    },
    "67": {
        "cost": 18.799999998120004,