{
    "0": {
        "cost": 22.7586206892,
        "ce": 0,
        "cc": 18,
        "z": 1.0
    },
    "1": {
        "cost": 24.162068965034,
        "ce": 2,
        "cc": 17,
        "z": 0.98
    },
    "2": {
        "cost": 24.208620689171,
        "ce": 2,
        "cc": 17,
        "z": 0.97
    },
    "3": {
        "cost": 24.255172413308,
        "ce": 2,
        "cc": 17,
        "z": 0.96
    },
    "4": {
        "cost": 24.798275861572996,
        "ce": 3,
        "cc": 16,
        "z": 0.9099999999999999
    },
    "5": {
        "cost": 24.805172413297,
        "ce": 2,
        "cc": 18,
        "z": 0.99
    },
    "6": {
        "cost": 24.84482758571,
        "ce": 3,
        "cc": 16,
        "z": 0.8999999999999999
    },
    "7": {
        "cost": 25.301724137424998,
        "ce": 3,
        "cc": 17,
        "z": 0.95
    },
    "8": {
        "cost": 25.348275861562,
        "ce": 3,
        "cc": 17,
        "z": 0.94
    },
    "9": {
        "cost": 25.394827585698998,
        "ce": 3,
        "cc": 17,
        "z": 0.9299999999999999
    },
    "10": {
        "cost": 25.434482758112,
        "ce": 4,
        "cc": 15,
        "z": 0.8399999999999999
    },
    "11": {
        "cost": 25.441379309835998,
        "ce": 3,
        "cc": 17,
        "z": 0.9199999999999999
    },
    "12": {
        "cost": 25.891379309827,
        "ce": 4,
        "cc": 16,
        "z": 0.8899999999999999
    },
    "13": {
        "cost": 25.937931033964,
        "ce": 4,
        "cc": 16,
        "z": 0.8799999999999999
    },
    "14": {
        "cost": 25.984482758101,
        "ce": 4,
        "cc": 16,
        "z": 0.8699999999999999
    },
    "15": {
        "cost": 26.031034482238,
        "ce": 4,
        "cc": 16,
        "z": 0.8599999999999999
    },
    "16": {
        "cost": 26.077586206375,
        "ce": 4,
        "cc": 16,
        "z": 0.8499999999999999
    },
    "17": {
        "cost": 26.481034482229,
        "ce": 5,
        "cc": 15,
        "z": 0.8299999999999998
    },
    "18": {
        "cost": 26.527586206366,
        "ce": 5,
        "cc": 15,
        "z": 0.8199999999999998
    },
    "19": {
        "cost": 26.574137930503,
        "ce": 5,
        "cc": 15,
        "z": 0.8099999999999998
    },
    "20": {
        "cost": 26.620689654639996,
        "ce": 5,
        "cc": 15,
        "z": 0.7999999999999998
    },
    "21": {
        "cost": 26.667241378777,
        "ce": 5,
        "cc": 15,
        "z": 0.7899999999999998
    },
    "22": {
        "cost": 26.713793102913996,
        "ce": 5,
        "cc": 15,
        "z": 0.7799999999999998
    },
    "23": {
        "cost": 27.070689654630996,
        "ce": 6,
        "cc": 14,
        "z": 0.7699999999999998
    },
    "24": {
        "cost": 27.117241378768,
        "ce": 6,
        "cc": 14,
        "z": 0.7599999999999998
    },
    "25": {
        "cost": 27.163793102904997,
        "ce": 6,
        "cc": 14,
        "z": 0.7499999999999998
    },
    "26": {
        "cost": 27.210344827042,
        "ce": 6,
        "cc": 14,
        "z": 0.7399999999999998
    },
    "27": {
        "cost": 27.249999999454996,
        "ce": 7,
        "cc": 12,
        "z": 0.6499999999999997
    },
    "28": {
        "cost": 27.256896551178997,
        "ce": 6,
        "cc": 14,
        "z": 0.7299999999999998
    },
    "29": {
        "cost": 27.303448275315997,
        "ce": 6,
        "cc": 14,
        "z": 0.7199999999999998
    },
    "30": {
        "cost": 27.660344827032997,
        "ce": 7,
        "cc": 13,
        "z": 0.7099999999999997
    },
    "31": {
        "cost": 27.706896551169997,
        "ce": 7,
        "cc": 13,
        "z": 0.6999999999999997
    },
    "32": {
        "cost": 27.753448275306997,
        "ce": 7,
        "cc": 13,
        "z": 0.6899999999999997
    },
    "33": {
        "cost": 27.799999999443997,
        "ce": 7,
        "cc": 13,
        "z": 0.6799999999999997
    },
    "34": {
        "cost": 27.846551723580998,
        "ce": 7,
        "cc": 13,
        "z": 0.6699999999999997
    },
    "35": {
        "cost": 27.893103447717998,
        "ce": 7,
        "cc": 13,
        "z": 0.6599999999999997
    },
    "36": {
        "cost": 28.296551723571998,
        "ce": 8,
        "cc": 12,
        "z": 0.6399999999999997
    },
    "37": {
        "cost": 28.343103447708998,
        "ce": 8,
        "cc": 12,
        "z": 0.6299999999999997
    },
    "38": {
        "cost": 28.389655171845998,
        "ce": 8,
        "cc": 12,
        "z": 0.6199999999999997
    },
    "39": {
        "cost": 28.436206895983,
        "ce": 8,
        "cc": 12,
        "z": 0.6099999999999997
    },
    "40": {
        "cost": 28.475862068395998,
        "ce": 9,
        "cc": 10,
        "z": 0.5199999999999996
    },
    "41": {
        "cost": 28.48275862012,
        "ce": 8,
        "cc": 12,
        "z": 0.5999999999999996
    },
    "42": {
        "cost": 28.529310344257,
        "ce": 8,
        "cc": 12,
        "z": 0.5899999999999996
    },
    "43": {
        "cost": 28.886206895974,
        "ce": 9,
        "cc": 11,
        "z": 0.5799999999999996
    },
    "44": {
        "cost": 28.932758620111,
        "ce": 9,
        "cc": 11,
        "z": 0.5699999999999996
    },
    "45": {
        "cost": 28.979310344248,
        "ce": 9,
        "cc": 11,
        "z": 0.5599999999999996
    },
    "46": {
        "cost": 29.025862068385,
        "ce": 9,
        "cc": 11,
        "z": 0.5499999999999996
    },
    "47": {
        "cost": 29.072413792522,
        "ce": 9,
        "cc": 11,
        "z": 0.5399999999999996
    },
    "48": {
        "cost": 29.118965516658996,
        "ce": 9,
        "cc": 11,
        "z": 0.5299999999999996
    },
    "49": {
        "cost": 29.522413792513,
        "ce": 10,
        "cc": 10,
        "z": 0.5099999999999996
    },
    "50": {
        "cost": 29.568965516649996,
        "ce": 10,
        "cc": 10,
        "z": 0.49999999999999956
    },
    "51": {
        "cost": 29.615517240787,
        "ce": 10,
        "cc": 10,
        "z": 0.48999999999999955
    },
    "52": {
        "cost": 29.662068964924003,
        "ce": 10,
        "cc": 10,
        "z": 0.47999999999999954
    },
    "53": {
        "cost": 29.701724137336996,
        "ce": 11,
        "cc": 8,
        "z": 0.38999999999999946
    },
    "54": {
        "cost": 29.708620689061,
        "ce": 10,
        "cc": 10,
        "z": 0.46999999999999953
    },
    "55": {
        "cost": 29.755172413198,
        "ce": 10,
        "cc": 10,
        "z": 0.4599999999999995
    },
    "56": {
        "cost": 30.112068964914997,
        "ce": 11,
        "cc": 9,
        "z": 0.4499999999999995
    },
    "57": {
        "cost": 30.158620689051997,
        "ce": 11,
        "cc": 9,
        "z": 0.4399999999999995
    },
    "58": {
        "cost": 30.205172413188997,
        "ce": 11,
        "cc": 9,
        "z": 0.4299999999999995
    },
    "59": {
        "cost": 30.251724137325997,
        "ce": 11,
        "cc": 9,
        "z": 0.4199999999999995
    },
    "60": {
        "cost": 30.298275861462997,
        "ce": 11,
        "cc": 9,
        "z": 0.4099999999999995
    },
    "61": {
        "cost": 30.337931033876,
        "ce": 12,
        "cc": 7,
        "z": 0.3199999999999994
    },
    "62": {
        "cost": 30.344827585599997,
        "ce": 11,
        "cc": 9,
        "z": 0.39999999999999947
    },
    "63": {
        "cost": 30.748275861454,
        "ce": 12,
        "cc": 8,
        "z": 0.37999999999999945
    },
    "64": {
        "cost": 30.794827585591,
        "ce": 12,
        "cc": 8,
        "z": 0.36999999999999944
    },
    "65": {
        "cost": 30.841379309728,
        "ce": 12,
        "cc": 8,
        "z": 0.35999999999999943
    },
    "66": {
        "cost": 30.887931033865,
        "ce": 12,
        "cc": 8,
        "z": 0.3499999999999994
    },