{
    "0": {
        "cost": 3.6666666662999994,
        "ce": 0,
        "cc": 7,
        "z": 1.0
    },
    "1": {
        "cost": 4.386666666228,
        "ce": 1,
        "cc": 6,
        "z": 0.98
    },
    "2": {
        "cost": 4.6933333328639995,
        "ce": 1,
        "cc": 7,
        "z": 0.99
    },
    "3": {
        "cost": 5.413333332792,
        "ce": 2,
        "cc": 6,
        "z": 0.97
    },
    "4": {
        "cost": 5.439999999456001,
        "ce": 2,
        "cc": 6,
        "z": 0.96
    },
    "5": {
        "cost": 5.46666666612,
        "ce": 2,
        "cc": 6,
        "z": 0.95
    },
    "6": {
        "cost": 5.493333332783999,
        "ce": 2,
        "cc": 6,
        "z": 0.94
    },
    "7": {
        "cost": 5.519999999448,
        "ce": 2,
        "cc": 6,
        "z": 0.9299999999999999
    },
    "8": {
        "cost": 5.546666666111999,
        "ce": 2,
        "cc": 6,
        "z": 0.9199999999999999
    },
    "9": {
        "cost": 5.573333332776,
        "ce": 2,
        "cc": 6,
        "z": 0.9099999999999999
    },
    "10": {
        "cost": 5.59999999944,
        "ce": 2,
        "cc": 6,
        "z": 0.8999999999999999
    },
    "11": {
        "cost": 5.626666666104,
        "ce": 2,
        "cc": 6,
        "z": 0.8899999999999999
    },
    "12": {
        "cost": 5.653333332768001,
        "ce": 2,
        "cc": 6,
        "z": 0.8799999999999999
    },
    "13": {
        "cost": 5.679999999432,
        "ce": 2,
        "cc": 6,
        "z": 0.8699999999999999
    },
    "14": {
        "cost": 5.706666666096001,
        "ce": 2,
        "cc": 6,
        "z": 0.8599999999999999
    },
    "15": {
        "cost": 5.73333333276,
        "ce": 2,
        "cc": 6,
        "z": 0.8499999999999999
    },
    "16": {
        "cost": 5.759999999424,
        "ce": 2,
        "cc": 6,
        "z": 0.8399999999999999
    },
    "17": {
        "cost": 6.666666666,
        "ce": 3,
        "cc": 5,
        "z": 0.7499999999999998
    },
    "18": {
        "cost": 6.693333332663999,
        "ce": 3,
        "cc": 5,
        "z": 0.7399999999999998
    },
    "19": {
        "cost": 6.719999999328,
        "ce": 3,
        "cc": 5,
        "z": 0.7299999999999998
    },
    "20": {
        "cost": 6.746666665992,
        "ce": 3,
        "cc": 5,
        "z": 0.7199999999999998
    },
    "21": {
        "cost": 6.773333332656,
        "ce": 3,
        "cc": 5,
        "z": 0.7099999999999997
    },
    "22": {
        "cost": 6.786666665988,
        "ce": 3,
        "cc": 6,
        "z": 0.8299999999999998
    },
    "23": {
        "cost": 6.79999999932,
        "ce": 3,
        "cc": 5,
        "z": 0.6999999999999997
    },
    "24": {
        "cost": 6.813333332652,
        "ce": 3,
        "cc": 6,
        "z": 0.8199999999999998
    },
    "25": {
        "cost": 6.826666665984001,
        "ce": 3,
        "cc": 5,
        "z": 0.6899999999999997
    },
    "26": {
        "cost": 6.839999999316001,
        "ce": 3,
        "cc": 6,
        "z": 0.8099999999999998
    },
    "27": {
        "cost": 6.853333332648,
        "ce": 3,
        "cc": 5,
        "z": 0.6799999999999997
    },
    "28": {
        "cost": 6.86666666598,
        "ce": 3,
        "cc": 6,
        "z": 0.7999999999999998
    },
    "29": {
        "cost": 6.879999999312,
        "ce": 3,
        "cc": 5,
        "z": 0.6699999999999997
    },
    "30": {
        "cost": 6.893333332644,
        "ce": 3,
        "cc": 6,
        "z": 0.7899999999999998
    },
    "31": {
        "cost": 6.906666665976,
        "ce": 3,
        "cc": 5,
        "z": 0.6599999999999997
    },
    "32": {
        "cost": 6.919999999308001,
        "ce": 3,
        "cc": 6,
        "z": 0.7799999999999998
    },
    "33": {
        "cost": 6.93333333264,
        "ce": 3,
        "cc": 5,
        "z": 0.6499999999999997
    },
    "34": {
        "cost": 6.946666665972,
        "ce": 3,
        "cc": 6,
        "z": 0.7699999999999998
    },
    "35": {
        "cost": 6.959999999303999,
        "ce": 3,
        "cc": 5,
        "z": 0.6399999999999997
    },
    "36": {
        "cost": 6.973333332636001,
        "ce": 3,
        "cc": 6,
        "z": 0.7599999999999998
    },
    "37": {
        "cost": 7.946666665872001,
        "ce": 4,
        "cc": 4,
        "z": 0.5199999999999996
    },
    "38": {
        "cost": 7.973333332536001,
        "ce": 4,
        "cc": 4,
        "z": 0.5099999999999996
    },
    "39": {
        "cost": 7.986666665868,
        "ce": 4,
        "cc": 5,
        "z": 0.6299999999999997
    },
    "40": {
        "cost": 7.999999999200001,
        "ce": 4,
        "cc": 4,
        "z": 0.49999999999999956
    },
    "41": {
        "cost": 8.013333332532,
        "ce": 4,
        "cc": 5,
        "z": 0.6199999999999997
    },
    "42": {
        "cost": 8.026666665864001,
        "ce": 4,
        "cc": 4,
        "z": 0.48999999999999955
    },
    "43": {
        "cost": 8.039999999196,
        "ce": 4,
        "cc": 5,
        "z": 0.6099999999999997
    },
    "44": {
        "cost": 8.053333332528002,
        "ce": 4,
        "cc": 4,
        "z": 0.47999999999999954
    },
    "45": {
        "cost": 8.06666666586,
        "ce": 4,
        "cc": 5,
        "z": 0.5999999999999996
    },
    "46": {
        "cost": 8.079999999192001,
        "ce": 4,
        "cc": 4,
        "z": 0.46999999999999953
    },
    "47": {
        "cost": 8.093333332524,
        "ce": 4,
        "cc": 5,
        "z": 0.5899999999999996
    },
    "48": {
        "cost": 8.106666665856,
        "ce": 4,
        "cc": 4,
        "z": 0.4599999999999995
    },
    "49": {
        "cost": 8.119999999188,
        "ce": 4,
        "cc": 5,
        "z": 0.5799999999999996
    },
    "50": {
        "cost": 8.133333332520001,
        "ce": 4,
        "cc": 4,
        "z": 0.4499999999999995
    },
    "51": {
        "cost": 8.146666665852,
        "ce": 4,
        "cc": 5,
        "z": 0.5699999999999996
    },
    "52": {
        "cost": 8.159999999184002,
        "ce": 4,
        "cc": 4,
        "z": 0.4399999999999995
    },
    "53": {
        "cost": 8.173333332516,
        "ce": 4,
        "cc": 5,
        "z": 0.5599999999999996
    },
    "54": {
        "cost": 8.186666665848001,
        "ce": 4,
        "cc": 4,
        "z": 0.4299999999999995
    },
    "55": {
        "cost": 8.199999999180001,
        "ce": 4,
        "cc": 5,
        "z": 0.5499999999999996
    },
    "56": {
        "cost": 8.213333332512,
        "ce": 4,
        "cc": 4,
        "z": 0.4199999999999995
    },
    "57": {
        "cost": 8.226666665844,
        "ce": 4,
        "cc": 5,
        "z": 0.5399999999999996
    },
    "58": {
        "cost": 8.253333332508001,
        "ce": 4,
        "cc": 5,
        "z": 0.5299999999999996
    },
    "59": {
        "cost": 9.173333332416002,
        "ce": 5,
        "cc": 3,
        "z": 0.3099999999999994
    },
    "60": {
        "cost": 9.199999999080001,
        "ce": 5,
        "cc": 3,
        "z": 0.2999999999999994
    },
    "61": {
        "cost": 9.226666665744002,
        "ce": 5,
        "cc": 3,
        "z": 0.28999999999999937
    },
    "62": {
        "cost": 9.239999999076002,
        "ce": 5,
        "cc": 4,
        "z": 0.4099999999999995
    },
    "63": {
        "cost": 9.253333332408001,
        "ce": 5,
        "cc": 3,
        "z": 0.27999999999999936
    },
    "64": {
        "cost": 9.266666665740003,
        "ce": 5,
        "cc": 4,
        "z": 0.39999999999999947
    },
    "65": {
        "cost": 9.279999999072002,
        "ce": 5,
        "cc": 3,
        "z": 0.26999999999999935
    },
    "66": {
        "cost": 9.293333332404,
        "ce": 5,
        "cc": 4,
        "z": 0.38999999999999946
    },
    "67": {
        "cost": 9.306666665736001,
        "ce": 5,
        "cc": 3,
        "z": 0.25999999999999934
    },
    "68": {
        "cost": 9.319999999068001,