{
    "0": {
        "cost": 4.3333333329,
        "ce": 0,
        "cc": 8,
        "z": 1.0
    },
    "1": {
        "cost": 5.3666666661299995,
        "ce": 1,
        "cc": 8,
        "z": 0.99
    },
    "2": {
        "cost": 6.066666666059999,
        "ce": 2,
        "cc": 7,
        "z": 0.98
    },
    "3": {
        "cost": 6.09999999939,
        "ce": 2,
        "cc": 7,
        "z": 0.97
    },
    "4": {
        "cost": 6.1333333327199995,
        "ce": 2,
        "cc": 7,
        "z": 0.96
    },
    "5": {
        "cost": 6.16666666605,
        "ce": 2,
        "cc": 7,
        "z": 0.95
    },
    "6": {
        "cost": 6.19999999938,
        "ce": 2,
        "cc": 7,
        "z": 0.94
    },
    "7": {
        "cost": 6.23333333271,
        "ce": 2,
        "cc": 7,
        "z": 0.9299999999999999
    },
    "8": {
        "cost": 6.26666666604,
        "ce": 2,
        "cc": 7,
        "z": 0.9199999999999999
    },
    "9": {
        "cost": 6.29999999937,
        "ce": 2,
        "cc": 7,
        "z": 0.9099999999999999
    },
    "10": {
        "cost": 6.3333333327,
        "ce": 2,
        "cc": 7,
        "z": 0.8999999999999999
    },
    "11": {
        "cost": 6.3666666660299995,
        "ce": 2,
        "cc": 7,
        "z": 0.8899999999999999
    },
    "12": {
        "cost": 7.39999999926,
        "ce": 3,
        "cc": 7,
        "z": 0.8799999999999999
    },
    "13": {
        "cost": 7.39999999926,
        "ce": 3,
        "cc": 6,
        "z": 0.7799999999999998
    },
    "14": {
        "cost": 7.43333333259,
        "ce": 3,
        "cc": 7,
        "z": 0.8699999999999999
    },
    "15": {
        "cost": 7.43333333259,
        "ce": 3,
        "cc": 6,
        "z": 0.7699999999999998
    },
    "16": {
        "cost": 7.46666666592,
        "ce": 3,
        "cc": 7,
        "z": 0.8599999999999999
    },
    "17": {
        "cost": 7.46666666592,
        "ce": 3,
        "cc": 6,
        "z": 0.7599999999999998
    },
    "18": {
        "cost": 7.49999999925,
        "ce": 3,
        "cc": 7,
        "z": 0.8499999999999999
    },
    "19": {
        "cost": 7.499999999250001,
        "ce": 3,
        "cc": 6,
        "z": 0.7499999999999998
    },
    "20": {
        "cost": 7.53333333258,
        "ce": 3,
        "cc": 7,
        "z": 0.8399999999999999
    },
    "21": {
        "cost": 7.533333332580002,
        "ce": 3,
        "cc": 6,
        "z": 0.7399999999999998
    },
    "22": {
        "cost": 7.566666665910001,
        "ce": 3,
        "cc": 7,
        "z": 0.8299999999999998
    },
    "23": {
        "cost": 7.566666665910001,
        "ce": 3,
        "cc": 6,
        "z": 0.7299999999999998
    },
    "24": {
        "cost": 7.59999999924,
        "ce": 3,
        "cc": 7,
        "z": 0.8199999999999998
    },
    "25": {
        "cost": 7.63333333257,
        "ce": 3,
        "cc": 7,
        "z": 0.8099999999999998
    },
    "26": {
        "cost": 7.6666666659,
        "ce": 3,
        "cc": 7,
        "z": 0.7999999999999998
    },
    "27": {
        "cost": 7.69999999923,
        "ce": 3,
        "cc": 7,
        "z": 0.7899999999999998
    },
    "28": {
        "cost": 8.599999999140001,
        "ce": 4,
        "cc": 6,
        "z": 0.7199999999999998
    },
    "29": {
        "cost": 8.63333333247,
        "ce": 4,
        "cc": 6,
        "z": 0.7099999999999997
    },
    "30": {
        "cost": 8.666666665800001,
        "ce": 4,
        "cc": 6,
        "z": 0.6999999999999997
    },
    "31": {
        "cost": 8.666666665800001,
        "ce": 4,
        "cc": 5,
        "z": 0.5999999999999996
    },
    "32": {
        "cost": 8.69999999913,
        "ce": 4,
        "cc": 6,
        "z": 0.6899999999999997
    },
    "33": {
        "cost": 8.69999999913,
        "ce": 4,
        "cc": 5,
        "z": 0.5899999999999996
    },
    "34": {
        "cost": 8.73333333246,
        "ce": 4,
        "cc": 6,
        "z": 0.6799999999999997
    },
    "35": {
        "cost": 8.73333333246,
        "ce": 4,
        "cc": 5,
        "z": 0.5799999999999996
    },
    "36": {
        "cost": 8.766666665790002,
        "ce": 4,
        "cc": 6,
        "z": 0.6699999999999997
    },
    "37": {
        "cost": 8.76666666579,
        "ce": 4,
        "cc": 5,
        "z": 0.5699999999999996
    },
    "38": {
        "cost": 8.79999999912,
        "ce": 4,
        "cc": 6,
        "z": 0.6599999999999997
    },
    "39": {
        "cost": 8.79999999912,
        "ce": 4,
        "cc": 5,
        "z": 0.5599999999999996
    },
    "40": {
        "cost": 8.833333332450001,
        "ce": 4,
        "cc": 6,
        "z": 0.6499999999999997
    },
    "41": {
        "cost": 8.86666666578,
        "ce": 4,
        "cc": 6,
        "z": 0.6399999999999997
    },
    "42": {
        "cost": 8.899999999110001,
        "ce": 4,
        "cc": 6,
        "z": 0.6299999999999997
    },
    "43": {
        "cost": 8.93333333244,
        "ce": 4,
        "cc": 6,
        "z": 0.6199999999999997
    },
    "44": {
        "cost": 8.966666665770001,
        "ce": 4,
        "cc": 6,
        "z": 0.6099999999999997
    },
    "45": {
        "cost": 9.83333333235,
        "ce": 5,
        "cc": 5,
        "z": 0.5499999999999996
    },
    "46": {
        "cost": 9.86666666568,
        "ce": 5,
        "cc": 5,
        "z": 0.5399999999999996
    },
    "47": {
        "cost": 9.899999999010001,
        "ce": 5,
        "cc": 5,
        "z": 0.5299999999999996
    },
    "48": {
        "cost": 9.93333333234,
        "ce": 5,
        "cc": 5,
        "z": 0.5199999999999996
    },
    "49": {
        "cost": 9.93333333234,
        "ce": 5,
        "cc": 4,
        "z": 0.4199999999999995
    },
    "50": {
        "cost": 9.966666665670001,
        "ce": 5,
        "cc": 5,
        "z": 0.5099999999999996
    },
    "51": {
        "cost": 9.966666665670001,
        "ce": 5,
        "cc": 4,
        "z": 0.4099999999999995
    },
    "52": {
        "cost": 9.999999999000002,
        "ce": 5,
        "cc": 5,
        "z": 0.49999999999999956
    },
    "53": {
        "cost": 9.999999999000002,
        "ce": 5,
        "cc": 4,
        "z": 0.39999999999999947
    },
    "54": {
        "cost": 10.03333333233,
        "ce": 5,
        "cc": 5,
        "z": 0.48999999999999955
    },
    "55": {
        "cost": 10.033333332330002,
        "ce": 5,
        "cc": 4,
        "z": 0.38999999999999946
    },
    "56": {
        "cost": 10.06666666566,
        "ce": 5,
        "cc": 5,
        "z": 0.47999999999999954
    },
    "57": {
        "cost": 10.066666665660001,
        "ce": 5,
        "cc": 4,
        "z": 0.37999999999999945
    },
    "58": {
        "cost": 10.09999999899,
        "ce": 5,
        "cc": 5,
        "z": 0.46999999999999953
    },
    "59": {
        "cost": 10.09999999899,
        "ce": 5,
        "cc": 4,
        "z": 0.36999999999999944
    },
    "60": {
        "cost": 10.133333332320001,
        "ce": 5,
        "cc": 5,
        "z": 0.4599999999999995
    },
    "61": {
        "cost": 10.16666666565,
        "ce": 5,
        "cc": 5,
        "z": 0.4499999999999995
    },
    "62": {
        "cost": 10.199999998980001,
        "ce": 5,
        "cc": 5,
        "z": 0.4399999999999995
    },
    "63": {
        "cost": 10.233333332310002,
        "ce": 5,
        "cc": 5,
        "z": 0.4299999999999995
    },
    "64": {
        "cost": 11.133333332220001,
        "ce": 6,
        "cc": 4,
        "z": 0.35999999999999943
    },
    "65": {
        "cost": 11.16666666555,
        "ce": 6,
        "cc": 4,
        "z": 0.3499999999999994
    },
    "66": {
        "cost": 11.16666666555,
        "ce": 6,
        "cc": 3,
        "z": 0.24999999999999933
    },
    "67": {
        "cost": 11.199999998880001,
        "ce": 6,
        "cc": 4,
        "z": 0.3399999999999994
    },
    "68": {
        "cost": 11.199999998880003,
        "ce": 6,
        "cc": 3,