{
    "0": {
        "cost": 45.5172413784,
        "ce": 0,
        "cc": 34,
        "z": 1.0
    },
    "1": {
        "cost": 47.616551723185594,
        "ce": 2,
        "cc": 34,
        "z": 0.99
    },
    "2": {
        "cost": 48.224827585242394,
        "ce": 3,
        "cc": 33,
        "z": 0.96
    },
    "3": {
        "cost": 48.715862067991196,
        "ce": 3,
        "cc": 34,
        "z": 0.98
    },
    "4": {
        "cost": 48.81517241281679,
        "ce": 3,
        "cc": 34,
        "z": 0.97
    },
    "5": {
        "cost": 49.324137930047996,
        "ce": 4,
        "cc": 33,
        "z": 0.95
    },
    "6": {
        "cost": 49.42344827487359,
        "ce": 4,
        "cc": 33,
        "z": 0.94
    },
    "7": {
        "cost": 49.8331034472792,
        "ce": 5,
        "cc": 32,
        "z": 0.9299999999999999
    },
    "8": {
        "cost": 49.932413792104796,
        "ce": 5,
        "cc": 32,
        "z": 0.9199999999999999
    },
    "9": {
        "cost": 50.03172413693039,
        "ce": 5,
        "cc": 32,
        "z": 0.9099999999999999
    },
    "10": {
        "cost": 50.540689654161596,
        "ce": 6,
        "cc": 31,
        "z": 0.8899999999999999
    },
    "11": {
        "cost": 50.6399999989872,
        "ce": 6,
        "cc": 31,
        "z": 0.8799999999999999
    },
    "12": {
        "cost": 51.131034481735995,
        "ce": 6,
        "cc": 32,
        "z": 0.8999999999999999
    },
    "13": {
        "cost": 51.1489655162184,
        "ce": 7,
        "cc": 30,
        "z": 0.8599999999999999
    },
    "14": {
        "cost": 51.24827586104399,
        "ce": 7,
        "cc": 30,
        "z": 0.8499999999999999
    },
    "15": {
        "cost": 51.7393103437928,
        "ce": 7,
        "cc": 31,
        "z": 0.8699999999999999
    },
    "16": {
        "cost": 51.757241378275204,
        "ce": 8,
        "cc": 29,
        "z": 0.8299999999999998
    },
    "17": {
        "cost": 51.8565517231008,
        "ce": 8,
        "cc": 29,
        "z": 0.8199999999999998
    },
    "18": {
        "cost": 52.347586205849595,
        "ce": 8,
        "cc": 30,
        "z": 0.8399999999999999
    },
    "19": {
        "cost": 52.365517240332,
        "ce": 9,
        "cc": 28,
        "z": 0.7999999999999998
    },
    "20": {
        "cost": 52.46482758515759,
        "ce": 9,
        "cc": 28,
        "z": 0.7899999999999998
    },
    "21": {
        "cost": 52.955862067906395,
        "ce": 9,
        "cc": 29,
        "z": 0.8099999999999998
    },
    "22": {
        "cost": 52.9737931023888,
        "ce": 10,
        "cc": 27,
        "z": 0.7699999999999998
    },
    "23": {
        "cost": 53.07310344721441,
        "ce": 10,
        "cc": 27,
        "z": 0.7599999999999998
    },
    "24": {
        "cost": 53.564137929963195,
        "ce": 10,
        "cc": 28,
        "z": 0.7799999999999998
    },
    "25": {
        "cost": 53.6813793092712,
        "ce": 11,
        "cc": 26,
        "z": 0.7299999999999998
    },
    "26": {
        "cost": 53.7806896540968,
        "ce": 11,
        "cc": 26,
        "z": 0.7199999999999998
    },
    "27": {
        "cost": 54.172413792019995,
        "ce": 11,
        "cc": 27,
        "z": 0.7499999999999998
    },
    "28": {
        "cost": 54.2717241368456,
        "ce": 11,
        "cc": 27,
        "z": 0.7399999999999998
    },
    "29": {
        "cost": 54.289655171328,
        "ce": 12,
        "cc": 25,
        "z": 0.6999999999999997
    },
    "30": {
        "cost": 54.87999999890239,
        "ce": 12,
        "cc": 26,
        "z": 0.7099999999999997
    },
    "31": {
        "cost": 54.89793103338479,
        "ce": 13,
        "cc": 24,
        "z": 0.6699999999999997
    },
    "32": {
        "cost": 54.99724137821039,
        "ce": 13,
        "cc": 24,
        "z": 0.6599999999999997
    },
    "33": {
        "cost": 55.388965516133595,
        "ce": 13,
        "cc": 25,
        "z": 0.6899999999999997
    },
    "34": {
        "cost": 55.4882758609592,
        "ce": 13,
        "cc": 25,
        "z": 0.6799999999999997
    },
    "35": {
        "cost": 55.5062068954416,
        "ce": 14,
        "cc": 23,
        "z": 0.6399999999999997
    },
    "36": {
        "cost": 55.6055172402672,
        "ce": 14,
        "cc": 23,
        "z": 0.6299999999999997
    },
    "37": {
        "cost": 56.096551723016,
        "ce": 14,
        "cc": 24,
        "z": 0.6499999999999997
    },
    "38": {
        "cost": 56.1144827574984,
        "ce": 15,
        "cc": 22,
        "z": 0.6099999999999997
    },
    "39": {
        "cost": 56.213793102324,
        "ce": 15,
        "cc": 22,
        "z": 0.5999999999999996
    },
    "40": {
        "cost": 56.704827585072806,
        "ce": 15,
        "cc": 23,
        "z": 0.6199999999999997
    },
    "41": {
        "cost": 56.722758619555194,
        "ce": 16,
        "cc": 21,
        "z": 0.5799999999999996
    },
    "42": {
        "cost": 56.822068964380804,
        "ce": 16,
        "cc": 21,
        "z": 0.5699999999999996
    },
    "43": {
        "cost": 57.3131034471296,
        "ce": 16,
        "cc": 22,
        "z": 0.5899999999999996
    },
    "44": {
        "cost": 57.331034481612,
        "ce": 17,
        "cc": 20,
        "z": 0.5499999999999996
    },
    "45": {
        "cost": 57.4303448264376,
        "ce": 17,
        "cc": 20,
        "z": 0.5399999999999996
    },
    "46": {
        "cost": 57.9213793091864,
        "ce": 17,
        "cc": 21,
        "z": 0.5599999999999996
    },
    "47": {
        "cost": 58.038620688494404,
        "ce": 18,
        "cc": 19,
        "z": 0.5099999999999996
    },
    "48": {
        "cost": 58.529655171243206,
        "ce": 18,
        "cc": 20,
        "z": 0.5299999999999996
    },
    "49": {
        "cost": 58.547586205725594,
        "ce": 19,
        "cc": 18,
        "z": 0.48999999999999955
    },
    "50": {
        "cost": 58.6289655160688,
        "ce": 18,
        "cc": 20,
        "z": 0.5199999999999996
    },
    "51": {
        "cost": 58.646896550551205,
        "ce": 19,
        "cc": 18,
        "z": 0.47999999999999954
    },
    "52": {
        "cost": 59.1379310333,
        "ce": 19,
        "cc": 19,
        "z": 0.49999999999999956
    },
    "53": {
        "cost": 59.255172412608,
        "ce": 20,
        "cc": 17,
        "z": 0.4499999999999995
    },
    "54": {
        "cost": 59.7462068953568,
        "ce": 20,
        "cc": 18,
        "z": 0.46999999999999953
    },
    "55": {
        "cost": 59.8455172401824,
        "ce": 20,
        "cc": 18,
        "z": 0.4599999999999995
    }
}