{
    "0": {
        "cost": 37.931034482,
        "ce": 0,
        "cc": 29,
        "z": 1.0
    },
    "1": {
        "cost": 39.402758619901604,
        "ce": 2,
        "cc": 28,
        "z": 0.98
    },
    "2": {
        "cost": 39.955172412994,
        "ce": 3,
        "cc": 27,
        "z": 0.95
    },
    "3": {
        "cost": 40.0117241371308,
        "ce": 2,
        "cc": 29,
        "z": 0.99
    },
    "4": {
        "cost": 40.483448275052396,
        "ce": 3,
        "cc": 28,
        "z": 0.97
    },
    "5": {
        "cost": 40.5641379302232,
        "ce": 3,
        "cc": 28,
        "z": 0.96
    },
    "6": {
        "cost": 41.0358620681448,
        "ce": 4,
        "cc": 27,
        "z": 0.94
    },
    "7": {
        "cost": 41.1165517233156,
        "ce": 4,
        "cc": 27,
        "z": 0.9299999999999999
    },
    "8": {
        "cost": 41.197241378486396,
        "ce": 4,
        "cc": 27,
        "z": 0.9199999999999999
    },
    "9": {
        "cost": 41.668965516407994,
        "ce": 5,
        "cc": 26,
        "z": 0.8999999999999999
    },
    "10": {
        "cost": 41.749655171578794,
        "ce": 5,
        "cc": 26,
        "z": 0.8899999999999999
    },
    "11": {
        "cost": 41.830344826749595,
        "ce": 5,
        "cc": 26,
        "z": 0.8799999999999999
    },
    "12": {
        "cost": 42.2213793095004,
        "ce": 6,
        "cc": 25,
        "z": 0.8699999999999999
    },
    "13": {
        "cost": 42.2779310336372,
        "ce": 5,
        "cc": 27,
        "z": 0.9099999999999999
    },
    "14": {
        "cost": 42.3020689646712,
        "ce": 6,
        "cc": 25,
        "z": 0.8599999999999999
    },
    "15": {
        "cost": 42.382758619842,
        "ce": 6,
        "cc": 25,
        "z": 0.8499999999999999
    },
    "16": {
        "cost": 42.4634482750128,
        "ce": 6,
        "cc": 25,
        "z": 0.8399999999999999
    },
    "17": {
        "cost": 42.8544827577636,
        "ce": 7,
        "cc": 24,
        "z": 0.8299999999999998
    },
    "18": {
        "cost": 42.9351724129344,
        "ce": 7,
        "cc": 24,
        "z": 0.8199999999999998
    },
    "19": {
        "cost": 43.01586206810519,
        "ce": 7,
        "cc": 24,
        "z": 0.8099999999999998
    },
    "20": {
        "cost": 43.096551723275994,
        "ce": 7,
        "cc": 24,
        "z": 0.7999999999999998
    },
    "21": {
        "cost": 43.487586206026805,
        "ce": 8,
        "cc": 23,
        "z": 0.7899999999999998
    },
    "22": {
        "cost": 43.568275861197606,
        "ce": 8,
        "cc": 23,
        "z": 0.7799999999999998
    },
    "23": {
        "cost": 43.6489655163684,
        "ce": 8,
        "cc": 23,
        "z": 0.7699999999999998
    },
    "24": {
        "cost": 44.120689654290004,
        "ce": 9,
        "cc": 22,
        "z": 0.7499999999999998
    },
    "25": {
        "cost": 44.2013793094608,
        "ce": 9,
        "cc": 22,
        "z": 0.7399999999999998
    },
    "26": {
        "cost": 44.282068964631605,
        "ce": 9,
        "cc": 22,
        "z": 0.7299999999999998
    },
    "27": {
        "cost": 44.7296551715192,
        "ce": 9,
        "cc": 23,
        "z": 0.7599999999999998
    },
    "28": {
        "cost": 44.7537931025532,
        "ce": 10,
        "cc": 21,
        "z": 0.7099999999999997
    },
    "29": {
        "cost": 44.834482757724,
        "ce": 10,
        "cc": 21,
        "z": 0.6999999999999997
    },
    "30": {
        "cost": 44.9151724128948,
        "ce": 10,
        "cc": 21,
        "z": 0.6899999999999997
    },
    "31": {
        "cost": 45.3062068956456,
        "ce": 11,
        "cc": 20,
        "z": 0.6799999999999997
    },
    "32": {
        "cost": 45.3627586197824,
        "ce": 10,
        "cc": 22,
        "z": 0.7199999999999998
    },
    "33": {
        "cost": 45.386896550816395,
        "ce": 11,
        "cc": 20,
        "z": 0.6699999999999997
    },
    "34": {
        "cost": 45.4675862059872,
        "ce": 11,
        "cc": 20,
        "z": 0.6599999999999997
    },
    "35": {
        "cost": 46.0199999990796,
        "ce": 12,
        "cc": 19,
        "z": 0.6299999999999997
    },
    "36": {
        "cost": 46.100689654250395,
        "ce": 12,
        "cc": 19,
        "z": 0.6199999999999997
    },
    "37": {
        "cost": 46.548275861137995,
        "ce": 12,
        "cc": 20,
        "z": 0.6499999999999997
    },
    "38": {
        "cost": 46.572413792172,
        "ce": 13,
        "cc": 18,
        "z": 0.5999999999999996
    },
    "39": {
        "cost": 46.628965516308796,
        "ce": 12,
        "cc": 20,
        "z": 0.6399999999999997
    },
    "40": {
        "cost": 46.6531034473428,
        "ce": 13,
        "cc": 18,
        "z": 0.5899999999999996
    },
    "41": {
        "cost": 46.7337931025136,
        "ce": 13,
        "cc": 18,
        "z": 0.5799999999999996
    },
    "42": {
        "cost": 47.18137930940121,
        "ce": 13,
        "cc": 19,
        "z": 0.6099999999999997
    },
    "43": {
        "cost": 47.2055172404352,
        "ce": 14,
        "cc": 17,
        "z": 0.5599999999999996
    },
    "44": {
        "cost": 47.286206895606,
        "ce": 14,
        "cc": 17,
        "z": 0.5499999999999996
    },
    "45": {
        "cost": 47.3668965507768,
        "ce": 14,
        "cc": 17,
        "z": 0.5399999999999996
    },
    "46": {
        "cost": 47.81448275766439,
        "ce": 14,
        "cc": 18,
        "z": 0.5699999999999996
    },
    "47": {
        "cost": 47.8386206886984,
        "ce": 15,
        "cc": 16,
        "z": 0.5199999999999996
    },
    "48": {
        "cost": 47.9193103438692,
        "ce": 15,
        "cc": 16,
        "z": 0.5099999999999996
    },
    "49": {
        "cost": 47.99999999904,
        "ce": 15,
        "cc": 16,
        "z": 0.49999999999999956
    },
    "50": {
        "cost": 48.4475862059276,
        "ce": 15,
        "cc": 17,
        "z": 0.5299999999999996
    },
    "51": {
        "cost": 48.4717241369616,
        "ce": 16,
        "cc": 15,
        "z": 0.47999999999999954
    },
    "52": {
        "cost": 48.5524137921324,
        "ce": 16,
        "cc": 15,
        "z": 0.46999999999999953
    },
    "53": {
        "cost": 49.0806896541908,
        "ce": 16,
        "cc": 16,
        "z": 0.48999999999999955
    },
    "54": {
        "cost": 49.104827585224804,
        "ce": 17,
        "cc": 14,
        "z": 0.4399999999999995
    },
    "55": {
        "cost": 49.1855172403956,
        "ce": 17,
        "cc": 14,
        "z": 0.4299999999999995
    },
    "56": {
        "cost": 49.633103447283204,
        "ce": 17,
        "cc": 15,
        "z": 0.4599999999999995
    },
    "57": {
        "cost": 49.657241378317195,
        "ce": 18,
        "cc": 13,
        "z": 0.4099999999999995
    },
    "58": {
        "cost": 49.713793102454005,
        "ce": 17,
        "cc": 15,
        "z": 0.4499999999999995
    },
    "59": {
        "cost": 49.737931033487996,
        "ce": 18,
        "cc": 13,
        "z": 0.39999999999999947
    },
    "60": {
        "cost": 49.8186206886588,
        "ce": 18,
        "cc": 13,
        "z": 0.38999999999999946
    },
    "61": {
        "cost": 50.266206895546404,
        "ce": 18,
        "cc": 14,
        "z": 0.4199999999999995
    },
    "62": {
        "cost": 50.2903448265804,
        "ce": 19,
        "cc": 12,
        "z": 0.36999999999999944
    },
    "63": {
        "cost": 50.371034481751195,
        "ce": 19,
        "cc": 12,
        "z": 0.35999999999999943
    },
    "64": {
        "cost": 50.451724136922,
        "ce": 19,
        "cc": 12,
        "z": 0.3499999999999994
    },
    "65": {
        "cost": 50.8993103438096,
        "ce": 19,
        "cc": 13,
        "z": 0.37999999999999945
    },
    "66": {
        "cost": 50.9234482748436,
        "ce": 20,
        "cc": 11,