{
    "0": {
        "cost": 6.3333333327,
        "ce": 0,
        "cc": 11,
        "z": 1.0
    },
    "1": {
        "cost": 7.386666665927999,
        "ce": 1,
        "cc": 11,
        "z": 0.99
    },
    "2": {
        "cost": 8.106666665856,
        "ce": 2,
        "cc": 10,
        "z": 0.98
    },
    "3": {
        "cost": 8.159999999183999,
        "ce": 2,
        "cc": 10,
        "z": 0.97
    },
    "4": {
        "cost": 8.213333332512,
        "ce": 2,
        "cc": 10,
        "z": 0.96
    },
    "5": {
        "cost": 8.266666665839999,
        "ce": 2,
        "cc": 10,
        "z": 0.95
    },
    "6": {
        "cost": 8.319999999168001,
        "ce": 2,
        "cc": 10,
        "z": 0.94
    },
    "7": {
        "cost": 8.373333332496,
        "ce": 2,
        "cc": 10,
        "z": 0.9299999999999999
    },
    "8": {
        "cost": 8.426666665824,
        "ce": 2,
        "cc": 10,
        "z": 0.9199999999999999
    },
    "9": {
        "cost": 9.479999999052,
        "ce": 3,
        "cc": 10,
        "z": 0.9099999999999999
    },
    "10": {
        "cost": 9.519999999048,
        "ce": 3,
        "cc": 9,
        "z": 0.8399999999999999
    },
    "11": {
        "cost": 9.53333333238,
        "ce": 3,
        "cc": 10,
        "z": 0.8999999999999999
    },
    "12": {
        "cost": 9.573333332376,
        "ce": 3,
        "cc": 9,
        "z": 0.8299999999999998
    },
    "13": {
        "cost": 9.586666665708,
        "ce": 3,
        "cc": 10,
        "z": 0.8899999999999999
    },
    "14": {
        "cost": 9.626666665704,
        "ce": 3,
        "cc": 9,
        "z": 0.8199999999999998
    },
    "15": {
        "cost": 9.639999999036,
        "ce": 3,
        "cc": 10,
        "z": 0.8799999999999999
    },
    "16": {
        "cost": 9.693333332364,
        "ce": 3,
        "cc": 10,
        "z": 0.8699999999999999
    },
    "17": {
        "cost": 9.746666665692,
        "ce": 3,
        "cc": 10,
        "z": 0.8599999999999999
    },
    "18": {
        "cost": 9.79999999902,
        "ce": 3,
        "cc": 10,
        "z": 0.8499999999999999
    },
    "19": {
        "cost": 10.679999998932,
        "ce": 4,
        "cc": 9,
        "z": 0.8099999999999998
    },
    "20": {
        "cost": 10.73333333226,
        "ce": 4,
        "cc": 9,
        "z": 0.7999999999999998
    },
    "21": {
        "cost": 10.773333332256001,
        "ce": 4,
        "cc": 8,
        "z": 0.7299999999999998
    },
    "22": {
        "cost": 10.786666665588001,
        "ce": 4,
        "cc": 9,
        "z": 0.7899999999999998
    },
    "23": {
        "cost": 10.826666665584,
        "ce": 4,
        "cc": 8,
        "z": 0.7199999999999998
    },
    "24": {
        "cost": 10.839999998916001,
        "ce": 4,
        "cc": 9,
        "z": 0.7799999999999998
    },
    "25": {
        "cost": 10.879999998912002,
        "ce": 4,
        "cc": 8,
        "z": 0.7099999999999997
    },
    "26": {
        "cost": 10.893333332244001,
        "ce": 4,
        "cc": 9,
        "z": 0.7699999999999998
    },
    "27": {
        "cost": 10.946666665572002,
        "ce": 4,
        "cc": 9,
        "z": 0.7599999999999998
    },
    "28": {
        "cost": 10.999999998900002,
        "ce": 4,
        "cc": 9,
        "z": 0.7499999999999998
    },
    "29": {
        "cost": 11.053333332228002,
        "ce": 4,
        "cc": 9,
        "z": 0.7399999999999998
    },
    "30": {
        "cost": 11.93333333214,
        "ce": 5,
        "cc": 8,
        "z": 0.6999999999999997
    },
    "31": {
        "cost": 11.986666665468002,
        "ce": 5,
        "cc": 8,
        "z": 0.6899999999999997
    },
    "32": {
        "cost": 12.039999998796,
        "ce": 5,
        "cc": 8,
        "z": 0.6799999999999997
    },
    "33": {
        "cost": 12.079999998792001,
        "ce": 5,
        "cc": 7,
        "z": 0.6099999999999997
    },
    "34": {
        "cost": 12.093333332124,
        "ce": 5,
        "cc": 8,
        "z": 0.6699999999999997
    },
    "35": {
        "cost": 12.133333332120001,
        "ce": 5,
        "cc": 7,
        "z": 0.5999999999999996
    },
    "36": {
        "cost": 12.146666665452,
        "ce": 5,
        "cc": 8,
        "z": 0.6599999999999997
    },
    "37": {
        "cost": 12.186666665448001,
        "ce": 5,
        "cc": 7,
        "z": 0.5899999999999996
    },
    "38": {
        "cost": 12.199999998780001,
        "ce": 5,
        "cc": 8,
        "z": 0.6499999999999997
    },
    "39": {
        "cost": 12.253333332108,
        "ce": 5,
        "cc": 8,
        "z": 0.6399999999999997
    },
    "40": {
        "cost": 12.306666665436001,
        "ce": 5,
        "cc": 8,
        "z": 0.6299999999999997
    },
    "41": {
        "cost": 12.359999998764,
        "ce": 5,
        "cc": 8,
        "z": 0.6199999999999997
    },
    "42": {
        "cost": 13.239999998676003,
        "ce": 6,
        "cc": 7,
        "z": 0.5799999999999996
    },
    "43": {
        "cost": 13.293333332004002,
        "ce": 6,
        "cc": 7,
        "z": 0.5699999999999996
    },
    "44": {
        "cost": 13.346666665332004,
        "ce": 6,
        "cc": 7,
        "z": 0.5599999999999996
    },
    "45": {
        "cost": 13.386666665328004,
        "ce": 6,
        "cc": 6,
        "z": 0.48999999999999955
    },
    "46": {
        "cost": 13.399999998660002,
        "ce": 6,
        "cc": 7,
        "z": 0.5499999999999996
    },
    "47": {
        "cost": 13.439999998656003,
        "ce": 6,
        "cc": 6,
        "z": 0.47999999999999954
    },
    "48": {
        "cost": 13.453333331988002,
        "ce": 6,
        "cc": 7,
        "z": 0.5399999999999996
    },
    "49": {
        "cost": 13.493333331984001,
        "ce": 6,
        "cc": 6,
        "z": 0.46999999999999953
    },
    "50": {
        "cost": 13.506666665316002,
        "ce": 6,
        "cc": 7,
        "z": 0.5299999999999996
    },
    "51": {
        "cost": 13.559999998644003,
        "ce": 6,
        "cc": 7,
        "z": 0.5199999999999996
    },
    "52": {
        "cost": 13.613333331972001,
        "ce": 6,
        "cc": 7,
        "z": 0.5099999999999996
    },
    "53": {
        "cost": 13.666666665300003,
        "ce": 6,
        "cc": 7,
        "z": 0.49999999999999956
    },
    "54": {
        "cost": 14.546666665212001,
        "ce": 7,
        "cc": 6,
        "z": 0.4599999999999995
    },
    "55": {
        "cost": 14.599999998540003,
        "ce": 7,
        "cc": 6,
        "z": 0.4499999999999995
    },
    "56": {
        "cost": 14.653333331868003,
        "ce": 7,
        "cc": 6,
        "z": 0.4399999999999995
    },
    "57": {
        "cost": 14.693333331864002,
        "ce": 7,
        "cc": 5,
        "z": 0.36999999999999944
    },
    "58": {
        "cost": 14.706666665196003,
        "ce": 7,
        "cc": 6,
        "z": 0.4299999999999995
    },
    "59": {
        "cost": 14.746666665192,
        "ce": 7,
        "cc": 5,
        "z": 0.35999999999999943
    },
    "60": {
        "cost": 14.759999998524002,
        "ce": 7,
        "cc": 6,
        "z": 0.4199999999999995
    },
    "61": {
        "cost": 14.799999998520002,
        "ce": 7,
        "cc": 5,
        "z": 0.3499999999999994
    },
    "62": {
        "cost": 14.813333331852004,
        "ce": 7,
        "cc": 6,
        "z": 0.4099999999999995
    },
    "63": {
        "cost": 14.866666665180002,
        "ce": 7,
        "cc": 6,
        "z": 0.39999999999999947
    },
    "64": {
        "cost": 14.919999998508002,
        "ce": 7,
        "cc": 6,
        "z": 0.38999999999999946
    },
    "65": {
        "cost": 14.973333331836002,
        "ce": 7,
        "cc": 6,
        "z": 0.37999999999999945
    },
    "66": {
        "cost": 15.853333331748,
        "ce": 8,
        "cc": 5,
        "z": 0.3399999999999994
    },
    "67": {
        "cost": 15.906666665076003,
        "ce": 8,