{
    "0": {
        "cost": 130.52000000922794,
        "ce": 20,
        "cc": 17,
        "z": 0.4299999999999995
    },
    "1": {
        "cost": 131.16000000932397,
        "ce": 20,
        "cc": 17,
        "z": 0.4399999999999995
    },
    "2": {
        "cost": 131.80000000941996,
        "ce": 20,
        "cc": 17,
        "z": 0.4499999999999995
    },
    "3": {
        "cost": 134.44000000981598,
        "ce": 19,
        "cc": 18,
        "z": 0.4599999999999995
    },
    "4": {
        "cost": 135.08000000991197,
        "ce": 19,
        "cc": 18,
        "z": 0.46999999999999953
    },
    "5": {
        "cost": 135.72000001000796,
        "ce": 19,
        "cc": 18,
        "z": 0.47999999999999954
    },
    "6": {
        "cost": 136.36000001010396,
        "ce": 19,
        "cc": 18,
        "z": 0.48999999999999955
    },
    "7": {
        "cost": 139.00000001049997,
        "ce": 18,
        "cc": 19,
        "z": 0.49999999999999956
    },
    "8": {
        "cost": 139.64000001059597,
        "ce": 18,
        "cc": 19,
        "z": 0.5099999999999996
    },
    "9": {
        "cost": 142.28000001099196,
        "ce": 17,
        "cc": 20,
        "z": 0.5199999999999996
    },
    "10": {
        "cost": 142.92000001108795,
        "ce": 17,
        "cc": 20,
        "z": 0.5299999999999996
    },
    "11": {
        "cost": 143.56000001118397,
        "ce": 17,
        "cc": 20,
        "z": 0.5399999999999996
    },
    "12": {
        "cost": 144.20000001127997,
        "ce": 17,
        "cc": 20,
        "z": 0.5499999999999996
    },
    "13": {
        "cost": 146.84000001167598,
        "ce": 16,
        "cc": 21,
        "z": 0.5599999999999996
    },
    "14": {
        "cost": 147.48000001177198,
        "ce": 16,
        "cc": 21,
        "z": 0.5699999999999996
    },
    "15": {
        "cost": 148.12000001186797,
        "ce": 16,
        "cc": 21,
        "z": 0.5799999999999996
    },
    "16": {
        "cost": 150.76000001226396,
        "ce": 15,
        "cc": 22,
        "z": 0.5899999999999996
    },
    "17": {
        "cost": 151.40000001235998,
        "ce": 15,
        "cc": 22,
        "z": 0.5999999999999996
    },
    "18": {
        "cost": 152.04000001245598,
        "ce": 15,
        "cc": 22,
        "z": 0.6099999999999997
    },
    "19": {
        "cost": 154.68000001285196,
        "ce": 14,
        "cc": 23,
        "z": 0.6199999999999997
    },
    "20": {
        "cost": 155.32000001294796,
        "ce": 14,
        "cc": 23,
        "z": 0.6299999999999997
    },
    "21": {
        "cost": 155.96000001304398,
        "ce": 14,
        "cc": 23,
        "z": 0.6399999999999997
    },
    "22": {
        "cost": 158.60000001343997,
        "ce": 13,
        "cc": 24,
        "z": 0.6499999999999997
    },
    "23": {
        "cost": 159.240000013536,
        "ce": 13,
        "cc": 24,
        "z": 0.6599999999999997
    },
    "24": {
        "cost": 159.88000001363196,
        "ce": 13,
        "cc": 24,
        "z": 0.6699999999999997
    },
    "25": {
        "cost": 162.52000001402797,
        "ce": 12,
        "cc": 25,
        "z": 0.6799999999999997
    },
    "26": {
        "cost": 163.16000001412397,
        "ce": 12,
        "cc": 25,
        "z": 0.6899999999999997
    },
    "27": {
        "cost": 163.80000001422,
        "ce": 12,
        "cc": 25,
        "z": 0.6999999999999997
    },
    "28": {
        "cost": 166.44000001461598,
        "ce": 11,
        "cc": 26,
        "z": 0.7099999999999997
    },
    "29": {
        "cost": 167.08000001471197,
        "ce": 11,
        "cc": 26,
        "z": 0.7199999999999998
    },
    "30": {
        "cost": 167.72000001480797,
        "ce": 11,
        "cc": 26,
        "z": 0.7299999999999998
    },
    "31": {
        "cost": 170.36000001520398,
        "ce": 10,
        "cc": 27,
        "z": 0.7399999999999998
    },
    "32": {
        "cost": 171.00000001529997,
        "ce": 10,
        "cc": 27,
        "z": 0.7499999999999998
    },
    "33": {
        "cost": 171.28000001549196,
        "ce": 9,
        "cc": 27,
        "z": 0.7699999999999998
    },
    "34": {
        "cost": 171.64000001539597,
        "ce": 10,
        "cc": 27,
        "z": 0.7599999999999998
    },
    "35": {
        "cost": 174.92000001588798,
        "ce": 9,
        "cc": 28,
        "z": 0.7799999999999998
    },
    "36": {
        "cost": 175.20000001608,
        "ce": 8,
        "cc": 28,
        "z": 0.7999999999999998
    },
    "37": {
        "cost": 175.56000001598397,
        "ce": 9,
        "cc": 28,
        "z": 0.7899999999999998
    },
    "38": {
        "cost": 178.84000001647598,
        "ce": 8,
        "cc": 29,
        "z": 0.8099999999999998
    },
    "39": {
        "cost": 179.48000001657198,
        "ce": 8,
        "cc": 29,
        "z": 0.8199999999999998
    },
    "40": {
        "cost": 180.12000001666797,
        "ce": 8,
        "cc": 29,
        "z": 0.8299999999999998
    },
    "41": {
        "cost": 182.760000017064,
        "ce": 7,
        "cc": 30,
        "z": 0.8399999999999999
    },
    "42": {
        "cost": 183.40000001715998,
        "ce": 7,
        "cc": 30,
        "z": 0.8499999999999999
    },
    "43": {
        "cost": 184.04000001725598,
        "ce": 7,
        "cc": 30,
        "z": 0.8599999999999999
    },
    "44": {
        "cost": 186.680000017652,
        "ce": 6,
        "cc": 31,
        "z": 0.8699999999999999
    },
    "45": {
        "cost": 186.96000001784398,
        "ce": 5,
        "cc": 31,
        "z": 0.8899999999999999
    },
    "46": {
        "cost": 187.320000017748,
        "ce": 6,
        "cc": 31,
        "z": 0.8799999999999999
    },
    "47": {
        "cost": 190.60000001824,
        "ce": 5,
        "cc": 32,
        "z": 0.8999999999999999
    },
    "48": {
        "cost": 190.88000001843199,
        "ce": 4,
        "cc": 32,
        "z": 0.9199999999999999
    },
    "49": {
        "cost": 191.240000018336,
        "ce": 5,
        "cc": 32,
        "z": 0.9099999999999999
    },
    "50": {
        "cost": 191.52000001852798,
        "ce": 4,
        "cc": 32,
        "z": 0.9299999999999999
    },
    "51": {
        "cost": 194.80000001902,
        "ce": 3,
        "cc": 33,
        "z": 0.95
    },
    "52": {
        "cost": 195.160000018924,
        "ce": 4,
        "cc": 33,
        "z": 0.94
    },
    "53": {
        "cost": 195.44000001911598,
        "ce": 3,
        "cc": 33,
        "z": 0.96
    },
    "54": {
        "cost": 198.00000001979998,
        "ce": 0,
        "cc": 34,
        "z": 1.0
    },
    "55": {
        "cost": 198.720000019608,
        "ce": 2,
        "cc": 34,
        "z": 0.98
    },
    "56": {
        "cost": 199.080000019512,
        "ce": 3,
        "cc": 34,
        "z": 0.97
    },
    "57": {
        "cost": 199.360000019704,
        "ce": 2,
        "cc": 34,
        "z": 0.99
    }
}