{
    "0": {
        "cost": 40.689655171599995,
        "ce": 0,
        "cc": 31,
        "z": 1.0
    },
    "1": {
        "cost": 42.08689655088239,
        "ce": 2,
        "cc": 30,
        "z": 0.99
    },
    "2": {
        "cost": 42.1737931026048,
        "ce": 2,
        "cc": 30,
        "z": 0.98
    },
    "3": {
        "cost": 42.744827585352,
        "ce": 3,
        "cc": 29,
        "z": 0.95
    },
    "4": {
        "cost": 43.26068965430719,
        "ce": 3,
        "cc": 30,
        "z": 0.97
    },
    "5": {
        "cost": 43.3475862060296,
        "ce": 3,
        "cc": 30,
        "z": 0.96
    },
    "6": {
        "cost": 43.4027586198216,
        "ce": 4,
        "cc": 28,
        "z": 0.9099999999999999
    },
    "7": {
        "cost": 43.831724137054394,
        "ce": 4,
        "cc": 29,
        "z": 0.94
    },
    "8": {
        "cost": 43.9186206887768,
        "ce": 4,
        "cc": 29,
        "z": 0.9299999999999999
    },
    "9": {
        "cost": 43.9737931025688,
        "ce": 5,
        "cc": 27,
        "z": 0.8799999999999999
    },
    "10": {
        "cost": 44.0055172404992,
        "ce": 4,
        "cc": 29,
        "z": 0.9199999999999999
    },
    "11": {
        "cost": 44.48965517152399,
        "ce": 5,
        "cc": 28,
        "z": 0.8999999999999999
    },
    "12": {
        "cost": 44.576551723246396,
        "ce": 5,
        "cc": 28,
        "z": 0.8899999999999999
    },
    "13": {
        "cost": 45.0606896542712,
        "ce": 6,
        "cc": 27,
        "z": 0.8699999999999999
    },
    "14": {
        "cost": 45.1475862059936,
        "ce": 6,
        "cc": 27,
        "z": 0.8599999999999999
    },
    "15": {
        "cost": 45.234482757715995,
        "ce": 6,
        "cc": 27,
        "z": 0.8499999999999999
    },
    "16": {
        "cost": 45.631724137018395,
        "ce": 7,
        "cc": 26,
        "z": 0.8399999999999999
    },
    "17": {
        "cost": 45.7186206887408,
        "ce": 7,
        "cc": 26,
        "z": 0.8299999999999998
    },
    "18": {
        "cost": 45.805517240463196,
        "ce": 7,
        "cc": 26,
        "z": 0.8199999999999998
    },
    "19": {
        "cost": 45.89241379218559,
        "ce": 7,
        "cc": 26,
        "z": 0.8099999999999998
    },
    "20": {
        "cost": 46.289655171488,
        "ce": 8,
        "cc": 25,
        "z": 0.7999999999999998
    },
    "21": {
        "cost": 46.3765517232104,
        "ce": 8,
        "cc": 25,
        "z": 0.7899999999999998
    },
    "22": {
        "cost": 46.463448274932794,
        "ce": 8,
        "cc": 25,
        "z": 0.7799999999999998
    },
    "23": {
        "cost": 46.860689654235195,
        "ce": 9,
        "cc": 24,
        "z": 0.7699999999999998
    },
    "24": {
        "cost": 46.9475862059576,
        "ce": 9,
        "cc": 24,
        "z": 0.7599999999999998
    },
    "25": {
        "cost": 47.034482757679996,
        "ce": 9,
        "cc": 24,
        "z": 0.7499999999999998
    },
    "26": {
        "cost": 47.12137930940239,
        "ce": 9,
        "cc": 24,
        "z": 0.7399999999999998
    },
    "27": {
        "cost": 47.5186206887048,
        "ce": 10,
        "cc": 23,
        "z": 0.7299999999999998
    },
    "28": {
        "cost": 47.605517240427204,
        "ce": 10,
        "cc": 23,
        "z": 0.7199999999999998
    },
    "29": {
        "cost": 47.6924137921496,
        "ce": 10,
        "cc": 23,
        "z": 0.7099999999999997
    },
    "30": {
        "cost": 48.089655171451994,
        "ce": 11,
        "cc": 22,
        "z": 0.6999999999999997
    },
    "31": {
        "cost": 48.1765517231744,
        "ce": 11,
        "cc": 22,
        "z": 0.6899999999999997
    },
    "32": {
        "cost": 48.263448274896795,
        "ce": 11,
        "cc": 22,
        "z": 0.6799999999999997
    },
    "33": {
        "cost": 48.3186206886888,
        "ce": 12,
        "cc": 20,
        "z": 0.6299999999999997
    },
    "34": {
        "cost": 48.35034482661919,
        "ce": 11,
        "cc": 22,
        "z": 0.6699999999999997
    },
    "35": {
        "cost": 48.7475862059216,
        "ce": 12,
        "cc": 21,
        "z": 0.6599999999999997
    },
    "36": {
        "cost": 48.834482757644,
        "ce": 12,
        "cc": 21,
        "z": 0.6499999999999997
    },
    "37": {
        "cost": 48.9213793093664,
        "ce": 12,
        "cc": 21,
        "z": 0.6399999999999997
    },
    "38": {
        "cost": 49.40551724039119,
        "ce": 13,
        "cc": 20,
        "z": 0.6199999999999997
    },
    "39": {
        "cost": 49.492413792113595,
        "ce": 13,
        "cc": 20,
        "z": 0.6099999999999997
    },
    "40": {
        "cost": 49.54758620590559,
        "ce": 14,
        "cc": 18,
        "z": 0.5599999999999996
    },
    "41": {
        "cost": 49.579310343836,
        "ce": 13,
        "cc": 20,
        "z": 0.5999999999999996
    },
    "42": {
        "cost": 49.9765517231384,
        "ce": 14,
        "cc": 19,
        "z": 0.5899999999999996
    },
    "43": {
        "cost": 50.0634482748608,
        "ce": 14,
        "cc": 19,
        "z": 0.5799999999999996
    },
    "44": {
        "cost": 50.1503448265832,
        "ce": 14,
        "cc": 19,
        "z": 0.5699999999999996
    },
    "45": {
        "cost": 50.634482757608,
        "ce": 15,
        "cc": 18,
        "z": 0.5499999999999996
    },
    "46": {
        "cost": 50.7213793093304,
        "ce": 15,
        "cc": 18,
        "z": 0.5399999999999996
    },
    "47": {
        "cost": 50.8082758610528,
        "ce": 15,
        "cc": 18,
        "z": 0.5299999999999996
    },
    "48": {
        "cost": 51.205517240355206,
        "ce": 16,
        "cc": 17,
        "z": 0.5199999999999996
    },
    "49": {
        "cost": 51.292413792077596,
        "ce": 16,
        "cc": 17,
        "z": 0.5099999999999996
    },
    "50": {
        "cost": 51.3793103438,
        "ce": 16,
        "cc": 17,
        "z": 0.49999999999999956
    },
    "51": {
        "cost": 51.466206895522404,
        "ce": 16,
        "cc": 17,
        "z": 0.48999999999999955
    },
    "52": {
        "cost": 51.8634482748248,
        "ce": 17,
        "cc": 16,
        "z": 0.47999999999999954
    },
    "53": {
        "cost": 51.9503448265472,
        "ce": 17,
        "cc": 16,
        "z": 0.46999999999999953
    },
    "54": {
        "cost": 52.0372413782696,
        "ce": 17,
        "cc": 16,
        "z": 0.4599999999999995
    },
    "55": {
        "cost": 52.434482757572,
        "ce": 18,
        "cc": 15,
        "z": 0.4499999999999995
    },
    "56": {
        "cost": 52.521379309294396,
        "ce": 18,
        "cc": 15,
        "z": 0.4399999999999995
    },
    "57": {
        "cost": 52.6082758610168,
        "ce": 18,
        "cc": 15,
        "z": 0.4299999999999995
    },
    "58": {
        "cost": 52.6634482748088,
        "ce": 19,
        "cc": 13,
        "z": 0.37999999999999945
    },
    "59": {
        "cost": 52.6951724127392,
        "ce": 18,
        "cc": 15,
        "z": 0.4199999999999995
    },
    "60": {
        "cost": 53.0924137920416,
        "ce": 19,
        "cc": 14,
        "z": 0.4099999999999995
    },
    "61": {
        "cost": 53.179310343764,
        "ce": 19,
        "cc": 14,
        "z": 0.39999999999999947
    },
    "62": {
        "cost": 53.266206895486405,
        "ce": 19,
        "cc": 14,
        "z": 0.38999999999999946
    },
    "63": {
        "cost": 53.7503448265112,
        "ce": 20,
        "cc": 13,
        "z": 0.36999999999999944
    },
    "64": {
        "cost": 53.8372413782336,
        "ce": 20,
        "cc": 13,
        "z": 0.35999999999999943
    },
    "65": {
        "cost": 53.924137929956,
        "ce": 20,
        "cc": 13,
        "z": 0.3499999999999994
    }
}