{
    "0": {
        "cost": 80.79310344666,
        "ce": 15,
        "cc": 40,
        "z": 0.76
    },
    "1": {
        "cost": 80.94827586045,
        "ce": 15,
        "cc": 40,
        "z": 0.75
    },
    "2": {
        "cost": 81.41379310181999,
        "ce": 16,
        "cc": 39,
        "z": 0.74
    },
    "3": {
        "cost": 81.56896551560999,
        "ce": 16,
        "cc": 39,
        "z": 0.73
    },
    "4": {
        "cost": 82.03448275698,
        "ce": 17,
        "cc": 38,
        "z": 0.72
    },
    "5": {
        "cost": 82.18965517077,
        "ce": 17,
        "cc": 38,
        "z": 0.71
    },
    "6": {
        "cost": 82.65517241213999,
        "ce": 18,
        "cc": 37,
        "z": 0.7
    },
    "7": {
        "cost": 82.81034482592999,
        "ce": 18,
        "cc": 37,
        "z": 0.69
    },
    "8": {
        "cost": 83.2758620673,
        "ce": 19,
        "cc": 36,
        "z": 0.6799999999999999
    },
    "9": {
        "cost": 83.43103448109,
        "ce": 19,
        "cc": 36,
        "z": 0.6699999999999999
    },
    "10": {
        "cost": 83.89655172246,
        "ce": 20,
        "cc": 35,
        "z": 0.6599999999999999
    },
    "11": {
        "cost": 84.05172413624999,
        "ce": 20,
        "cc": 35,
        "z": 0.6499999999999999
    }
}