{
    "0": {
        "cost": 61.133333327220015,
        "ce": 19,
        "cc": 40,
        "z": 0.7
    },
    "1": {
        "cost": 61.493333327184004,
        "ce": 19,
        "cc": 40,
        "z": 0.69
    },
    "2": {
        "cost": 62.519999993748,
        "ce": 20,
        "cc": 39,
        "z": 0.6799999999999999
    }
}