{
    "0": {
        "cost": 8.9999999991,
        "ce": 0,
        "cc": 15,
        "z": 1.0
    },
    "1": {
        "cost": 10.079999998992,
        "ce": 1,
        "cc": 15,
        "z": 0.99
    },
    "2": {
        "cost": 10.906666665576,
        "ce": 2,
        "cc": 14,
        "z": 0.97
    },
    "3": {
        "cost": 10.986666665567999,
        "ce": 2,
        "cc": 14,
        "z": 0.96
    },
    "4": {
        "cost": 11.06666666556,
        "ce": 2,
        "cc": 14,
        "z": 0.95
    },
    "5": {
        "cost": 11.146666665551999,
        "ce": 2,
        "cc": 14,
        "z": 0.94
    },
    "6": {
        "cost": 11.159999998883999,
        "ce": 2,
        "cc": 15,
        "z": 0.98
    },
    "7": {
        "cost": 12.213333332112,
        "ce": 3,
        "cc": 13,
        "z": 0.8899999999999999
    },
    "8": {
        "cost": 12.226666665444,
        "ce": 3,
        "cc": 14,
        "z": 0.9299999999999999
    },
    "9": {
        "cost": 12.293333332104002,
        "ce": 3,
        "cc": 13,
        "z": 0.8799999999999999
    },
    "10": {
        "cost": 12.306666665436,
        "ce": 3,
        "cc": 14,
        "z": 0.9199999999999999
    },
    "11": {
        "cost": 12.373333332096001,
        "ce": 3,
        "cc": 13,
        "z": 0.8699999999999999
    },
    "12": {
        "cost": 12.386666665427999,
        "ce": 3,
        "cc": 14,
        "z": 0.9099999999999999
    },
    "13": {
        "cost": 12.46666666542,
        "ce": 3,
        "cc": 14,
        "z": 0.8999999999999999
    },
    "14": {
        "cost": 13.453333331988,
        "ce": 4,
        "cc": 13,
        "z": 0.8599999999999999
    },
    "15": {
        "cost": 13.519999998648,
        "ce": 4,
        "cc": 12,
        "z": 0.8099999999999998
    },
    "16": {
        "cost": 13.533333331980002,
        "ce": 4,
        "cc": 13,
        "z": 0.8499999999999999
    },
    "17": {
        "cost": 13.599999998640001,
        "ce": 4,
        "cc": 12,
        "z": 0.7999999999999998
    },
    "18": {
        "cost": 13.613333331972001,
        "ce": 4,
        "cc": 13,
        "z": 0.8399999999999999
    },
    "19": {
        "cost": 13.679999998632,
        "ce": 4,
        "cc": 12,
        "z": 0.7899999999999998
    },
    "20": {
        "cost": 13.693333331964002,
        "ce": 4,
        "cc": 13,
        "z": 0.8299999999999998
    },
    "21": {
        "cost": 13.773333331956001,
        "ce": 4,
        "cc": 13,
        "z": 0.8199999999999998
    },
    "22": {
        "cost": 14.759999998524002,
        "ce": 5,
        "cc": 12,
        "z": 0.7799999999999998
    },
    "23": {
        "cost": 14.839999998516001,
        "ce": 5,
        "cc": 12,
        "z": 0.7699999999999998
    },
    "24": {
        "cost": 14.906666665176001,
        "ce": 5,
        "cc": 11,
        "z": 0.7199999999999998
    },
    "25": {
        "cost": 14.919999998508002,
        "ce": 5,
        "cc": 12,
        "z": 0.7599999999999998
    },
    "26": {
        "cost": 14.999999998500002,
        "ce": 5,
        "cc": 12,
        "z": 0.7499999999999998
    },
    "27": {
        "cost": 15.079999998492003,
        "ce": 5,
        "cc": 12,
        "z": 0.7399999999999998
    },
    "28": {
        "cost": 15.159999998484002,
        "ce": 5,
        "cc": 12,
        "z": 0.7299999999999998
    },
    "29": {
        "cost": 15.986666665068,
        "ce": 6,
        "cc": 11,
        "z": 0.7099999999999997
    },
    "30": {
        "cost": 16.06666666506,
        "ce": 6,
        "cc": 11,
        "z": 0.6999999999999997
    },
    "31": {
        "cost": 16.133333331720003,
        "ce": 6,
        "cc": 10,
        "z": 0.6499999999999997
    },
    "32": {
        "cost": 16.146666665052003,
        "ce": 6,
        "cc": 11,
        "z": 0.6899999999999997
    },
    "33": {
        "cost": 16.213333331712,
        "ce": 6,
        "cc": 10,
        "z": 0.6399999999999997
    },
    "34": {
        "cost": 16.226666665044,
        "ce": 6,
        "cc": 11,
        "z": 0.6799999999999997
    },
    "35": {
        "cost": 16.306666665036,
        "ce": 6,
        "cc": 11,
        "z": 0.6699999999999997
    },
    "36": {
        "cost": 16.386666665028002,
        "ce": 6,
        "cc": 11,
        "z": 0.6599999999999997
    },
    "37": {
        "cost": 17.293333331604003,
        "ce": 7,
        "cc": 10,
        "z": 0.6299999999999997
    },
    "38": {
        "cost": 17.373333331596005,
        "ce": 7,
        "cc": 10,
        "z": 0.6199999999999997
    },
    "39": {
        "cost": 17.453333331588002,
        "ce": 7,
        "cc": 10,
        "z": 0.6099999999999997
    },
    "40": {
        "cost": 17.519999998248004,
        "ce": 7,
        "cc": 9,
        "z": 0.5599999999999996
    },
    "41": {
        "cost": 17.533333331580003,
        "ce": 7,
        "cc": 10,
        "z": 0.5999999999999996
    },
    "42": {
        "cost": 17.59999999824,
        "ce": 7,
        "cc": 9,
        "z": 0.5499999999999996
    },
    "43": {
        "cost": 17.613333331572004,
        "ce": 7,
        "cc": 10,
        "z": 0.5899999999999996
    },
    "44": {
        "cost": 17.693333331564002,
        "ce": 7,
        "cc": 10,
        "z": 0.5799999999999996
    },
    "45": {
        "cost": 17.773333331556003,
        "ce": 7,
        "cc": 10,
        "z": 0.5699999999999996
    },
    "46": {
        "cost": 18.679999998132004,
        "ce": 8,
        "cc": 9,
        "z": 0.5399999999999996
    },
    "47": {
        "cost": 18.746666664792002,
        "ce": 8,
        "cc": 8,
        "z": 0.48999999999999955
    },
    "48": {
        "cost": 18.759999998124,
        "ce": 8,
        "cc": 9,
        "z": 0.5299999999999996
    },
    "49": {
        "cost": 18.826666664784003,
        "ce": 8,
        "cc": 8,
        "z": 0.47999999999999954
    },
    "50": {
        "cost": 18.839999998116003,
        "ce": 8,
        "cc": 9,
        "z": 0.5199999999999996
    },
    "51": {
        "cost": 18.919999998108004,
        "ce": 8,
        "cc": 9,
        "z": 0.5099999999999996
    },
    "52": {
        "cost": 18.9999999981,
        "ce": 8,
        "cc": 9,
        "z": 0.49999999999999956
    },
    "53": {
        "cost": 19.906666664676003,
        "ce": 9,
        "cc": 8,
        "z": 0.46999999999999953
    },
    "54": {
        "cost": 19.986666664668004,
        "ce": 9,
        "cc": 8,
        "z": 0.4599999999999995
    },
    "55": {
        "cost": 20.053333331328,
        "ce": 9,
        "cc": 7,
        "z": 0.4099999999999995
    },
    "56": {
        "cost": 20.066666664660005,
        "ce": 9,
        "cc": 8,
        "z": 0.4499999999999995
    },
    "57": {
        "cost": 20.133333331320003,
        "ce": 9,
        "cc": 7,
        "z": 0.39999999999999947
    },
    "58": {
        "cost": 20.146666664652003,
        "ce": 9,
        "cc": 8,
        "z": 0.4399999999999995
    },
    "59": {
        "cost": 20.213333331312004,
        "ce": 9,
        "cc": 7,
        "z": 0.38999999999999946
    },
    "60": {
        "cost": 20.226666664644004,
        "ce": 9,
        "cc": 8,
        "z": 0.4299999999999995
    },
    "61": {
        "cost": 20.306666664636005,
        "ce": 9,
        "cc": 8,
        "z": 0.4199999999999995
    },
    "62": {
        "cost": 21.293333331204003,
        "ce": 10,
        "cc": 7,
        "z": 0.37999999999999945
    },
    "63": {
        "cost": 21.373333331196005,
        "ce": 10,
        "cc": 7,
        "z": 0.36999999999999944
    },
    "64": {
        "cost": 21.439999997856006,
        "ce": 10,
        "cc": 6,
        "z": 0.3199999999999994
    },
    "65": {
        "cost": 21.453333331188006,
        "ce": 10,
        "cc": 7,
        "z": 0.35999999999999943
    },
    "66": {
        "cost": 21.519999997848004,
        "ce": 10,
        "cc": 6,
        "z": 0.3099999999999994
    },