{
    "0": {
        "cost": 258.020000022053,
        "ce": 20,
        "cc": 38,
        "z": 0.6699999999999999
    },
    "1": {
        "cost": 259.080000022212,
        "ce": 20,
        "cc": 38,
        "z": 0.6799999999999999
    },
    "2": {
        "cost": 262.14000002267096,
        "ce": 19,
        "cc": 39,
        "z": 0.69
    },
    "3": {
        "cost": 265.20000002313,
        "ce": 18,
        "cc": 40,
        "z": 0.7
    },
    "4": {
        "cost": 266.26000002328897,
        "ce": 18,
        "cc": 40,
        "z": 0.71
    },
    "5": {
        "cost": 266.32000002344796,
        "ce": 17,
        "cc": 40,
        "z": 0.72
    }
}