{
    "0": {
        "cost": 9.6666666657,
        "ce": 0,
        "cc": 16,
        "z": 1.0
    },
    "1": {
        "cost": 11.593333332174,
        "ce": 2,
        "cc": 15,
        "z": 0.97
    },
    "2": {
        "cost": 11.679999998831999,
        "ce": 2,
        "cc": 15,
        "z": 0.96
    },
    "3": {
        "cost": 11.753333332158,
        "ce": 2,
        "cc": 16,
        "z": 0.99
    },
    "4": {
        "cost": 11.839999998816,
        "ce": 2,
        "cc": 16,
        "z": 0.98
    },
    "5": {
        "cost": 12.766666665389998,
        "ce": 3,
        "cc": 15,
        "z": 0.95
    },
    "6": {
        "cost": 12.853333332048,
        "ce": 3,
        "cc": 15,
        "z": 0.94
    },
    "7": {
        "cost": 12.939999998706,
        "ce": 3,
        "cc": 15,
        "z": 0.9299999999999999
    },
    "8": {
        "cost": 13.026666665364,
        "ce": 3,
        "cc": 15,
        "z": 0.9199999999999999
    },
    "9": {
        "cost": 13.113333332022,
        "ce": 3,
        "cc": 15,
        "z": 0.9099999999999999
    },
    "10": {
        "cost": 13.199999998680001,
        "ce": 3,
        "cc": 15,
        "z": 0.8999999999999999
    },
    "11": {
        "cost": 13.953333331938,
        "ce": 4,
        "cc": 14,
        "z": 0.8899999999999999
    },
    "12": {
        "cost": 14.039999998595999,
        "ce": 4,
        "cc": 14,
        "z": 0.8799999999999999
    },
    "13": {
        "cost": 14.126666665254001,
        "ce": 4,
        "cc": 14,
        "z": 0.8699999999999999
    },
    "14": {
        "cost": 14.213333331912,
        "ce": 4,
        "cc": 14,
        "z": 0.8599999999999999
    },
    "15": {
        "cost": 14.29999999857,
        "ce": 4,
        "cc": 14,
        "z": 0.8499999999999999
    },
    "16": {
        "cost": 14.386666665228002,
        "ce": 4,
        "cc": 14,
        "z": 0.8399999999999999
    },
    "17": {
        "cost": 14.473333331886002,
        "ce": 4,
        "cc": 14,
        "z": 0.8299999999999998
    },
    "18": {
        "cost": 15.226666665144,
        "ce": 5,
        "cc": 13,
        "z": 0.8199999999999998
    },
    "19": {
        "cost": 15.313333331802,
        "ce": 5,
        "cc": 13,
        "z": 0.8099999999999998
    },
    "20": {
        "cost": 15.39999999846,
        "ce": 5,
        "cc": 13,
        "z": 0.7999999999999998
    },
    "21": {
        "cost": 15.486666665118001,
        "ce": 5,
        "cc": 13,
        "z": 0.7899999999999998
    },
    "22": {
        "cost": 15.573333331776,
        "ce": 5,
        "cc": 13,
        "z": 0.7799999999999998
    },
    "23": {
        "cost": 15.659999998434,
        "ce": 5,
        "cc": 13,
        "z": 0.7699999999999998
    },
    "24": {
        "cost": 15.746666665091999,
        "ce": 5,
        "cc": 13,
        "z": 0.7599999999999998
    },
    "25": {
        "cost": 16.499999998350003,
        "ce": 6,
        "cc": 12,
        "z": 0.7499999999999998
    },
    "26": {
        "cost": 16.586666665008,
        "ce": 6,
        "cc": 12,
        "z": 0.7399999999999998
    },
    "27": {
        "cost": 16.673333331666,
        "ce": 6,
        "cc": 12,
        "z": 0.7299999999999998
    },
    "28": {
        "cost": 16.759999998324002,
        "ce": 6,
        "cc": 12,
        "z": 0.7199999999999998
    },
    "29": {
        "cost": 16.846666664982003,
        "ce": 6,
        "cc": 12,
        "z": 0.7099999999999997
    },
    "30": {
        "cost": 16.93333333164,
        "ce": 6,
        "cc": 12,
        "z": 0.6999999999999997
    },
    "31": {
        "cost": 17.019999998298,
        "ce": 6,
        "cc": 12,
        "z": 0.6899999999999997
    },
    "32": {
        "cost": 17.859999998214,
        "ce": 7,
        "cc": 11,
        "z": 0.6699999999999997
    },
    "33": {
        "cost": 17.946666664872,
        "ce": 7,
        "cc": 11,
        "z": 0.6599999999999997
    },
    "34": {
        "cost": 18.033333331530002,
        "ce": 7,
        "cc": 11,
        "z": 0.6499999999999997
    },
    "35": {
        "cost": 18.106666664856004,
        "ce": 7,
        "cc": 12,
        "z": 0.6799999999999997
    },
    "36": {
        "cost": 18.119999998188003,
        "ce": 7,
        "cc": 11,
        "z": 0.6399999999999997
    },
    "37": {
        "cost": 18.206666664846,
        "ce": 7,
        "cc": 11,
        "z": 0.6299999999999997
    },
    "38": {
        "cost": 18.293333331504,
        "ce": 7,
        "cc": 11,
        "z": 0.6199999999999997
    },
    "39": {
        "cost": 18.379999998162003,
        "ce": 7,
        "cc": 11,
        "z": 0.6099999999999997
    },
    "40": {
        "cost": 19.133333331420005,
        "ce": 8,
        "cc": 10,
        "z": 0.5999999999999996
    },
    "41": {
        "cost": 19.219999998078002,
        "ce": 8,
        "cc": 10,
        "z": 0.5899999999999996
    },
    "42": {
        "cost": 19.306666664736003,
        "ce": 8,
        "cc": 10,
        "z": 0.5799999999999996
    },
    "43": {
        "cost": 19.393333331394004,
        "ce": 8,
        "cc": 10,
        "z": 0.5699999999999996
    },
    "44": {
        "cost": 19.479999998052,
        "ce": 8,
        "cc": 10,
        "z": 0.5599999999999996
    },
    "45": {
        "cost": 19.566666664710002,
        "ce": 8,
        "cc": 10,
        "z": 0.5499999999999996
    },
    "46": {
        "cost": 19.653333331368,
        "ce": 8,
        "cc": 10,
        "z": 0.5399999999999996
    },
    "47": {
        "cost": 20.493333331284003,
        "ce": 9,
        "cc": 9,
        "z": 0.5199999999999996
    },
    "48": {
        "cost": 20.579999997942004,
        "ce": 9,
        "cc": 9,
        "z": 0.5099999999999996
    },
    "49": {
        "cost": 20.666666664600005,
        "ce": 9,
        "cc": 9,
        "z": 0.49999999999999956
    },
    "50": {
        "cost": 20.739999997926006,
        "ce": 9,
        "cc": 10,
        "z": 0.5299999999999996
    },
    "51": {
        "cost": 20.753333331258006,
        "ce": 9,
        "cc": 9,
        "z": 0.48999999999999955
    },
    "52": {
        "cost": 20.839999997916003,
        "ce": 9,
        "cc": 9,
        "z": 0.47999999999999954
    },
    "53": {
        "cost": 20.926666664574004,
        "ce": 9,
        "cc": 9,
        "z": 0.46999999999999953
    },
    "54": {
        "cost": 21.766666664490003,
        "ce": 10,
        "cc": 8,
        "z": 0.4499999999999995
    },
    "55": {
        "cost": 21.853333331148004,
        "ce": 10,
        "cc": 8,
        "z": 0.4399999999999995
    },
    "56": {
        "cost": 21.939999997806,
        "ce": 10,
        "cc": 8,
        "z": 0.4299999999999995
    },
    "57": {
        "cost": 22.013333331132003,
        "ce": 10,
        "cc": 9,
        "z": 0.4599999999999995
    },
    "58": {
        "cost": 22.026666664464006,
        "ce": 10,
        "cc": 8,
        "z": 0.4199999999999995
    },
    "59": {
        "cost": 22.113333331122004,
        "ce": 10,
        "cc": 8,
        "z": 0.4099999999999995
    },
    "60": {
        "cost": 22.199999997780004,
        "ce": 10,
        "cc": 8,
        "z": 0.39999999999999947
    },
    "61": {
        "cost": 22.286666664438005,
        "ce": 10,
        "cc": 8,
        "z": 0.38999999999999946
    },
    "62": {
        "cost": 23.126666664354005,
        "ce": 11,
        "cc": 7,
        "z": 0.36999999999999944
    },
    "63": {
        "cost": 23.213333331012006,
        "ce": 11,
        "cc": 7,
        "z": 0.35999999999999943
    },
    "64": {
        "cost": 23.299999997670003,
        "ce": 11,
        "cc": 7,
        "z": 0.3499999999999994
    },
    "65": {
        "cost": 23.373333330996,
        "ce": 11,
        "cc": 8,
        "z": 0.37999999999999945
    },
    "66": {
        "cost": 23.386666664328004,
        "ce": 11,
        "cc": 7,
        "z": 0.3399999999999994
    },