{
    "0": {
        "cost": 16.3333333317,
        "ce": 0,
        "cc": 26,
        "z": 1.0
    },
    "1": {
        "cost": 18.306666664836,
        "ce": 2,
        "cc": 25,
        "z": 0.98
    },
    "2": {
        "cost": 18.486666664818,
        "ce": 2,
        "cc": 26,
        "z": 0.99
    },
    "3": {
        "cost": 19.459999998054002,
        "ce": 3,
        "cc": 25,
        "z": 0.97
    },
    "4": {
        "cost": 19.613333331372,
        "ce": 3,
        "cc": 25,
        "z": 0.96
    },
    "5": {
        "cost": 19.76666666469,
        "ce": 3,
        "cc": 25,
        "z": 0.95
    },
    "6": {
        "cost": 20.586666664608003,
        "ce": 4,
        "cc": 24,
        "z": 0.94
    },
    "7": {
        "cost": 20.739999997926002,
        "ce": 4,
        "cc": 24,
        "z": 0.9299999999999999
    },
    "8": {
        "cost": 20.893333331244,
        "ce": 4,
        "cc": 24,
        "z": 0.9199999999999999
    },
    "9": {
        "cost": 21.046666664562004,
        "ce": 4,
        "cc": 24,
        "z": 0.9099999999999999
    },
    "10": {
        "cost": 22.019999997798003,
        "ce": 5,
        "cc": 23,
        "z": 0.8899999999999999
    },
    "11": {
        "cost": 22.173333331116005,
        "ce": 5,
        "cc": 23,
        "z": 0.8799999999999999
    },
    "12": {
        "cost": 22.19999999778,
        "ce": 5,
        "cc": 24,
        "z": 0.8999999999999999
    },
    "13": {
        "cost": 22.326666664434004,
        "ce": 5,
        "cc": 23,
        "z": 0.8699999999999999
    },
    "14": {
        "cost": 23.29999999767,
        "ce": 6,
        "cc": 22,
        "z": 0.8499999999999999
    },
    "15": {
        "cost": 23.453333330988002,
        "ce": 6,
        "cc": 22,
        "z": 0.8399999999999999
    },
    "16": {
        "cost": 23.479999997652,
        "ce": 6,
        "cc": 23,
        "z": 0.8599999999999999
    },
    "17": {
        "cost": 23.606666664306,
        "ce": 6,
        "cc": 22,
        "z": 0.8299999999999998
    },
    "18": {
        "cost": 24.733333330860003,
        "ce": 7,
        "cc": 21,
        "z": 0.7999999999999998
    },
    "19": {
        "cost": 24.759999997524,
        "ce": 7,
        "cc": 22,
        "z": 0.8199999999999998
    },
    "20": {
        "cost": 24.886666664178,
        "ce": 7,
        "cc": 21,
        "z": 0.7899999999999998
    },
    "21": {
        "cost": 24.913333330842004,
        "ce": 7,
        "cc": 22,
        "z": 0.8099999999999998
    },
    "22": {
        "cost": 26.013333330732003,
        "ce": 8,
        "cc": 20,
        "z": 0.7599999999999998
    },
    "23": {
        "cost": 26.039999997396006,
        "ce": 8,
        "cc": 21,
        "z": 0.7799999999999998
    },
    "24": {
        "cost": 26.166666664050005,
        "ce": 8,
        "cc": 20,
        "z": 0.7499999999999998
    },
    "25": {
        "cost": 26.193333330714005,
        "ce": 8,
        "cc": 21,
        "z": 0.7699999999999998
    },
    "26": {
        "cost": 27.293333330604,
        "ce": 9,
        "cc": 19,
        "z": 0.7199999999999998
    },
    "27": {
        "cost": 27.319999997268006,
        "ce": 9,
        "cc": 20,
        "z": 0.7399999999999998
    },
    "28": {
        "cost": 27.446666663922006,
        "ce": 9,
        "cc": 19,
        "z": 0.7099999999999997
    },
    "29": {
        "cost": 27.473333330586,
        "ce": 9,
        "cc": 20,
        "z": 0.7299999999999998
    },
    "30": {
        "cost": 28.573333330476004,
        "ce": 10,
        "cc": 18,
        "z": 0.6799999999999997
    },
    "31": {
        "cost": 28.599999997140007,
        "ce": 10,
        "cc": 19,
        "z": 0.6999999999999997
    },
    "32": {
        "cost": 28.726666663794006,
        "ce": 10,
        "cc": 18,
        "z": 0.6699999999999997
    },
    "33": {
        "cost": 28.753333330458005,
        "ce": 10,
        "cc": 19,
        "z": 0.6899999999999997
    },
    "34": {
        "cost": 28.879999997112,
        "ce": 10,
        "cc": 18,
        "z": 0.6599999999999997
    },
    "35": {
        "cost": 30.00666666366601,
        "ce": 11,
        "cc": 17,
        "z": 0.6299999999999997
    },
    "36": {
        "cost": 30.033333330330006,
        "ce": 11,
        "cc": 18,
        "z": 0.6499999999999997
    },
    "37": {
        "cost": 30.159999996984006,
        "ce": 11,
        "cc": 17,
        "z": 0.6199999999999997
    },
    "38": {
        "cost": 30.186666663648,
        "ce": 11,
        "cc": 18,
        "z": 0.6399999999999997
    },
    "39": {
        "cost": 31.286666663538004,
        "ce": 12,
        "cc": 16,
        "z": 0.5899999999999996
    },
    "40": {
        "cost": 31.313333330202006,
        "ce": 12,
        "cc": 17,
        "z": 0.6099999999999997
    },
    "41": {
        "cost": 31.439999996856006,
        "ce": 12,
        "cc": 16,
        "z": 0.5799999999999996
    },
    "42": {
        "cost": 31.46666666352,
        "ce": 12,
        "cc": 17,
        "z": 0.5999999999999996
    },
    "43": {
        "cost": 32.56666666341001,
        "ce": 13,
        "cc": 15,
        "z": 0.5499999999999996
    },
    "44": {
        "cost": 32.59333333007401,
        "ce": 13,
        "cc": 16,
        "z": 0.5699999999999996
    },
    "45": {
        "cost": 32.719999996728006,
        "ce": 13,
        "cc": 15,
        "z": 0.5399999999999996
    },
    "46": {
        "cost": 32.746666663392006,
        "ce": 13,
        "cc": 16,
        "z": 0.5599999999999996
    },
    "47": {
        "cost": 33.87333332994601,
        "ce": 14,
        "cc": 15,
        "z": 0.5299999999999996
    },
    "48": {
        "cost": 33.9999999966,
        "ce": 14,
        "cc": 14,
        "z": 0.49999999999999956
    },
    "49": {
        "cost": 34.02666666326401,
        "ce": 14,
        "cc": 15,
        "z": 0.5199999999999996
    },
    "50": {
        "cost": 34.17999999658201,
        "ce": 14,
        "cc": 15,
        "z": 0.5099999999999996
    },
    "51": {
        "cost": 35.15333332981801,
        "ce": 15,
        "cc": 14,
        "z": 0.48999999999999955
    },
    "52": {
        "cost": 35.27999999647201,
        "ce": 15,
        "cc": 13,
        "z": 0.4599999999999995
    },
    "53": {
        "cost": 35.306666663136006,
        "ce": 15,
        "cc": 14,
        "z": 0.47999999999999954
    },
    "54": {
        "cost": 35.43333332979001,
        "ce": 15,
        "cc": 13,
        "z": 0.4499999999999995
    },
    "55": {
        "cost": 35.45999999645401,
        "ce": 15,
        "cc": 14,
        "z": 0.46999999999999953
    },
    "56": {
        "cost": 36.559999996344004,
        "ce": 16,
        "cc": 12,
        "z": 0.4199999999999995
    },
    "57": {
        "cost": 36.58666666300801,
        "ce": 16,
        "cc": 13,
        "z": 0.4399999999999995
    },
    "58": {
        "cost": 36.71333332966201,
        "ce": 16,
        "cc": 12,
        "z": 0.4099999999999995
    },
    "59": {
        "cost": 36.73999999632601,
        "ce": 16,
        "cc": 13,
        "z": 0.4299999999999995
    },
    "60": {
        "cost": 37.83999999621601,
        "ce": 17,
        "cc": 11,
        "z": 0.37999999999999945
    },
    "61": {
        "cost": 37.86666666288001,
        "ce": 17,
        "cc": 12,
        "z": 0.39999999999999947
    },
    "62": {
        "cost": 37.99333332953401,
        "ce": 17,
        "cc": 11,
        "z": 0.36999999999999944
    },
    "63": {
        "cost": 38.01999999619801,
        "ce": 17,
        "cc": 12,
        "z": 0.38999999999999946
    },
    "64": {
        "cost": 39.11999999608801,
        "ce": 18,
        "cc": 10,
        "z": 0.3399999999999994
    },
    "65": {
        "cost": 39.146666662752004,
        "ce": 18,
        "cc": 11,
        "z": 0.35999999999999943
    },
    "66": {
        "cost": 39.27333332940601,
        "ce": 18,
        "cc": 10,