{
    "0": {
        "cost": 7.999999999999998,
        "ce": 5,
        "cc": 0,
        "z": 0
    },
    "1": {
        "cost": 11.060000000308994,
        "ce": 5,
        "cc": 1,
        "z": 0.009999999999999247
    },
    "2": {
        "cost": 14.020000000752995,
        "ce": 4,
        "cc": 2,
        "z": 0.16999999999999926
    },
    "3": {
        "cost": 14.120000000617994,
        "ce": 5,
        "cc": 2,
        "z": 0.019999999999999248
    },
    "4": {
        "cost": 14.180000000626995,
        "ce": 5,
        "cc": 2,
        "z": 0.02999999999999925
    },
    "5": {
        "cost": 14.240000000635995,
        "ce": 5,
        "cc": 2,
        "z": 0.03999999999999925
    },
    "6": {
        "cost": 14.300000000644994,
        "ce": 5,
        "cc": 2,
        "z": 0.04999999999999925
    },
    "7": {
        "cost": 14.360000000653994,
        "ce": 5,
        "cc": 2,
        "z": 0.059999999999999255
    },
    "8": {
        "cost": 14.420000000662995,
        "ce": 5,
        "cc": 2,
        "z": 0.06999999999999926
    },
    "9": {
        "cost": 14.480000000671994,
        "ce": 5,
        "cc": 2,
        "z": 0.07999999999999925
    },
    "10": {
        "cost": 14.540000000680996,
        "ce": 5,
        "cc": 2,
        "z": 0.08999999999999925
    },
    "11": {
        "cost": 14.600000000689993,
        "ce": 5,
        "cc": 2,
        "z": 0.09999999999999924
    },
    "12": {
        "cost": 14.660000000698995,
        "ce": 5,
        "cc": 2,
        "z": 0.10999999999999924
    },
    "13": {
        "cost": 14.720000000707994,
        "ce": 5,
        "cc": 2,
        "z": 0.11999999999999923
    },
    "14": {
        "cost": 14.780000000716994,
        "ce": 5,
        "cc": 2,
        "z": 0.12999999999999923
    },
    "15": {
        "cost": 14.840000000725995,
        "ce": 5,
        "cc": 2,
        "z": 0.13999999999999924
    },
    "16": {
        "cost": 14.900000000734995,
        "ce": 5,
        "cc": 2,
        "z": 0.14999999999999925
    },
    "17": {
        "cost": 14.960000000743994,
        "ce": 5,
        "cc": 2,
        "z": 0.15999999999999925
    },
    "18": {
        "cost": 17.080000001061993,
        "ce": 4,
        "cc": 3,
        "z": 0.17999999999999927
    },
    "19": {
        "cost": 17.140000001070995,
        "ce": 4,
        "cc": 3,
        "z": 0.18999999999999928
    },
    "20": {
        "cost": 17.200000001079992,
        "ce": 4,
        "cc": 3,
        "z": 0.1999999999999993
    },
    "21": {
        "cost": 17.260000001088994,
        "ce": 4,
        "cc": 3,
        "z": 0.2099999999999993
    },
    "22": {
        "cost": 17.320000001097995,
        "ce": 4,
        "cc": 3,
        "z": 0.2199999999999993
    },
    "23": {
        "cost": 17.380000001106993,
        "ce": 4,
        "cc": 3,
        "z": 0.22999999999999932
    },
    "24": {
        "cost": 17.440000001115994,
        "ce": 4,
        "cc": 3,
        "z": 0.23999999999999932
    },
    "25": {
        "cost": 17.500000001124995,
        "ce": 4,
        "cc": 3,
        "z": 0.24999999999999933
    },
    "26": {
        "cost": 17.560000001133993,
        "ce": 4,
        "cc": 3,
        "z": 0.25999999999999934
    },
    "27": {
        "cost": 17.620000001142994,
        "ce": 4,
        "cc": 3,
        "z": 0.26999999999999935
    },
    "28": {
        "cost": 17.680000001151996,
        "ce": 4,
        "cc": 3,
        "z": 0.27999999999999936
    },
    "29": {
        "cost": 17.740000001160993,
        "ce": 4,
        "cc": 3,
        "z": 0.28999999999999937
    },
    "30": {
        "cost": 17.800000001169995,
        "ce": 4,
        "cc": 3,
        "z": 0.2999999999999994
    },
    "31": {
        "cost": 17.860000001178996,
        "ce": 4,
        "cc": 3,
        "z": 0.3099999999999994
    },
    "32": {
        "cost": 17.920000001187994,
        "ce": 4,
        "cc": 3,
        "z": 0.3199999999999994
    },
    "33": {
        "cost": 17.980000001196995,
        "ce": 4,
        "cc": 3,
        "z": 0.3299999999999994
    },
    "34": {
        "cost": 18.040000001205996,
        "ce": 4,
        "cc": 3,
        "z": 0.3399999999999994
    },
    "35": {
        "cost": 18.100000001214994,
        "ce": 4,
        "cc": 3,
        "z": 0.3499999999999994
    },
    "36": {
        "cost": 18.160000001223995,
        "ce": 4,
        "cc": 3,
        "z": 0.35999999999999943
    },
    "37": {
        "cost": 18.220000001232997,
        "ce": 4,
        "cc": 3,
        "z": 0.36999999999999944
    },
    "38": {
        "cost": 18.280000001241994,
        "ce": 4,
        "cc": 3,
        "z": 0.37999999999999945
    },
    "39": {
        "cost": 18.340000001250996,
        "ce": 4,
        "cc": 3,
        "z": 0.38999999999999946
    },
    "40": {
        "cost": 18.400000001259997,
        "ce": 4,
        "cc": 3,
        "z": 0.39999999999999947
    },
    "41": {
        "cost": 18.460000001268995,
        "ce": 4,
        "cc": 3,
        "z": 0.4099999999999995
    },
    "42": {
        "cost": 18.520000001277996,
        "ce": 4,
        "cc": 3,
        "z": 0.4199999999999995
    },
    "43": {
        "cost": 20.880000001632,
        "ce": 3,
        "cc": 4,
        "z": 0.47999999999999954
    },
    "44": {
        "cost": 20.940000001640996,
        "ce": 3,
        "cc": 4,
        "z": 0.48999999999999955
    },
    "45": {
        "cost": 21.000000001649994,
        "ce": 3,
        "cc": 4,
        "z": 0.49999999999999956
    },
    "46": {
        "cost": 21.060000001659,
        "ce": 3,
        "cc": 4,
        "z": 0.5099999999999996
    },
    "47": {
        "cost": 21.120000001667997,
        "ce": 3,
        "cc": 4,
        "z": 0.5199999999999996
    },
    "48": {
        "cost": 21.180000001676994,
        "ce": 3,
        "cc": 4,
        "z": 0.5299999999999996
    },
    "49": {
        "cost": 21.240000001686,
        "ce": 3,
        "cc": 4,
        "z": 0.5399999999999996
    },
    "50": {
        "cost": 21.300000001694997,
        "ce": 3,
        "cc": 4,
        "z": 0.5499999999999996
    },
    "51": {
        "cost": 21.360000001703995,
        "ce": 3,
        "cc": 4,
        "z": 0.5599999999999996
    },
    "52": {
        "cost": 21.420000001712996,
        "ce": 3,
        "cc": 4,
        "z": 0.5699999999999996
    },
    "53": {
        "cost": 21.480000001721997,
        "ce": 3,
        "cc": 4,
        "z": 0.5799999999999996
    },
    "54": {
        "cost": 21.540000001730995,
        "ce": 3,
        "cc": 4,
        "z": 0.5899999999999996
    },
    "55": {
        "cost": 21.580000001586995,
        "ce": 4,
        "cc": 4,
        "z": 0.4299999999999995
    },
    "56": {
        "cost": 21.600000001739996,
        "ce": 3,
        "cc": 4,
        "z": 0.5999999999999996
    },
    "57": {
        "cost": 21.640000001595993,
        "ce": 4,
        "cc": 4,
        "z": 0.4399999999999995
    },
    "58": {
        "cost": 21.660000001748998,
        "ce": 3,
        "cc": 4,
        "z": 0.6099999999999997
    },
    "59": {
        "cost": 21.700000001604998,
        "ce": 4,
        "cc": 4,
        "z": 0.4499999999999995
    },
    "60": {
        "cost": 21.720000001757995,
        "ce": 3,
        "cc": 4,
        "z": 0.6199999999999997
    },
    "61": {
        "cost": 21.760000001613996,
        "ce": 4,
        "cc": 4,
        "z": 0.4599999999999995
    },
    "62": {
        "cost": 21.780000001766997,
        "ce": 3,
        "cc": 4,
        "z": 0.6299999999999997
    },
    "63": {
        "cost": 21.820000001622994,
        "ce": 4,
        "cc": 4,
        "z": 0.46999999999999953
    },
    "64": {
        "cost": 21.840000001775998,
        "ce": 3,
        "cc": 4,
        "z": 0.6399999999999997
    },
    "65": {
        "cost": 21.900000001784996,
        "ce": 3,
        "cc": 4,
        "z": 0.6499999999999997
    },