{
    "0": {
        "cost": 3.9999999999999996,
        "ce": 3,
        "cc": 0,
        "z": 0
    },
    "1": {
        "cost": 7.020000000302998,
        "ce": 3,
        "cc": 1,
        "z": 0.009999999999999247
    },
    "2": {
        "cost": 7.040000000305998,
        "ce": 3,
        "cc": 1,
        "z": 0.019999999999999248
    },
    "3": {
        "cost": 7.060000000308999,
        "ce": 3,
        "cc": 1,
        "z": 0.02999999999999925
    },
    "4": {
        "cost": 7.0800000003119985,
        "ce": 3,
        "cc": 1,
        "z": 0.03999999999999925
    },
    "5": {
        "cost": 7.100000000314999,
        "ce": 3,
        "cc": 1,
        "z": 0.04999999999999925
    },
    "6": {
        "cost": 9.640000000695998,
        "ce": 2,
        "cc": 2,
        "z": 0.3199999999999994
    },
    "7": {
        "cost": 9.660000000698998,
        "ce": 2,
        "cc": 2,
        "z": 0.3299999999999994
    },
    "8": {
        "cost": 9.680000000701998,
        "ce": 2,
        "cc": 2,
        "z": 0.3399999999999994
    },
    "9": {
        "cost": 9.700000000704998,
        "ce": 2,
        "cc": 2,
        "z": 0.3499999999999994
    },
    "10": {
        "cost": 9.720000000708,
        "ce": 2,
        "cc": 2,
        "z": 0.35999999999999943
    },
    "11": {
        "cost": 9.740000000711,
        "ce": 2,
        "cc": 2,
        "z": 0.36999999999999944
    },
    "12": {
        "cost": 9.760000000714,
        "ce": 2,
        "cc": 2,
        "z": 0.37999999999999945
    },
    "13": {
        "cost": 9.780000000717,
        "ce": 2,
        "cc": 2,
        "z": 0.38999999999999946
    },
    "14": {
        "cost": 9.800000000719997,
        "ce": 2,
        "cc": 2,
        "z": 0.39999999999999947
    },
    "15": {
        "cost": 9.820000000722999,
        "ce": 2,
        "cc": 2,
        "z": 0.4099999999999995
    },
    "16": {
        "cost": 9.840000000725999,
        "ce": 2,
        "cc": 2,
        "z": 0.4199999999999995
    },
    "17": {
        "cost": 9.860000000728999,
        "ce": 2,
        "cc": 2,
        "z": 0.4299999999999995
    },
    "18": {
        "cost": 9.880000000731998,
        "ce": 2,
        "cc": 2,
        "z": 0.4399999999999995
    },
    "19": {
        "cost": 9.900000000735,
        "ce": 2,
        "cc": 2,
        "z": 0.4499999999999995
    },
    "20": {
        "cost": 9.920000000738,
        "ce": 2,
        "cc": 2,
        "z": 0.4599999999999995
    },
    "21": {
        "cost": 9.940000000741,
        "ce": 2,
        "cc": 2,
        "z": 0.46999999999999953
    },
    "22": {
        "cost": 9.960000000743998,
        "ce": 2,
        "cc": 2,
        "z": 0.47999999999999954
    },
    "23": {
        "cost": 9.980000000746998,
        "ce": 2,
        "cc": 2,
        "z": 0.48999999999999955
    },
    "24": {
        "cost": 10.00000000075,
        "ce": 2,
        "cc": 2,
        "z": 0.49999999999999956
    },
    "25": {
        "cost": 10.020000000752999,
        "ce": 2,
        "cc": 2,
        "z": 0.5099999999999996
    },
    "26": {
        "cost": 10.040000000755999,
        "ce": 2,
        "cc": 2,
        "z": 0.5199999999999996
    },
    "27": {
        "cost": 10.060000000758999,
        "ce": 2,
        "cc": 2,
        "z": 0.5299999999999996
    },
    "28": {
        "cost": 10.120000000617999,
        "ce": 3,
        "cc": 2,
        "z": 0.059999999999999255
    },
    "29": {
        "cost": 10.140000000620997,
        "ce": 3,
        "cc": 2,
        "z": 0.06999999999999926
    },
    "30": {
        "cost": 10.160000000623997,
        "ce": 3,
        "cc": 2,
        "z": 0.07999999999999925
    },
    "31": {
        "cost": 10.180000000626999,
        "ce": 3,
        "cc": 2,
        "z": 0.08999999999999925
    },
    "32": {
        "cost": 10.200000000629998,
        "ce": 3,
        "cc": 2,
        "z": 0.09999999999999924
    },
    "33": {
        "cost": 10.220000000632998,
        "ce": 3,
        "cc": 2,
        "z": 0.10999999999999924
    },
    "34": {
        "cost": 10.240000000635998,
        "ce": 3,
        "cc": 2,
        "z": 0.11999999999999923
    },
    "35": {
        "cost": 10.260000000638998,
        "ce": 3,
        "cc": 2,
        "z": 0.12999999999999923
    },
    "36": {
        "cost": 10.280000000642,
        "ce": 3,
        "cc": 2,
        "z": 0.13999999999999924
    },
    "37": {
        "cost": 10.300000000645,
        "ce": 3,
        "cc": 2,
        "z": 0.14999999999999925
    },
    "38": {
        "cost": 10.320000000647997,
        "ce": 3,
        "cc": 2,
        "z": 0.15999999999999925
    },
    "39": {
        "cost": 10.340000000650997,
        "ce": 3,
        "cc": 2,
        "z": 0.16999999999999926
    },
    "40": {
        "cost": 10.360000000653999,
        "ce": 3,
        "cc": 2,
        "z": 0.17999999999999927
    },
    "41": {
        "cost": 10.380000000656999,
        "ce": 3,
        "cc": 2,
        "z": 0.18999999999999928
    },
    "42": {
        "cost": 10.400000000659999,
        "ce": 3,
        "cc": 2,
        "z": 0.1999999999999993
    },
    "43": {
        "cost": 10.420000000662998,
        "ce": 3,
        "cc": 2,
        "z": 0.2099999999999993
    },
    "44": {
        "cost": 10.440000000665998,
        "ce": 3,
        "cc": 2,
        "z": 0.2199999999999993
    },
    "45": {
        "cost": 10.460000000669,
        "ce": 3,
        "cc": 2,
        "z": 0.22999999999999932
    },
    "46": {
        "cost": 10.480000000671998,
        "ce": 3,
        "cc": 2,
        "z": 0.23999999999999932
    },
    "47": {
        "cost": 10.500000000674998,
        "ce": 3,
        "cc": 2,
        "z": 0.24999999999999933
    },
    "48": {
        "cost": 10.520000000677998,
        "ce": 3,
        "cc": 2,
        "z": 0.25999999999999934
    },
    "49": {
        "cost": 10.540000000681,
        "ce": 3,
        "cc": 2,
        "z": 0.26999999999999935
    },
    "50": {
        "cost": 10.560000000684,
        "ce": 3,
        "cc": 2,
        "z": 0.27999999999999936
    },
    "51": {
        "cost": 10.580000000686999,
        "ce": 3,
        "cc": 2,
        "z": 0.28999999999999937
    },
    "52": {
        "cost": 10.600000000689999,
        "ce": 3,
        "cc": 2,
        "z": 0.2999999999999994
    },
    "53": {
        "cost": 10.620000000693,
        "ce": 3,
        "cc": 2,
        "z": 0.3099999999999994
    },
    "54": {
        "cost": 12.0000000012,
        "ce": 0,
        "cc": 3,
        "z": 1.0
    },
    "55": {
        "cost": 12.820000001173,
        "ce": 1,
        "cc": 3,
        "z": 0.9099999999999999
    },
    "56": {
        "cost": 12.840000001176,
        "ce": 1,
        "cc": 3,
        "z": 0.9199999999999999
    },
    "57": {
        "cost": 12.860000001179,
        "ce": 1,
        "cc": 3,
        "z": 0.9299999999999999
    },
    "58": {
        "cost": 12.880000001182001,
        "ce": 1,
        "cc": 3,
        "z": 0.94
    },
    "59": {
        "cost": 12.900000001185001,
        "ce": 1,
        "cc": 3,
        "z": 0.95
    },
    "60": {
        "cost": 12.920000001187999,
        "ce": 1,
        "cc": 3,
        "z": 0.96
    },
    "61": {
        "cost": 12.940000001190999,
        "ce": 1,
        "cc": 3,
        "z": 0.97
    },
    "62": {
        "cost": 12.960000001194,
        "ce": 1,
        "cc": 3,
        "z": 0.98
    },
    "63": {
        "cost": 12.980000001197,
        "ce": 1,
        "cc": 3,
        "z": 0.99
    },
    "64": {
        "cost": 13.080000001062,
        "ce": 2,
        "cc": 3,
        "z": 0.5399999999999996
    },
    "65": {
        "cost": 13.100000001065,
        "ce": 2,
        "cc": 3,
        "z": 0.5499999999999996
    },
    "66": {
        "cost": 13.120000001067998,
        "ce": 2,
        "cc": 3,
        "z": 0.5599999999999996
    },
    "67": {
        "cost": 13.140000001070998,
        "ce": 2,