{
    "0": {
        "cost": 71.80000000341997,
        "ce": 20,
        "cc": 7,
        "z": 0.1999999999999993
    },
    "1": {
        "cost": 72.24000000348596,
        "ce": 20,
        "cc": 7,
        "z": 0.2099999999999993
    },
    "2": {
        "cost": 72.68000000355195,
        "ce": 20,
        "cc": 7,
        "z": 0.2199999999999993
    },
    "3": {
        "cost": 76.00000000404998,
        "ce": 19,
        "cc": 8,
        "z": 0.24999999999999933
    },
    "4": {
        "cost": 76.12000000391797,
        "ce": 20,
        "cc": 8,
        "z": 0.22999999999999932
    },
    "5": {
        "cost": 76.44000000411597,
        "ce": 19,
        "cc": 8,
        "z": 0.25999999999999934
    },
    "6": {
        "cost": 76.56000000398397,
        "ce": 20,
        "cc": 8,
        "z": 0.23999999999999932
    },
    "7": {
        "cost": 79.76000000461397,
        "ce": 18,
        "cc": 9,
        "z": 0.28999999999999937
    },
    "8": {
        "cost": 79.88000000448197,
        "ce": 19,
        "cc": 9,
        "z": 0.26999999999999935
    },
    "9": {
        "cost": 80.20000000467996,
        "ce": 18,
        "cc": 9,
        "z": 0.2999999999999994
    },
    "10": {
        "cost": 80.32000000454796,
        "ce": 19,
        "cc": 9,
        "z": 0.27999999999999936
    },
    "11": {
        "cost": 83.64000000504598,
        "ce": 18,
        "cc": 10,
        "z": 0.3099999999999994
    },
    "12": {
        "cost": 83.96000000524397,
        "ce": 17,
        "cc": 10,
        "z": 0.3399999999999994
    },
    "13": {
        "cost": 84.08000000511197,
        "ce": 18,
        "cc": 10,
        "z": 0.3199999999999994
    },
    "14": {
        "cost": 84.40000000530998,
        "ce": 17,
        "cc": 10,
        "z": 0.3499999999999994
    },
    "15": {
        "cost": 84.52000000517796,
        "ce": 18,
        "cc": 10,
        "z": 0.3299999999999994
    },
    "16": {
        "cost": 87.72000000580798,
        "ce": 16,
        "cc": 11,
        "z": 0.37999999999999945
    },
    "17": {
        "cost": 87.84000000567598,
        "ce": 17,
        "cc": 11,
        "z": 0.35999999999999943
    },
    "18": {
        "cost": 88.16000000587398,
        "ce": 16,
        "cc": 11,
        "z": 0.38999999999999946
    },
    "19": {
        "cost": 88.28000000574198,
        "ce": 17,
        "cc": 11,
        "z": 0.36999999999999944
    },
    "20": {
        "cost": 91.60000000623998,
        "ce": 16,
        "cc": 12,
        "z": 0.39999999999999947
    },
    "21": {
        "cost": 91.92000000643799,
        "ce": 15,
        "cc": 12,
        "z": 0.4299999999999995
    },
    "22": {
        "cost": 92.04000000630597,
        "ce": 16,
        "cc": 12,
        "z": 0.4099999999999995
    },
    "23": {
        "cost": 92.36000000650398,
        "ce": 15,
        "cc": 12,
        "z": 0.4399999999999995
    },
    "24": {
        "cost": 92.48000000637198,
        "ce": 16,
        "cc": 12,
        "z": 0.4199999999999995
    },
    "25": {
        "cost": 95.68000000700198,
        "ce": 14,
        "cc": 13,
        "z": 0.46999999999999953
    },
    "26": {
        "cost": 95.80000000686998,
        "ce": 15,
        "cc": 13,
        "z": 0.4499999999999995
    },
    "27": {
        "cost": 96.12000000706799,
        "ce": 14,
        "cc": 13,
        "z": 0.47999999999999954
    },
    "28": {
        "cost": 96.24000000693599,
        "ce": 15,
        "cc": 13,
        "z": 0.4599999999999995
    },
    "29": {
        "cost": 99.56000000743398,
        "ce": 14,
        "cc": 14,
        "z": 0.48999999999999955
    },
    "30": {
        "cost": 99.88000000763199,
        "ce": 13,
        "cc": 14,
        "z": 0.5199999999999996
    },
    "31": {
        "cost": 100.00000000749999,
        "ce": 14,
        "cc": 14,
        "z": 0.49999999999999956
    },
    "32": {
        "cost": 100.32000000769798,
        "ce": 13,
        "cc": 14,
        "z": 0.5299999999999996
    },
    "33": {
        "cost": 100.440000007566,
        "ce": 14,
        "cc": 14,
        "z": 0.5099999999999996
    },
    "34": {
        "cost": 103.64000000819598,
        "ce": 12,
        "cc": 15,
        "z": 0.5599999999999996
    },
    "35": {
        "cost": 103.760000008064,
        "ce": 13,
        "cc": 15,
        "z": 0.5399999999999996
    },
    "36": {
        "cost": 104.080000008262,
        "ce": 12,
        "cc": 15,
        "z": 0.5699999999999996
    },
    "37": {
        "cost": 104.20000000812999,
        "ce": 13,
        "cc": 15,
        "z": 0.5499999999999996
    },
    "38": {
        "cost": 107.52000000862799,
        "ce": 12,
        "cc": 16,
        "z": 0.5799999999999996
    },
    "39": {
        "cost": 107.840000008826,
        "ce": 11,
        "cc": 16,
        "z": 0.6099999999999997
    },
    "40": {
        "cost": 107.96000000869398,
        "ce": 12,
        "cc": 16,
        "z": 0.5899999999999996
    },
    "41": {
        "cost": 108.28000000889199,
        "ce": 11,
        "cc": 16,
        "z": 0.6199999999999997
    },
    "42": {
        "cost": 108.40000000875999,
        "ce": 12,
        "cc": 16,
        "z": 0.5999999999999996
    },
    "43": {
        "cost": 111.60000000938999,
        "ce": 10,
        "cc": 17,
        "z": 0.6499999999999997
    },
    "44": {
        "cost": 111.72000000925799,
        "ce": 11,
        "cc": 17,
        "z": 0.6299999999999997
    },
    "45": {
        "cost": 112.040000009456,
        "ce": 10,
        "cc": 17,
        "z": 0.6599999999999997
    },
    "46": {
        "cost": 112.160000009324,
        "ce": 11,
        "cc": 17,
        "z": 0.6399999999999997
    },
    "47": {
        "cost": 115.48000000982199,
        "ce": 10,
        "cc": 18,
        "z": 0.6699999999999997
    },
    "48": {
        "cost": 115.80000001002,
        "ce": 9,
        "cc": 18,
        "z": 0.6999999999999997
    },
    "49": {
        "cost": 115.92000000988799,
        "ce": 10,
        "cc": 18,
        "z": 0.6799999999999997
    },
    "50": {
        "cost": 116.24000001008599,
        "ce": 9,
        "cc": 18,
        "z": 0.7099999999999997
    },
    "51": {
        "cost": 116.36000000995398,
        "ce": 10,
        "cc": 18,
        "z": 0.6899999999999997
    },
    "52": {
        "cost": 119.56000001058399,
        "ce": 8,
        "cc": 19,
        "z": 0.7399999999999998
    },
    "53": {
        "cost": 119.680000010452,
        "ce": 9,
        "cc": 19,
        "z": 0.7199999999999998
    },
    "54": {
        "cost": 120.00000001064998,
        "ce": 8,
        "cc": 19,
        "z": 0.7499999999999998
    },
    "55": {
        "cost": 120.12000001051798,
        "ce": 9,
        "cc": 19,
        "z": 0.7299999999999998
    },
    "56": {
        "cost": 123.32000001114798,
        "ce": 7,
        "cc": 20,
        "z": 0.7799999999999998
    },
    "57": {
        "cost": 123.44000001101598,
        "ce": 8,
        "cc": 20,
        "z": 0.7599999999999998
    },
    "58": {
        "cost": 123.76000001121399,
        "ce": 7,
        "cc": 20,
        "z": 0.7899999999999998
    },
    "59": {
        "cost": 123.88000001108199,
        "ce": 8,
        "cc": 20,
        "z": 0.7699999999999998
    },
    "60": {
        "cost": 124.20000001128,
        "ce": 7,
        "cc": 20,
        "z": 0.7999999999999998
    },
    "61": {
        "cost": 127.520000011778,
        "ce": 6,
        "cc": 21,
        "z": 0.8299999999999998
    },
    "62": {
        "cost": 127.640000011646,
        "ce": 7,
        "cc": 21,
        "z": 0.8099999999999998
    },
    "63": {
        "cost": 127.96000001184399,
        "ce": 6,
        "cc": 21,
        "z": 0.8399999999999999
    },
    "64": {
        "cost": 128.080000011712,
        "ce": 7,
        "cc": 21,
        "z": 0.8199999999999998
    },
    "65": {
        "cost": 131.280000012342,
        "ce": 5,
        "cc": 22,