{
    "0": {
        "cost": 245.30000002074496,
        "ce": 20,
        "cc": 36,
        "z": 0.6499999999999999
    },
    "1": {
        "cost": 246.320000020898,
        "ce": 20,
        "cc": 36,
        "z": 0.6599999999999999
    },
    "2": {
        "cost": 246.340000021051,
        "ce": 19,
        "cc": 36,
        "z": 0.6699999999999999
    },
    "3": {
        "cost": 250.36000002150396,
        "ce": 19,
        "cc": 37,
        "z": 0.6799999999999999
    },
    "4": {
        "cost": 253.38000002195702,
        "ce": 18,
        "cc": 38,
        "z": 0.69
    },
    "5": {
        "cost": 254.40000002211002,
        "ce": 18,
        "cc": 38,
        "z": 0.7
    },
    "6": {
        "cost": 257.420000022563,
        "ce": 17,
        "cc": 39,
        "z": 0.71
    },
    "7": {
        "cost": 257.440000022716,
        "ce": 16,
        "cc": 39,
        "z": 0.72
    },
    "8": {
        "cost": 261.460000023169,
        "ce": 16,
        "cc": 40,
        "z": 0.73
    },
    "9": {
        "cost": 261.48000002332196,
        "ce": 15,
        "cc": 40,
        "z": 0.74
    }
}