{
    "0": {
        "cost": 39.310344826800005,
        "ce": 0,
        "cc": 30,
        "z": 1.0
    },
    "1": {
        "cost": 40.7044827578066,
        "ce": 2,
        "cc": 29,
        "z": 0.99
    },
    "2": {
        "cost": 40.7882758612532,
        "ce": 2,
        "cc": 29,
        "z": 0.98
    },
    "3": {
        "cost": 41.8720689646798,
        "ce": 3,
        "cc": 29,
        "z": 0.97
    },
    "4": {
        "cost": 41.9558620681264,
        "ce": 3,
        "cc": 29,
        "z": 0.96
    },
    "5": {
        "cost": 42.4337931025996,
        "ce": 4,
        "cc": 28,
        "z": 0.94
    },
    "6": {
        "cost": 42.517586206046204,
        "ce": 4,
        "cc": 28,
        "z": 0.9299999999999999
    },
    "7": {
        "cost": 42.6013793094928,
        "ce": 4,
        "cc": 28,
        "z": 0.9199999999999999
    },
    "8": {
        "cost": 42.995517240519405,
        "ce": 5,
        "cc": 27,
        "z": 0.9099999999999999
    },
    "9": {
        "cost": 43.03965517155301,
        "ce": 4,
        "cc": 29,
        "z": 0.95
    },
    "10": {
        "cost": 43.079310343966,
        "ce": 5,
        "cc": 27,
        "z": 0.8999999999999999
    },
    "11": {
        "cost": 43.163103447412595,
        "ce": 5,
        "cc": 27,
        "z": 0.8899999999999999
    },
    "12": {
        "cost": 43.6410344818858,
        "ce": 6,
        "cc": 26,
        "z": 0.8699999999999999
    },
    "13": {
        "cost": 43.724827585332406,
        "ce": 6,
        "cc": 26,
        "z": 0.8599999999999999
    },
    "14": {
        "cost": 44.2468965508392,
        "ce": 6,
        "cc": 27,
        "z": 0.8799999999999999
    },
    "15": {
        "cost": 44.2865517232522,
        "ce": 7,
        "cc": 25,
        "z": 0.8299999999999998
    },
    "16": {
        "cost": 44.3703448266988,
        "ce": 7,
        "cc": 25,
        "z": 0.8199999999999998
    },
    "17": {
        "cost": 44.808620688759,
        "ce": 7,
        "cc": 26,
        "z": 0.8499999999999999
    },
    "18": {
        "cost": 44.848275861172,
        "ce": 8,
        "cc": 24,
        "z": 0.7999999999999998
    },
    "19": {
        "cost": 44.8924137922056,
        "ce": 7,
        "cc": 26,
        "z": 0.8399999999999999
    },
    "20": {
        "cost": 44.9320689646186,
        "ce": 8,
        "cc": 24,
        "z": 0.7899999999999998
    },
    "21": {
        "cost": 45.0158620680652,
        "ce": 8,
        "cc": 24,
        "z": 0.7799999999999998
    },
    "22": {
        "cost": 45.4541379301254,
        "ce": 8,
        "cc": 25,
        "z": 0.8099999999999998
    },
    "23": {
        "cost": 45.4937931025384,
        "ce": 9,
        "cc": 23,
        "z": 0.7599999999999998
    },
    "24": {
        "cost": 45.577586205985,
        "ce": 9,
        "cc": 23,
        "z": 0.7499999999999998
    },
    "25": {
        "cost": 46.0996551714918,
        "ce": 9,
        "cc": 24,
        "z": 0.7699999999999998
    },
    "26": {
        "cost": 46.139310343904796,
        "ce": 10,
        "cc": 22,
        "z": 0.7199999999999998
    },
    "27": {
        "cost": 46.223103447351406,
        "ce": 10,
        "cc": 22,
        "z": 0.7099999999999997
    },
    "28": {
        "cost": 46.6613793094116,
        "ce": 10,
        "cc": 23,
        "z": 0.7399999999999998
    },
    "29": {
        "cost": 46.745172412858196,
        "ce": 10,
        "cc": 23,
        "z": 0.7299999999999998
    },
    "30": {
        "cost": 46.7848275852712,
        "ce": 11,
        "cc": 21,
        "z": 0.6799999999999997
    },
    "31": {
        "cost": 47.306896550778,
        "ce": 11,
        "cc": 22,
        "z": 0.6999999999999997
    },
    "32": {
        "cost": 47.346551723191,
        "ce": 12,
        "cc": 20,
        "z": 0.6499999999999997
    },
    "33": {
        "cost": 47.3906896542246,
        "ce": 11,
        "cc": 22,
        "z": 0.6899999999999997
    },
    "34": {
        "cost": 47.4303448266376,
        "ce": 12,
        "cc": 20,
        "z": 0.6399999999999997
    },
    "35": {
        "cost": 47.8686206886978,
        "ce": 12,
        "cc": 21,
        "z": 0.6699999999999997
    },
    "36": {
        "cost": 47.952413792144405,
        "ce": 12,
        "cc": 21,
        "z": 0.6599999999999997
    },
    "37": {
        "cost": 47.992068964557404,
        "ce": 13,
        "cc": 19,
        "z": 0.6099999999999997
    },
    "38": {
        "cost": 48.075862068004,
        "ce": 13,
        "cc": 19,
        "z": 0.5999999999999996
    },
    "39": {
        "cost": 48.5141379300642,
        "ce": 13,
        "cc": 20,
        "z": 0.6299999999999997
    },
    "40": {
        "cost": 48.5537931024772,
        "ce": 14,
        "cc": 18,
        "z": 0.5799999999999996
    },
    "41": {
        "cost": 48.597931033510804,
        "ce": 13,
        "cc": 20,
        "z": 0.6199999999999997
    },
    "42": {
        "cost": 48.637586205923796,
        "ce": 14,
        "cc": 18,
        "z": 0.5699999999999996
    },
    "43": {
        "cost": 49.1596551714306,
        "ce": 14,
        "cc": 19,
        "z": 0.5899999999999996
    },
    "44": {
        "cost": 49.19931034384361,
        "ce": 15,
        "cc": 17,
        "z": 0.5399999999999996
    },
    "45": {
        "cost": 49.28310344729021,
        "ce": 15,
        "cc": 17,
        "z": 0.5299999999999996
    },
    "46": {
        "cost": 49.7213793093504,
        "ce": 15,
        "cc": 18,
        "z": 0.5599999999999996
    },
    "47": {
        "cost": 49.805172412797006,
        "ce": 15,
        "cc": 18,
        "z": 0.5499999999999996
    },
    "48": {
        "cost": 49.844827585210005,
        "ce": 16,
        "cc": 16,
        "z": 0.49999999999999956
    },
    "49": {
        "cost": 49.9286206886566,
        "ce": 16,
        "cc": 16,
        "z": 0.48999999999999955
    },
    "50": {
        "cost": 50.3668965507168,
        "ce": 16,
        "cc": 17,
        "z": 0.5199999999999996
    },
    "51": {
        "cost": 50.450689654163405,
        "ce": 16,
        "cc": 17,
        "z": 0.5099999999999996
    },
    "52": {
        "cost": 50.490344826576404,
        "ce": 17,
        "cc": 15,
        "z": 0.4599999999999995
    },
    "53": {
        "cost": 50.57413793002301,
        "ce": 17,
        "cc": 15,
        "z": 0.4499999999999995
    },
    "54": {
        "cost": 51.0124137920832,
        "ce": 17,
        "cc": 16,
        "z": 0.47999999999999954
    },
    "55": {
        "cost": 51.0520689644962,
        "ce": 18,
        "cc": 14,
        "z": 0.4299999999999995
    },
    "56": {
        "cost": 51.096206895529804,
        "ce": 17,
        "cc": 16,
        "z": 0.46999999999999953
    },
    "57": {
        "cost": 51.135862067942796,
        "ce": 18,
        "cc": 14,
        "z": 0.4199999999999995
    },
    "58": {
        "cost": 51.6579310334496,
        "ce": 18,
        "cc": 15,
        "z": 0.4399999999999995
    },
    "59": {
        "cost": 51.697586205862606,
        "ce": 19,
        "cc": 13,
        "z": 0.38999999999999946
    },
    "60": {
        "cost": 51.7813793093092,
        "ce": 19,
        "cc": 13,
        "z": 0.37999999999999945
    },
    "61": {
        "cost": 52.2196551713694,
        "ce": 19,
        "cc": 14,
        "z": 0.4099999999999995
    },
    "62": {
        "cost": 52.2593103437824,
        "ce": 20,
        "cc": 12,
        "z": 0.35999999999999943
    },
    "63": {
        "cost": 52.303448274816,
        "ce": 19,
        "cc": 14,
        "z": 0.39999999999999947
    },
    "64": {
        "cost": 52.343103447229,
        "ce": 20,
        "cc": 12,
        "z": 0.3499999999999994
    },
    "65": {
        "cost": 52.8651724127358,
        "ce": 20,
        "cc": 13,
        "z": 0.36999999999999944
    }
}