{
    "0": {
        "cost": 240.00000002025,
        "ce": 20,
        "cc": 35,
        "z": 0.6499999999999999
    },
    "1": {
        "cost": 241.0000000204,
        "ce": 20,
        "cc": 35,
        "z": 0.6599999999999999
    },
    "2": {
        "cost": 244.00000002085,
        "ce": 19,
        "cc": 36,
        "z": 0.6699999999999999
    },
    "3": {
        "cost": 245.000000021,
        "ce": 19,
        "cc": 36,
        "z": 0.6799999999999999
    },
    "4": {
        "cost": 248.00000002144998,
        "ce": 18,
        "cc": 37,
        "z": 0.69
    },
    "5": {
        "cost": 249.0000000216,
        "ce": 18,
        "cc": 37,
        "z": 0.7
    },
    "6": {
        "cost": 252.00000002205002,
        "ce": 17,
        "cc": 38,
        "z": 0.71
    },
    "7": {
        "cost": 253.00000002220003,
        "ce": 17,
        "cc": 38,
        "z": 0.72
    },
    "8": {
        "cost": 256.00000002265,
        "ce": 16,
        "cc": 39,
        "z": 0.73
    },
    "9": {
        "cost": 257.0000000228,
        "ce": 16,
        "cc": 39,
        "z": 0.74
    },
    "10": {
        "cost": 260.00000002325,
        "ce": 15,
        "cc": 40,
        "z": 0.75
    },
    "11": {
        "cost": 261.0000000234,
        "ce": 15,
        "cc": 40,
        "z": 0.76
    }
}