{
    "0": {
        "cost": 203.80000001661998,
        "ce": 20,
        "cc": 29,
        "z": 0.5999999999999998
    },
    "1": {
        "cost": 207.560000017184,
        "ce": 19,
        "cc": 30,
        "z": 0.6199999999999998
    },
    "2": {
        "cost": 207.680000017052,
        "ce": 20,
        "cc": 30,
        "z": 0.6099999999999998
    },
    "3": {
        "cost": 208.44000001731598,
        "ce": 19,
        "cc": 30,
        "z": 0.6299999999999998
    },
    "4": {
        "cost": 211.320000017748,
        "ce": 18,
        "cc": 31,
        "z": 0.6399999999999998
    },
    "5": {
        "cost": 212.20000001787997,
        "ce": 18,
        "cc": 31,
        "z": 0.6499999999999998
    },
    "6": {
        "cost": 215.960000018444,
        "ce": 17,
        "cc": 32,
        "z": 0.6699999999999998
    },
    "7": {
        "cost": 216.08000001831198,
        "ce": 18,
        "cc": 32,
        "z": 0.6599999999999998
    },
    "8": {
        "cost": 216.840000018576,
        "ce": 17,
        "cc": 32,
        "z": 0.6799999999999998
    },
    "9": {
        "cost": 219.720000019008,
        "ce": 16,
        "cc": 33,
        "z": 0.6899999999999998
    },
    "10": {
        "cost": 220.60000001914,
        "ce": 16,
        "cc": 33,
        "z": 0.6999999999999998
    },
    "11": {
        "cost": 223.480000019572,
        "ce": 15,
        "cc": 34,
        "z": 0.7099999999999999
    },
    "12": {
        "cost": 224.24000001983597,
        "ce": 14,
        "cc": 34,
        "z": 0.7299999999999999
    },
    "13": {
        "cost": 224.360000019704,
        "ce": 15,
        "cc": 34,
        "z": 0.7199999999999999
    },
    "14": {
        "cost": 228.12000002026798,
        "ce": 14,
        "cc": 35,
        "z": 0.7399999999999999
    },
    "15": {
        "cost": 229.0000000204,
        "ce": 14,
        "cc": 35,
        "z": 0.7499999999999999
    },
    "16": {
        "cost": 231.88000002083197,
        "ce": 13,
        "cc": 36,
        "z": 0.7599999999999999
    },
    "17": {
        "cost": 232.760000020964,
        "ce": 13,
        "cc": 36,
        "z": 0.7699999999999999
    },
    "18": {
        "cost": 235.640000021396,
        "ce": 12,
        "cc": 37,
        "z": 0.7799999999999999
    },
    "19": {
        "cost": 236.520000021528,
        "ce": 12,
        "cc": 37,
        "z": 0.7899999999999999
    },
    "20": {
        "cost": 239.40000002196,
        "ce": 11,
        "cc": 38,
        "z": 0.7999999999999999
    },
    "21": {
        "cost": 240.16000002222404,
        "ce": 10,
        "cc": 38,
        "z": 0.82
    },
    "22": {
        "cost": 240.280000022092,
        "ce": 11,
        "cc": 38,
        "z": 0.8099999999999999
    },
    "23": {
        "cost": 244.040000022656,
        "ce": 10,
        "cc": 39,
        "z": 0.83
    },
    "24": {
        "cost": 244.92000002278797,
        "ce": 10,
        "cc": 39,
        "z": 0.84
    },
    "25": {
        "cost": 247.80000002321998,
        "ce": 9,
        "cc": 40,
        "z": 0.85
    },
    "26": {
        "cost": 248.680000023352,
        "ce": 9,
        "cc": 40,
        "z": 0.86
    }
}