{
    "0": {
        "cost": 40.689655171599995,
        "ce": 0,
        "cc": 31,
        "z": 1.0
    },
    "1": {
        "cost": 42.08689655088239,
        "ce": 2,
        "cc": 30,
        "z": 0.99
    },
    "2": {
        "cost": 42.1737931026048,
        "ce": 2,
        "cc": 30,
        "z": 0.98
    },
    "3": {
        "cost": 43.26068965430719,
        "ce": 3,
        "cc": 30,
        "z": 0.97
    },
    "4": {
        "cost": 43.3475862060296,
        "ce": 3,
        "cc": 30,
        "z": 0.96
    },
    "5": {
        "cost": 43.744827585332,
        "ce": 4,
        "cc": 29,
        "z": 0.95
    },
    "6": {
        "cost": 43.831724137054394,
        "ce": 4,
        "cc": 29,
        "z": 0.94
    },
    "7": {
        "cost": 43.9186206887768,
        "ce": 4,
        "cc": 29,
        "z": 0.9299999999999999
    },
    "8": {
        "cost": 44.402758619801595,
        "ce": 5,
        "cc": 28,
        "z": 0.9099999999999999
    },
    "9": {
        "cost": 44.48965517152399,
        "ce": 5,
        "cc": 28,
        "z": 0.8999999999999999
    },
    "10": {
        "cost": 44.576551723246396,
        "ce": 5,
        "cc": 28,
        "z": 0.8899999999999999
    },
    "11": {
        "cost": 44.9737931025488,
        "ce": 6,
        "cc": 27,
        "z": 0.8799999999999999
    },
    "12": {
        "cost": 45.00551724047919,
        "ce": 5,
        "cc": 29,
        "z": 0.9199999999999999
    },
    "13": {
        "cost": 45.0606896542712,
        "ce": 6,
        "cc": 27,
        "z": 0.8699999999999999
    },
    "14": {
        "cost": 45.1475862059936,
        "ce": 6,
        "cc": 27,
        "z": 0.8599999999999999
    },
    "15": {
        "cost": 45.631724137018395,
        "ce": 7,
        "cc": 26,
        "z": 0.8399999999999999
    },
    "16": {
        "cost": 45.7186206887408,
        "ce": 7,
        "cc": 26,
        "z": 0.8299999999999998
    },
    "17": {
        "cost": 45.805517240463196,
        "ce": 7,
        "cc": 26,
        "z": 0.8199999999999998
    },
    "18": {
        "cost": 46.234482757696,
        "ce": 7,
        "cc": 27,
        "z": 0.8499999999999999
    },
    "19": {
        "cost": 46.289655171488,
        "ce": 8,
        "cc": 25,
        "z": 0.7999999999999998
    },
    "20": {
        "cost": 46.3765517232104,
        "ce": 8,
        "cc": 25,
        "z": 0.7899999999999998
    },
    "21": {
        "cost": 46.860689654235195,
        "ce": 9,
        "cc": 24,
        "z": 0.7699999999999998
    },
    "22": {
        "cost": 46.8924137921656,
        "ce": 8,
        "cc": 26,
        "z": 0.8099999999999998
    },
    "23": {
        "cost": 46.9475862059576,
        "ce": 9,
        "cc": 24,
        "z": 0.7599999999999998
    },
    "24": {
        "cost": 47.46344827491279,
        "ce": 9,
        "cc": 25,
        "z": 0.7799999999999998
    },
    "25": {
        "cost": 47.5186206887048,
        "ce": 10,
        "cc": 23,
        "z": 0.7299999999999998
    },
    "26": {
        "cost": 47.605517240427204,
        "ce": 10,
        "cc": 23,
        "z": 0.7199999999999998
    },
    "27": {
        "cost": 48.03448275765999,
        "ce": 10,
        "cc": 24,
        "z": 0.7499999999999998
    },
    "28": {
        "cost": 48.089655171451994,
        "ce": 11,
        "cc": 22,
        "z": 0.6999999999999997
    },
    "29": {
        "cost": 48.12137930938239,
        "ce": 10,
        "cc": 24,
        "z": 0.7399999999999998
    },
    "30": {
        "cost": 48.1765517231744,
        "ce": 11,
        "cc": 22,
        "z": 0.6899999999999997
    },
    "31": {
        "cost": 48.263448274896795,
        "ce": 11,
        "cc": 22,
        "z": 0.6799999999999997
    },
    "32": {
        "cost": 48.69241379212959,
        "ce": 11,
        "cc": 23,
        "z": 0.7099999999999997
    },
    "33": {
        "cost": 48.7475862059216,
        "ce": 12,
        "cc": 21,
        "z": 0.6599999999999997
    },
    "34": {
        "cost": 48.834482757644,
        "ce": 12,
        "cc": 21,
        "z": 0.6499999999999997
    },
    "35": {
        "cost": 49.3186206886688,
        "ce": 13,
        "cc": 20,
        "z": 0.6299999999999997
    },
    "36": {
        "cost": 49.3503448265992,
        "ce": 12,
        "cc": 22,
        "z": 0.6699999999999997
    },
    "37": {
        "cost": 49.40551724039119,
        "ce": 13,
        "cc": 20,
        "z": 0.6199999999999997
    },
    "38": {
        "cost": 49.492413792113595,
        "ce": 13,
        "cc": 20,
        "z": 0.6099999999999997
    },
    "39": {
        "cost": 49.9213793093464,
        "ce": 13,
        "cc": 21,
        "z": 0.6399999999999997
    },
    "40": {
        "cost": 49.9765517231384,
        "ce": 14,
        "cc": 19,
        "z": 0.5899999999999996
    },
    "41": {
        "cost": 50.0634482748608,
        "ce": 14,
        "cc": 19,
        "z": 0.5799999999999996
    },
    "42": {
        "cost": 50.547586205885594,
        "ce": 15,
        "cc": 18,
        "z": 0.5599999999999996
    },
    "43": {
        "cost": 50.579310343816005,
        "ce": 14,
        "cc": 20,
        "z": 0.5999999999999996
    },
    "44": {
        "cost": 50.634482757608,
        "ce": 15,
        "cc": 18,
        "z": 0.5499999999999996
    },
    "45": {
        "cost": 50.7213793093304,
        "ce": 15,
        "cc": 18,
        "z": 0.5399999999999996
    },
    "46": {
        "cost": 51.1503448265632,
        "ce": 15,
        "cc": 19,
        "z": 0.5699999999999996
    },
    "47": {
        "cost": 51.205517240355206,
        "ce": 16,
        "cc": 17,
        "z": 0.5199999999999996
    },
    "48": {
        "cost": 51.292413792077596,
        "ce": 16,
        "cc": 17,
        "z": 0.5099999999999996
    },
    "49": {
        "cost": 51.808275861032804,
        "ce": 16,
        "cc": 18,
        "z": 0.5299999999999996
    },
    "50": {
        "cost": 51.8634482748248,
        "ce": 17,
        "cc": 16,
        "z": 0.47999999999999954
    },
    "51": {
        "cost": 51.9503448265472,
        "ce": 17,
        "cc": 16,
        "z": 0.46999999999999953
    },
    "52": {
        "cost": 52.37931034378,
        "ce": 17,
        "cc": 17,
        "z": 0.49999999999999956
    },
    "53": {
        "cost": 52.434482757572,
        "ce": 18,
        "cc": 15,
        "z": 0.4499999999999995
    },
    "54": {
        "cost": 52.466206895502395,
        "ce": 17,
        "cc": 17,
        "z": 0.48999999999999955
    },
    "55": {
        "cost": 52.521379309294396,
        "ce": 18,
        "cc": 15,
        "z": 0.4399999999999995
    },
    "56": {
        "cost": 53.037241378249604,
        "ce": 18,
        "cc": 16,
        "z": 0.4599999999999995
    },
    "57": {
        "cost": 53.0924137920416,
        "ce": 19,
        "cc": 14,
        "z": 0.4099999999999995
    },
    "58": {
        "cost": 53.179310343764,
        "ce": 19,
        "cc": 14,
        "z": 0.39999999999999947
    },
    "59": {
        "cost": 53.6082758609968,
        "ce": 19,
        "cc": 15,
        "z": 0.4299999999999995
    },
    "60": {
        "cost": 53.6634482747888,
        "ce": 20,
        "cc": 13,
        "z": 0.37999999999999945
    },
    "61": {
        "cost": 53.695172412719195,
        "ce": 19,
        "cc": 15,
        "z": 0.4199999999999995
    },
    "62": {
        "cost": 53.7503448265112,
        "ce": 20,
        "cc": 13,
        "z": 0.36999999999999944
    },
    "63": {
        "cost": 54.2662068954664,
        "ce": 20,
        "cc": 14,
        "z": 0.38999999999999946
    }
}