{
    "0": {
        "cost": 15.6666666651,
        "ce": 0,
        "cc": 25,
        "z": 1.0
    },
    "1": {
        "cost": 17.626666664904,
        "ce": 2,
        "cc": 24,
        "z": 0.98
    },
    "2": {
        "cost": 17.773333331556003,
        "ce": 2,
        "cc": 24,
        "z": 0.97
    },
    "3": {
        "cost": 17.813333331552,
        "ce": 2,
        "cc": 25,
        "z": 0.99
    },
    "4": {
        "cost": 18.919999998108,
        "ce": 3,
        "cc": 24,
        "z": 0.96
    },
    "5": {
        "cost": 19.026666664764,
        "ce": 3,
        "cc": 23,
        "z": 0.9299999999999999
    },
    "6": {
        "cost": 19.06666666476,
        "ce": 3,
        "cc": 24,
        "z": 0.95
    },
    "7": {
        "cost": 19.213333331412002,
        "ce": 3,
        "cc": 24,
        "z": 0.94
    },
    "8": {
        "cost": 20.173333331316,
        "ce": 4,
        "cc": 23,
        "z": 0.9199999999999999
    },
    "9": {
        "cost": 20.279999997972,
        "ce": 4,
        "cc": 22,
        "z": 0.8899999999999999
    },
    "10": {
        "cost": 20.319999997968,
        "ce": 4,
        "cc": 23,
        "z": 0.9099999999999999
    },
    "11": {
        "cost": 20.46666666462,
        "ce": 4,
        "cc": 23,
        "z": 0.8999999999999999
    },
    "12": {
        "cost": 21.426666664524003,
        "ce": 5,
        "cc": 22,
        "z": 0.8799999999999999
    },
    "13": {
        "cost": 21.573333331176002,
        "ce": 5,
        "cc": 22,
        "z": 0.8699999999999999
    },
    "14": {
        "cost": 21.719999997828005,
        "ce": 5,
        "cc": 22,
        "z": 0.8599999999999999
    },
    "15": {
        "cost": 21.866666664480004,
        "ce": 5,
        "cc": 22,
        "z": 0.8499999999999999
    },
    "16": {
        "cost": 22.679999997732,
        "ce": 6,
        "cc": 21,
        "z": 0.8399999999999999
    },
    "17": {
        "cost": 22.826666664384,
        "ce": 6,
        "cc": 21,
        "z": 0.8299999999999998
    },
    "18": {
        "cost": 22.933333331040004,
        "ce": 6,
        "cc": 20,
        "z": 0.7999999999999998
    },
    "19": {
        "cost": 22.973333331036002,
        "ce": 6,
        "cc": 21,
        "z": 0.8199999999999998
    },
    "20": {
        "cost": 23.119999997688,
        "ce": 6,
        "cc": 21,
        "z": 0.8099999999999998
    },
    "21": {
        "cost": 24.079999997592,
        "ce": 7,
        "cc": 20,
        "z": 0.7899999999999998
    },
    "22": {
        "cost": 24.226666664244,
        "ce": 7,
        "cc": 20,
        "z": 0.7799999999999998
    },
    "23": {
        "cost": 24.373333330896003,
        "ce": 7,
        "cc": 20,
        "z": 0.7699999999999998
    },
    "24": {
        "cost": 24.519999997548002,
        "ce": 7,
        "cc": 20,
        "z": 0.7599999999999998
    },
    "25": {
        "cost": 25.333333330800002,
        "ce": 8,
        "cc": 19,
        "z": 0.7499999999999998
    },
    "26": {
        "cost": 25.479999997452005,
        "ce": 8,
        "cc": 19,
        "z": 0.7399999999999998
    },
    "27": {
        "cost": 25.626666664104004,
        "ce": 8,
        "cc": 19,
        "z": 0.7299999999999998
    },
    "28": {
        "cost": 25.773333330756003,
        "ce": 8,
        "cc": 19,
        "z": 0.7199999999999998
    },
    "29": {
        "cost": 26.586666664008003,
        "ce": 9,
        "cc": 18,
        "z": 0.7099999999999997
    },
    "30": {
        "cost": 26.733333330660003,
        "ce": 9,
        "cc": 18,
        "z": 0.6999999999999997
    },
    "31": {
        "cost": 26.879999997312005,
        "ce": 9,
        "cc": 18,
        "z": 0.6899999999999997
    },
    "32": {
        "cost": 27.026666663964004,
        "ce": 9,
        "cc": 18,
        "z": 0.6799999999999997
    },
    "33": {
        "cost": 27.173333330616003,
        "ce": 9,
        "cc": 18,
        "z": 0.6699999999999997
    },
    "34": {
        "cost": 27.986666663868004,
        "ce": 10,
        "cc": 17,
        "z": 0.6599999999999997
    },
    "35": {
        "cost": 28.133333330520003,
        "ce": 10,
        "cc": 17,
        "z": 0.6499999999999997
    },
    "36": {
        "cost": 28.279999997172002,
        "ce": 10,
        "cc": 17,
        "z": 0.6399999999999997
    },
    "37": {
        "cost": 28.426666663824005,
        "ce": 10,
        "cc": 17,
        "z": 0.6299999999999997
    },
    "38": {
        "cost": 29.239999997076005,
        "ce": 11,
        "cc": 16,
        "z": 0.6199999999999997
    },
    "39": {
        "cost": 29.386666663728008,
        "ce": 11,
        "cc": 16,
        "z": 0.6099999999999997
    },
    "40": {
        "cost": 29.533333330380007,
        "ce": 11,
        "cc": 16,
        "z": 0.5999999999999996
    },
    "41": {
        "cost": 29.679999997032006,
        "ce": 11,
        "cc": 16,
        "z": 0.5899999999999996
    },
    "42": {
        "cost": 29.82666666368401,
        "ce": 11,
        "cc": 16,
        "z": 0.5799999999999996
    },
    "43": {
        "cost": 30.639999996936005,
        "ce": 12,
        "cc": 15,
        "z": 0.5699999999999996
    },
    "44": {
        "cost": 30.786666663588,
        "ce": 12,
        "cc": 15,
        "z": 0.5599999999999996
    },
    "45": {
        "cost": 30.933333330240004,
        "ce": 12,
        "cc": 15,
        "z": 0.5499999999999996
    },
    "46": {
        "cost": 31.079999996892003,
        "ce": 12,
        "cc": 15,
        "z": 0.5399999999999996
    },
    "47": {
        "cost": 31.893333330144003,
        "ce": 13,
        "cc": 14,
        "z": 0.5299999999999996
    },
    "48": {
        "cost": 32.039999996796006,
        "ce": 13,
        "cc": 14,
        "z": 0.5199999999999996
    },
    "49": {
        "cost": 32.18666666344801,
        "ce": 13,
        "cc": 14,
        "z": 0.5099999999999996
    },
    "50": {
        "cost": 32.333333330100004,
        "ce": 13,
        "cc": 14,
        "z": 0.49999999999999956
    },
    "51": {
        "cost": 32.47999999675201,
        "ce": 13,
        "cc": 14,
        "z": 0.48999999999999955
    },
    "52": {
        "cost": 33.293333330004,
        "ce": 14,
        "cc": 13,
        "z": 0.47999999999999954
    },
    "53": {
        "cost": 33.439999996656006,
        "ce": 14,
        "cc": 13,
        "z": 0.46999999999999953
    },
    "54": {
        "cost": 33.58666666330801,
        "ce": 14,
        "cc": 13,
        "z": 0.4599999999999995
    },
    "55": {
        "cost": 33.73333332996001,
        "ce": 14,
        "cc": 13,
        "z": 0.4499999999999995
    },
    "56": {
        "cost": 34.54666666321201,
        "ce": 15,
        "cc": 12,
        "z": 0.4399999999999995
    },
    "57": {
        "cost": 34.69333332986401,
        "ce": 15,
        "cc": 12,
        "z": 0.4299999999999995
    },
    "58": {
        "cost": 34.83999999651601,
        "ce": 15,
        "cc": 12,
        "z": 0.4199999999999995
    },
    "59": {
        "cost": 34.98666666316801,
        "ce": 15,
        "cc": 12,
        "z": 0.4099999999999995
    },
    "60": {
        "cost": 35.13333332982001,
        "ce": 15,
        "cc": 12,
        "z": 0.39999999999999947
    },
    "61": {
        "cost": 35.94666666307201,
        "ce": 16,
        "cc": 11,
        "z": 0.38999999999999946
    },
    "62": {
        "cost": 36.093333329724004,
        "ce": 16,
        "cc": 11,
        "z": 0.37999999999999945
    },
    "63": {
        "cost": 36.23999999637601,
        "ce": 16,
        "cc": 11,
        "z": 0.36999999999999944
    },
    "64": {
        "cost": 36.38666666302801,
        "ce": 16,
        "cc": 11,
        "z": 0.35999999999999943
    },
    "65": {
        "cost": 37.199999996280006,
        "ce": 17,
        "cc": 10,
        "z": 0.3499999999999994
    },
    "66": {
        "cost": 37.34666666293201,
        "ce": 17,
        "cc": 10,