{
    "0": {
        "cost": 11.7241379308,
        "ce": 0,
        "cc": 10,
        "z": 1.0
    },
    "1": {
        "cost": 13.099655172151799,
        "ce": 2,
        "cc": 9,
        "z": 0.97
    },
    "2": {
        "cost": 13.1213793100824,
        "ce": 2,
        "cc": 9,
        "z": 0.96
    },
    "3": {
        "cost": 13.143103448013001,
        "ce": 2,
        "cc": 9,
        "z": 0.95
    },
    "4": {
        "cost": 13.164827585943598,
        "ce": 2,
        "cc": 9,
        "z": 0.94
    },
    "5": {
        "cost": 13.1865517238742,
        "ce": 2,
        "cc": 9,
        "z": 0.9299999999999999
    },
    "6": {
        "cost": 13.6924137928296,
        "ce": 3,
        "cc": 8,
        "z": 0.8399999999999999
    },
    "7": {
        "cost": 13.7141379307602,
        "ce": 3,
        "cc": 8,
        "z": 0.8299999999999998
    },
    "8": {
        "cost": 13.7358620686908,
        "ce": 3,
        "cc": 8,
        "z": 0.8199999999999998
    },
    "9": {
        "cost": 13.745862068690599,
        "ce": 2,
        "cc": 10,
        "z": 0.99
    },
    "10": {
        "cost": 13.7675862066212,
        "ce": 2,
        "cc": 10,
        "z": 0.98
    },
    "11": {
        "cost": 14.208275861784799,
        "ce": 3,
        "cc": 9,
        "z": 0.9199999999999999
    },
    "12": {
        "cost": 14.2299999997154,
        "ce": 3,
        "cc": 9,
        "z": 0.9099999999999999
    },
    "13": {
        "cost": 14.251724137645999,
        "ce": 3,
        "cc": 9,
        "z": 0.8999999999999999
    },
    "14": {
        "cost": 14.273448275576598,
        "ce": 3,
        "cc": 9,
        "z": 0.8899999999999999
    },
    "15": {
        "cost": 14.2951724135072,
        "ce": 3,
        "cc": 9,
        "z": 0.8799999999999999
    },
    "16": {
        "cost": 14.3168965514378,
        "ce": 3,
        "cc": 9,
        "z": 0.8699999999999999
    },
    "17": {
        "cost": 14.338620689368398,
        "ce": 3,
        "cc": 9,
        "z": 0.8599999999999999
    },
    "18": {
        "cost": 14.360344827298999,
        "ce": 3,
        "cc": 9,
        "z": 0.8499999999999999
    },
    "19": {
        "cost": 14.757586206601399,
        "ce": 4,
        "cc": 8,
        "z": 0.8099999999999998
    },
    "20": {
        "cost": 14.779310344532,
        "ce": 4,
        "cc": 8,
        "z": 0.7999999999999998
    },
    "21": {
        "cost": 14.801034482462601,
        "ce": 4,
        "cc": 8,
        "z": 0.7899999999999998
    },
    "22": {
        "cost": 14.822758620393198,
        "ce": 4,
        "cc": 8,
        "z": 0.7799999999999998
    },
    "23": {
        "cost": 14.8444827583238,
        "ce": 4,
        "cc": 8,
        "z": 0.7699999999999998
    },
    "24": {
        "cost": 14.8662068962544,
        "ce": 4,
        "cc": 8,
        "z": 0.7599999999999998
    },
    "25": {
        "cost": 14.887931034184998,
        "ce": 4,
        "cc": 8,
        "z": 0.7499999999999998
    },
    "26": {
        "cost": 14.909655172115599,
        "ce": 4,
        "cc": 8,
        "z": 0.7399999999999998
    },
    "27": {
        "cost": 14.9313793100462,
        "ce": 4,
        "cc": 8,
        "z": 0.7299999999999998
    },
    "28": {
        "cost": 14.953103447976801,
        "ce": 4,
        "cc": 8,
        "z": 0.7199999999999998
    },
    "29": {
        "cost": 14.9748275859074,
        "ce": 4,
        "cc": 8,
        "z": 0.7099999999999997
    },
    "30": {
        "cost": 15.306896551417998,
        "ce": 5,
        "cc": 7,
        "z": 0.6999999999999997
    },
    "31": {
        "cost": 15.328620689348597,
        "ce": 5,
        "cc": 7,
        "z": 0.6899999999999997
    },
    "32": {
        "cost": 15.350344827279198,
        "ce": 5,
        "cc": 7,
        "z": 0.6799999999999997
    },
    "33": {
        "cost": 15.372068965209799,
        "ce": 5,
        "cc": 7,
        "z": 0.6699999999999997
    },
    "34": {
        "cost": 15.393793103140398,
        "ce": 5,
        "cc": 7,
        "z": 0.6599999999999997
    },
    "35": {
        "cost": 15.415517241070997,
        "ce": 5,
        "cc": 7,
        "z": 0.6499999999999997
    },
    "36": {
        "cost": 15.437241379001598,
        "ce": 5,
        "cc": 7,
        "z": 0.6399999999999997
    },
    "37": {
        "cost": 15.458965516932198,
        "ce": 5,
        "cc": 7,
        "z": 0.6299999999999997
    },
    "38": {
        "cost": 15.480689654862797,
        "ce": 5,
        "cc": 7,
        "z": 0.6199999999999997
    },
    "39": {
        "cost": 15.502413792793398,
        "ce": 5,
        "cc": 7,
        "z": 0.6099999999999997
    },
    "40": {
        "cost": 15.524137930723999,
        "ce": 5,
        "cc": 7,
        "z": 0.5999999999999996
    },
    "41": {
        "cost": 15.545862068654596,
        "ce": 5,
        "cc": 7,
        "z": 0.5899999999999996
    },
    "42": {
        "cost": 15.567586206585197,
        "ce": 5,
        "cc": 7,
        "z": 0.5799999999999996
    },
    "43": {
        "cost": 15.589310344515798,
        "ce": 5,
        "cc": 7,
        "z": 0.5699999999999996
    },
    "44": {
        "cost": 15.921379310026396,
        "ce": 6,
        "cc": 6,
        "z": 0.5599999999999996
    },
    "45": {
        "cost": 15.943103447956997,
        "ce": 6,
        "cc": 6,
        "z": 0.5499999999999996
    },
    "46": {
        "cost": 15.964827585887598,
        "ce": 6,
        "cc": 6,
        "z": 0.5399999999999996
    },
    "47": {
        "cost": 15.986551723818199,
        "ce": 6,
        "cc": 6,
        "z": 0.5299999999999996
    },
    "48": {
        "cost": 16.0082758617488,
        "ce": 6,
        "cc": 6,
        "z": 0.5199999999999996
    },
    "49": {
        "cost": 16.029999999679397,
        "ce": 6,
        "cc": 6,
        "z": 0.5099999999999996
    },
    "50": {
        "cost": 16.051724137609998,
        "ce": 6,
        "cc": 6,
        "z": 0.49999999999999956
    },
    "51": {
        "cost": 16.0734482755406,
        "ce": 6,
        "cc": 6,
        "z": 0.48999999999999955
    },
    "52": {
        "cost": 16.095172413471197,
        "ce": 6,
        "cc": 6,
        "z": 0.47999999999999954
    },
    "53": {
        "cost": 16.106896551402,
        "ce": 7,
        "cc": 4,
        "z": 0.2999999999999994
    },
    "54": {
        "cost": 16.116896551401798,
        "ce": 6,
        "cc": 6,
        "z": 0.46999999999999953
    },
    "55": {
        "cost": 16.1386206893324,
        "ce": 6,
        "cc": 6,
        "z": 0.4599999999999995
    },
    "56": {
        "cost": 16.160344827263,
        "ce": 6,
        "cc": 6,
        "z": 0.4499999999999995
    },
    "57": {
        "cost": 16.1820689651936,
        "ce": 6,
        "cc": 6,
        "z": 0.4399999999999995
    },
    "58": {
        "cost": 16.514137930704198,
        "ce": 7,
        "cc": 5,
        "z": 0.4299999999999995
    },
    "59": {
        "cost": 16.5358620686348,
        "ce": 7,
        "cc": 5,
        "z": 0.4199999999999995
    },
    "60": {
        "cost": 16.5575862065654,
        "ce": 7,
        "cc": 5,
        "z": 0.4099999999999995
    },
    "61": {
        "cost": 16.579310344496,
        "ce": 7,
        "cc": 5,
        "z": 0.39999999999999947
    },
    "62": {
        "cost": 16.6010344824266,
        "ce": 7,
        "cc": 5,
        "z": 0.38999999999999946
    },
    "63": {
        "cost": 16.6227586203572,
        "ce": 7,
        "cc": 5,
        "z": 0.37999999999999945
    },
    "64": {
        "cost": 16.644482758287797,
        "ce": 7,
        "cc": 5,
        "z": 0.36999999999999944
    },
    "65": {
        "cost": 16.666206896218398,
        "ce": 7,
        "cc": 5,
        "z": 0.35999999999999943
    },
    "66": {
        "cost": 16.6779310341492,
        "ce": 8,
        "cc": 3,
        "z": 0.17999999999999927
    },
    "67": {
        "cost": 16.687931034149,