{
    "0": {
        "cost": 15.862068965199999,
        "ce": 0,
        "cc": 13,
        "z": 1.0
    },
    "1": {
        "cost": 16.893103447937996,
        "ce": 1,
        "cc": 13,
        "z": 0.99
    },
    "2": {
        "cost": 17.265517241033997,
        "ce": 2,
        "cc": 12,
        "z": 0.97
    },
    "3": {
        "cost": 17.296551723791996,
        "ce": 2,
        "cc": 12,
        "z": 0.96
    },
    "4": {
        "cost": 17.32758620655,
        "ce": 2,
        "cc": 12,
        "z": 0.95
    },
    "5": {
        "cost": 17.358620689307998,
        "ce": 2,
        "cc": 12,
        "z": 0.94
    },
    "6": {
        "cost": 17.389655172065996,
        "ce": 2,
        "cc": 12,
        "z": 0.9299999999999999
    },
    "7": {
        "cost": 17.886206896193997,
        "ce": 3,
        "cc": 11,
        "z": 0.8699999999999999
    },
    "8": {
        "cost": 17.917241378952,
        "ce": 3,
        "cc": 11,
        "z": 0.8599999999999999
    },
    "9": {
        "cost": 17.924137930675997,
        "ce": 2,
        "cc": 13,
        "z": 0.98
    },
    "10": {
        "cost": 17.94827586171,
        "ce": 3,
        "cc": 11,
        "z": 0.8499999999999999
    },
    "11": {
        "cost": 17.979310344467997,
        "ce": 3,
        "cc": 11,
        "z": 0.8399999999999999
    },
    "12": {
        "cost": 18.420689654803997,
        "ce": 3,
        "cc": 12,
        "z": 0.9199999999999999
    },
    "13": {
        "cost": 18.451724137561996,
        "ce": 3,
        "cc": 12,
        "z": 0.9099999999999999
    },
    "14": {
        "cost": 18.475862068595998,
        "ce": 4,
        "cc": 10,
        "z": 0.7799999999999998
    },
    "15": {
        "cost": 18.48275862032,
        "ce": 3,
        "cc": 12,
        "z": 0.8999999999999999
    },
    "16": {
        "cost": 18.506896551354,
        "ce": 4,
        "cc": 10,
        "z": 0.7699999999999998
    },
    "17": {
        "cost": 18.513793103077997,
        "ce": 3,
        "cc": 12,
        "z": 0.8899999999999999
    },
    "18": {
        "cost": 18.537931034112,
        "ce": 4,
        "cc": 10,
        "z": 0.7599999999999998
    },
    "19": {
        "cost": 18.544827585835996,
        "ce": 3,
        "cc": 12,
        "z": 0.8799999999999999
    },
    "20": {
        "cost": 18.568965516869998,
        "ce": 4,
        "cc": 10,
        "z": 0.7499999999999998
    },
    "21": {
        "cost": 19.010344827205998,
        "ce": 4,
        "cc": 11,
        "z": 0.8299999999999998
    },
    "22": {
        "cost": 19.041379309963997,
        "ce": 4,
        "cc": 11,
        "z": 0.8199999999999998
    },
    "23": {
        "cost": 19.072413792721996,
        "ce": 4,
        "cc": 11,
        "z": 0.8099999999999998
    },
    "24": {
        "cost": 19.103448275479998,
        "ce": 4,
        "cc": 11,
        "z": 0.7999999999999998
    },
    "25": {
        "cost": 19.127586206513996,
        "ce": 5,
        "cc": 9,
        "z": 0.6699999999999997
    },
    "26": {
        "cost": 19.134482758237997,
        "ce": 4,
        "cc": 11,
        "z": 0.7899999999999998
    },
    "27": {
        "cost": 19.158620689272,
        "ce": 5,
        "cc": 9,
        "z": 0.6599999999999997
    },
    "28": {
        "cost": 19.599999999608002,
        "ce": 5,
        "cc": 10,
        "z": 0.7399999999999998
    },
    "29": {
        "cost": 19.631034482365997,
        "ce": 5,
        "cc": 10,
        "z": 0.7299999999999998
    },
    "30": {
        "cost": 19.662068965124,
        "ce": 5,
        "cc": 10,
        "z": 0.7199999999999998
    },
    "31": {
        "cost": 19.693103447882,
        "ce": 5,
        "cc": 10,
        "z": 0.7099999999999997
    },
    "32": {
        "cost": 19.717241378915997,
        "ce": 6,
        "cc": 8,
        "z": 0.5799999999999996
    },
    "33": {
        "cost": 19.724137930639998,
        "ce": 5,
        "cc": 10,
        "z": 0.6999999999999997
    },
    "34": {
        "cost": 19.748275861674,
        "ce": 6,
        "cc": 8,
        "z": 0.5699999999999996
    },
    "35": {
        "cost": 19.755172413398,
        "ce": 5,
        "cc": 10,
        "z": 0.6899999999999997
    },
    "36": {
        "cost": 19.779310344431998,
        "ce": 6,
        "cc": 8,
        "z": 0.5599999999999996
    },
    "37": {
        "cost": 19.786206896156,
        "ce": 5,
        "cc": 10,
        "z": 0.6799999999999997
    },
    "38": {
        "cost": 20.18965517201,
        "ce": 6,
        "cc": 9,
        "z": 0.6499999999999997
    },
    "39": {
        "cost": 20.220689654767998,
        "ce": 6,
        "cc": 9,
        "z": 0.6399999999999997
    },
    "40": {
        "cost": 20.251724137526,
        "ce": 6,
        "cc": 9,
        "z": 0.6299999999999997
    },
    "41": {
        "cost": 20.282758620284,
        "ce": 6,
        "cc": 9,
        "z": 0.6199999999999997
    },
    "42": {
        "cost": 20.306896551317998,
        "ce": 7,
        "cc": 7,
        "z": 0.48999999999999955
    },
    "43": {
        "cost": 20.313793103042,
        "ce": 6,
        "cc": 9,
        "z": 0.6099999999999997
    },
    "44": {
        "cost": 20.337931034076,
        "ce": 7,
        "cc": 7,
        "z": 0.47999999999999954
    },
    "45": {
        "cost": 20.3448275858,
        "ce": 6,
        "cc": 9,
        "z": 0.5999999999999996
    },
    "46": {
        "cost": 20.368965516833995,
        "ce": 7,
        "cc": 7,
        "z": 0.46999999999999953
    },
    "47": {
        "cost": 20.375862068558,
        "ce": 6,
        "cc": 9,
        "z": 0.5899999999999996
    },
    "48": {
        "cost": 20.399999999591998,
        "ce": 7,
        "cc": 7,
        "z": 0.4599999999999995
    },
    "49": {
        "cost": 20.81034482717,
        "ce": 7,
        "cc": 8,
        "z": 0.5499999999999996
    },
    "50": {
        "cost": 20.841379309928,
        "ce": 7,
        "cc": 8,
        "z": 0.5399999999999996
    },
    "51": {
        "cost": 20.872413792685997,
        "ce": 7,
        "cc": 8,
        "z": 0.5299999999999996
    },
    "52": {
        "cost": 20.903448275444,
        "ce": 7,
        "cc": 8,
        "z": 0.5199999999999996
    },
    "53": {
        "cost": 20.927586206477997,
        "ce": 8,
        "cc": 6,
        "z": 0.38999999999999946
    },
    "54": {
        "cost": 20.934482758202,
        "ce": 7,
        "cc": 8,
        "z": 0.5099999999999996
    },
    "55": {
        "cost": 20.958620689236,
        "ce": 8,
        "cc": 6,
        "z": 0.37999999999999945
    },
    "56": {
        "cost": 20.965517240959997,
        "ce": 7,
        "cc": 8,
        "z": 0.49999999999999956
    },
    "57": {
        "cost": 20.989655171994,
        "ce": 8,
        "cc": 6,
        "z": 0.36999999999999944
    },
    "58": {
        "cost": 21.43103448233,
        "ce": 8,
        "cc": 7,
        "z": 0.4499999999999995
    },
    "59": {
        "cost": 21.462068965088,
        "ce": 8,
        "cc": 7,
        "z": 0.4399999999999995
    },
    "60": {
        "cost": 21.493103447846,
        "ce": 8,
        "cc": 7,
        "z": 0.4299999999999995
    },
    "61": {
        "cost": 21.517241378879998,
        "ce": 9,
        "cc": 5,
        "z": 0.2999999999999994
    },
    "62": {
        "cost": 21.524137930604,
        "ce": 8,
        "cc": 7,
        "z": 0.4199999999999995
    },
    "63": {
        "cost": 21.548275861637997,
        "ce": 9,
        "cc": 5,
        "z": 0.28999999999999937
    },
    "64": {
        "cost": 21.555172413362,
        "ce": 8,
        "cc": 7,
        "z": 0.4099999999999995
    },
    "65": {
        "cost": 21.579310344395996,
        "ce": 9,
        "cc": 5,
        "z": 0.27999999999999936
    },
    "66": {
        "cost": 21.58620689612,
        "ce": 8,
        "cc": 7,
        "z": 0.39999999999999947
    },
    "67": {
        "cost": 21.610344827153998,