{
    "0": {
        "cost": 232.740000019461,
        "ce": 20,
        "cc": 34,
        "z": 0.6299999999999999
    },
    "1": {
        "cost": 233.700000019755,
        "ce": 19,
        "cc": 34,
        "z": 0.6499999999999999
    },
    "2": {
        "cost": 233.720000019608,
        "ce": 20,
        "cc": 34,
        "z": 0.6399999999999999
    },
    "3": {
        "cost": 237.660000020349,
        "ce": 18,
        "cc": 35,
        "z": 0.6699999999999999
    },
    "4": {
        "cost": 237.680000020202,
        "ce": 19,
        "cc": 35,
        "z": 0.6599999999999999
    },
    "5": {
        "cost": 241.620000020943,
        "ce": 17,
        "cc": 36,
        "z": 0.69
    },
    "6": {
        "cost": 241.640000020796,
        "ce": 18,
        "cc": 36,
        "z": 0.6799999999999999
    },
    "7": {
        "cost": 245.580000021537,
        "ce": 16,
        "cc": 37,
        "z": 0.71
    },
    "8": {
        "cost": 245.60000002138997,
        "ce": 17,
        "cc": 37,
        "z": 0.7
    },
    "9": {
        "cost": 249.540000022131,
        "ce": 15,
        "cc": 38,
        "z": 0.73
    },
    "10": {
        "cost": 249.56000002198402,
        "ce": 16,
        "cc": 38,
        "z": 0.72
    },
    "11": {
        "cost": 253.52000002257802,
        "ce": 15,
        "cc": 39,
        "z": 0.74
    },
    "12": {
        "cost": 254.500000022725,
        "ce": 15,
        "cc": 39,
        "z": 0.75
    },
    "13": {
        "cost": 257.460000023319,
        "ce": 13,
        "cc": 40,
        "z": 0.77
    },
    "14": {
        "cost": 257.480000023172,
        "ce": 14,
        "cc": 40,
        "z": 0.76
    }
}