{
    "0": {
        "cost": 21.999999997799996,
        "ce": 0,
        "cc": 34,
        "z": 1.0
    },
    "1": {
        "cost": 24.213333330912,
        "ce": 2,
        "cc": 34,
        "z": 0.99
    },
    "2": {
        "cost": 24.426666664223998,
        "ce": 2,
        "cc": 34,
        "z": 0.98
    },
    "3": {
        "cost": 25.519999997448,
        "ce": 3,
        "cc": 33,
        "z": 0.96
    },
    "4": {
        "cost": 25.639999997436,
        "ce": 3,
        "cc": 34,
        "z": 0.97
    },
    "5": {
        "cost": 26.733333330660003,
        "ce": 4,
        "cc": 33,
        "z": 0.95
    },
    "6": {
        "cost": 26.826666663984,
        "ce": 4,
        "cc": 32,
        "z": 0.9299999999999999
    },
    "7": {
        "cost": 26.946666663972,
        "ce": 4,
        "cc": 33,
        "z": 0.94
    },
    "8": {
        "cost": 28.039999997196,
        "ce": 5,
        "cc": 32,
        "z": 0.9199999999999999
    },
    "9": {
        "cost": 28.253333330508,
        "ce": 5,
        "cc": 32,
        "z": 0.9099999999999999
    },
    "10": {
        "cost": 28.46666666382,
        "ce": 5,
        "cc": 32,
        "z": 0.8999999999999999
    },
    "11": {
        "cost": 29.346666663732,
        "ce": 6,
        "cc": 31,
        "z": 0.8899999999999999
    },
    "12": {
        "cost": 29.559999997044002,
        "ce": 6,
        "cc": 31,
        "z": 0.8799999999999999
    },
    "13": {
        "cost": 29.773333330355996,
        "ce": 6,
        "cc": 31,
        "z": 0.8699999999999999
    },
    "14": {
        "cost": 30.653333330267998,
        "ce": 7,
        "cc": 30,
        "z": 0.8599999999999999
    },
    "15": {
        "cost": 30.86666666358,
        "ce": 7,
        "cc": 30,
        "z": 0.8499999999999999
    },
    "16": {
        "cost": 31.079999996892,
        "ce": 7,
        "cc": 30,
        "z": 0.8399999999999999
    },
    "17": {
        "cost": 31.959999996804,
        "ce": 8,
        "cc": 29,
        "z": 0.8299999999999998
    },
    "18": {
        "cost": 32.173333330116,
        "ce": 8,
        "cc": 29,
        "z": 0.8199999999999998
    },
    "19": {
        "cost": 32.386666663428,
        "ce": 8,
        "cc": 29,
        "z": 0.8099999999999998
    },
    "20": {
        "cost": 33.266666663340004,
        "ce": 9,
        "cc": 28,
        "z": 0.7999999999999998
    },
    "21": {
        "cost": 33.479999996652005,
        "ce": 9,
        "cc": 28,
        "z": 0.7899999999999998
    },
    "22": {
        "cost": 33.693333329964005,
        "ce": 9,
        "cc": 28,
        "z": 0.7799999999999998
    },
    "23": {
        "cost": 34.57333332987601,
        "ce": 10,
        "cc": 27,
        "z": 0.7699999999999998
    },
    "24": {
        "cost": 34.786666663188,
        "ce": 10,
        "cc": 27,
        "z": 0.7599999999999998
    },
    "25": {
        "cost": 34.99999999650001,
        "ce": 10,
        "cc": 27,
        "z": 0.7499999999999998
    },
    "26": {
        "cost": 36.093333329724004,
        "ce": 11,
        "cc": 26,
        "z": 0.7299999999999998
    },
    "27": {
        "cost": 36.21333332971201,
        "ce": 11,
        "cc": 27,
        "z": 0.7399999999999998
    },
    "28": {
        "cost": 36.306666663036005,
        "ce": 11,
        "cc": 26,
        "z": 0.7199999999999998
    },
    "29": {
        "cost": 37.39999999626,
        "ce": 12,
        "cc": 25,
        "z": 0.6999999999999997
    },
    "30": {
        "cost": 37.519999996248,
        "ce": 12,
        "cc": 26,
        "z": 0.7099999999999997
    },
    "31": {
        "cost": 37.613333329572,
        "ce": 12,
        "cc": 25,
        "z": 0.6899999999999997
    },
    "32": {
        "cost": 37.826666662884,
        "ce": 12,
        "cc": 25,
        "z": 0.6799999999999997
    },
    "33": {
        "cost": 38.706666662796,
        "ce": 13,
        "cc": 24,
        "z": 0.6699999999999997
    },
    "34": {
        "cost": 38.919999996108004,
        "ce": 13,
        "cc": 24,
        "z": 0.6599999999999997
    },
    "35": {
        "cost": 39.133333329420005,
        "ce": 13,
        "cc": 24,
        "z": 0.6499999999999997
    },
    "36": {
        "cost": 40.013333329332,
        "ce": 14,
        "cc": 23,
        "z": 0.6399999999999997
    },
    "37": {
        "cost": 40.22666666264401,
        "ce": 14,
        "cc": 23,
        "z": 0.6299999999999997
    },
    "38": {
        "cost": 40.439999995956,
        "ce": 14,
        "cc": 23,
        "z": 0.6199999999999997
    },
    "39": {
        "cost": 41.31999999586801,
        "ce": 15,
        "cc": 22,
        "z": 0.6099999999999997
    },
    "40": {
        "cost": 41.53333332918001,
        "ce": 15,
        "cc": 22,
        "z": 0.5999999999999996
    },
    "41": {
        "cost": 41.746666662492004,
        "ce": 15,
        "cc": 22,
        "z": 0.5899999999999996
    },
    "42": {
        "cost": 42.62666666240401,
        "ce": 16,
        "cc": 21,
        "z": 0.5799999999999996
    },
    "43": {
        "cost": 42.839999995716006,
        "ce": 16,
        "cc": 21,
        "z": 0.5699999999999996
    },
    "44": {
        "cost": 43.053333329028014,
        "ce": 16,
        "cc": 21,
        "z": 0.5599999999999996
    },
    "45": {
        "cost": 43.93333332894,
        "ce": 17,
        "cc": 20,
        "z": 0.5499999999999996
    },
    "46": {
        "cost": 44.146666662252,
        "ce": 17,
        "cc": 20,
        "z": 0.5399999999999996
    },
    "47": {
        "cost": 44.359999995564,
        "ce": 17,
        "cc": 20,
        "z": 0.5299999999999996
    },
    "48": {
        "cost": 45.453333328788005,
        "ce": 18,
        "cc": 19,
        "z": 0.5099999999999996
    },
    "49": {
        "cost": 45.57333332877601,
        "ce": 18,
        "cc": 20,
        "z": 0.5199999999999996
    },
    "50": {
        "cost": 45.66666666210001,
        "ce": 18,
        "cc": 19,
        "z": 0.49999999999999956
    },
    "51": {
        "cost": 46.546666662012015,
        "ce": 19,
        "cc": 18,
        "z": 0.48999999999999955
    },
    "52": {
        "cost": 46.759999995324016,
        "ce": 19,
        "cc": 18,
        "z": 0.47999999999999954
    },
    "53": {
        "cost": 46.973333328636,
        "ce": 19,
        "cc": 18,
        "z": 0.46999999999999953
    },
    "54": {
        "cost": 48.06666666186001,
        "ce": 20,
        "cc": 17,
        "z": 0.4499999999999995
    },
    "55": {
        "cost": 48.18666666184801,
        "ce": 20,
        "cc": 18,
        "z": 0.4599999999999995
    },
    "56": {
        "cost": 48.27999999517201,
        "ce": 20,
        "cc": 17,
        "z": 0.4399999999999995
    }
}