{
    "0": {
        "cost": 89.00000000509996,
        "ce": 20,
        "cc": 10,
        "z": 0.27999999999999936
    },
    "1": {
        "cost": 89.50000000517497,
        "ce": 20,
        "cc": 10,
        "z": 0.28999999999999937
    },
    "2": {
        "cost": 90.00000000524997,
        "ce": 20,
        "cc": 10,
        "z": 0.2999999999999994
    },
    "3": {
        "cost": 90.50000000532496,
        "ce": 20,
        "cc": 10,
        "z": 0.3099999999999994
    },
    "4": {
        "cost": 93.00000000569997,
        "ce": 19,
        "cc": 11,
        "z": 0.3199999999999994
    },
    "5": {
        "cost": 93.50000000577498,
        "ce": 19,
        "cc": 11,
        "z": 0.3299999999999994
    },
    "6": {
        "cost": 94.00000000584997,
        "ce": 19,
        "cc": 11,
        "z": 0.3399999999999994
    },
    "7": {
        "cost": 97.00000000629997,
        "ce": 18,
        "cc": 12,
        "z": 0.35999999999999943
    },
    "8": {
        "cost": 97.50000000637496,
        "ce": 18,
        "cc": 12,
        "z": 0.36999999999999944
    },
    "9": {
        "cost": 97.50000000622497,
        "ce": 19,
        "cc": 12,
        "z": 0.3499999999999994
    },
    "10": {
        "cost": 98.00000000644997,
        "ce": 18,
        "cc": 12,
        "z": 0.37999999999999945
    },
    "11": {
        "cost": 98.50000000652497,
        "ce": 18,
        "cc": 12,
        "z": 0.38999999999999946
    },
    "12": {
        "cost": 101.00000000689997,
        "ce": 17,
        "cc": 13,
        "z": 0.39999999999999947
    },
    "13": {
        "cost": 101.50000000697497,
        "ce": 17,
        "cc": 13,
        "z": 0.4099999999999995
    },
    "14": {
        "cost": 102.00000000704998,
        "ce": 17,
        "cc": 13,
        "z": 0.4199999999999995
    },
    "15": {
        "cost": 105.00000000749998,
        "ce": 16,
        "cc": 14,
        "z": 0.4399999999999995
    },
    "16": {
        "cost": 105.50000000757498,
        "ce": 16,
        "cc": 14,
        "z": 0.4499999999999995
    },
    "17": {
        "cost": 105.50000000742497,
        "ce": 17,
        "cc": 14,
        "z": 0.4299999999999995
    },
    "18": {
        "cost": 106.00000000764999,
        "ce": 16,
        "cc": 14,
        "z": 0.4599999999999995
    },
    "19": {
        "cost": 109.00000000809997,
        "ce": 15,
        "cc": 15,
        "z": 0.47999999999999954
    },
    "20": {
        "cost": 109.50000000817498,
        "ce": 15,
        "cc": 15,
        "z": 0.48999999999999955
    },
    "21": {
        "cost": 109.50000000802498,
        "ce": 16,
        "cc": 15,
        "z": 0.46999999999999953
    },
    "22": {
        "cost": 110.00000000824997,
        "ce": 15,
        "cc": 15,
        "z": 0.49999999999999956
    },
    "23": {
        "cost": 113.00000000869998,
        "ce": 14,
        "cc": 16,
        "z": 0.5199999999999996
    },
    "24": {
        "cost": 113.50000000877499,
        "ce": 14,
        "cc": 16,
        "z": 0.5299999999999996
    },
    "25": {
        "cost": 113.500000008625,
        "ce": 15,
        "cc": 16,
        "z": 0.5099999999999996
    },
    "26": {
        "cost": 114.00000000884998,
        "ce": 14,
        "cc": 16,
        "z": 0.5399999999999996
    },
    "27": {
        "cost": 117.00000000929998,
        "ce": 13,
        "cc": 17,
        "z": 0.5599999999999996
    },
    "28": {
        "cost": 117.50000000937499,
        "ce": 13,
        "cc": 17,
        "z": 0.5699999999999996
    },
    "29": {
        "cost": 117.50000000922498,
        "ce": 14,
        "cc": 17,
        "z": 0.5499999999999996
    },
    "30": {
        "cost": 118.00000000944996,
        "ce": 13,
        "cc": 17,
        "z": 0.5799999999999996
    },
    "31": {
        "cost": 121.00000000989999,
        "ce": 12,
        "cc": 18,
        "z": 0.5999999999999996
    },
    "32": {
        "cost": 121.500000009975,
        "ce": 12,
        "cc": 18,
        "z": 0.6099999999999997
    },
    "33": {
        "cost": 121.50000000982499,
        "ce": 13,
        "cc": 18,
        "z": 0.5899999999999996
    },
    "34": {
        "cost": 122.00000001004999,
        "ce": 12,
        "cc": 18,
        "z": 0.6199999999999997
    },
    "35": {
        "cost": 122.50000001012499,
        "ce": 12,
        "cc": 18,
        "z": 0.6299999999999997
    },
    "36": {
        "cost": 125.00000001049997,
        "ce": 11,
        "cc": 19,
        "z": 0.6399999999999997
    },
    "37": {
        "cost": 125.50000001057498,
        "ce": 11,
        "cc": 19,
        "z": 0.6499999999999997
    },
    "38": {
        "cost": 126.00000001064998,
        "ce": 11,
        "cc": 19,
        "z": 0.6599999999999997
    },
    "39": {
        "cost": 129.00000001109998,
        "ce": 10,
        "cc": 20,
        "z": 0.6799999999999997
    },
    "40": {
        "cost": 129.50000001117496,
        "ce": 10,
        "cc": 20,
        "z": 0.6899999999999997
    },
    "41": {
        "cost": 129.50000001102498,
        "ce": 11,
        "cc": 20,
        "z": 0.6699999999999997
    },
    "42": {
        "cost": 130.00000001125,
        "ce": 10,
        "cc": 20,
        "z": 0.6999999999999997
    },
    "43": {
        "cost": 133.00000001169997,
        "ce": 9,
        "cc": 21,
        "z": 0.7199999999999998
    },
    "44": {
        "cost": 133.500000011775,
        "ce": 9,
        "cc": 21,
        "z": 0.7299999999999998
    },
    "45": {
        "cost": 133.500000011625,
        "ce": 10,
        "cc": 21,
        "z": 0.7099999999999997
    },
    "46": {
        "cost": 134.00000001184998,
        "ce": 9,
        "cc": 21,
        "z": 0.7399999999999998
    },
    "47": {
        "cost": 137.0000000123,
        "ce": 8,
        "cc": 22,
        "z": 0.7599999999999998
    },
    "48": {
        "cost": 137.50000001237498,
        "ce": 8,
        "cc": 22,
        "z": 0.7699999999999998
    },
    "49": {
        "cost": 137.500000012225,
        "ce": 9,
        "cc": 22,
        "z": 0.7499999999999998
    },
    "50": {
        "cost": 138.00000001245,
        "ce": 8,
        "cc": 22,
        "z": 0.7799999999999998
    },
    "51": {
        "cost": 141.0000000129,
        "ce": 7,
        "cc": 23,
        "z": 0.7999999999999998
    },
    "52": {
        "cost": 141.500000012975,
        "ce": 7,
        "cc": 23,
        "z": 0.8099999999999998
    },
    "53": {
        "cost": 141.50000001282498,
        "ce": 8,
        "cc": 23,
        "z": 0.7899999999999998
    },
    "54": {
        "cost": 142.00000001305,
        "ce": 7,
        "cc": 23,
        "z": 0.8199999999999998
    },
    "55": {
        "cost": 144.500000013425,
        "ce": 6,
        "cc": 24,
        "z": 0.8299999999999998
    },
    "56": {
        "cost": 145.0000000135,
        "ce": 6,
        "cc": 24,
        "z": 0.8399999999999999
    },
    "57": {
        "cost": 145.500000013575,
        "ce": 6,
        "cc": 24,
        "z": 0.8499999999999999
    },
    "58": {
        "cost": 146.00000001364998,
        "ce": 6,
        "cc": 24,
        "z": 0.8599999999999999
    },
    "59": {
        "cost": 148.500000014025,
        "ce": 5,
        "cc": 25,
        "z": 0.8699999999999999
    },
    "60": {
        "cost": 149.0000000141,
        "ce": 5,
        "cc": 25,
        "z": 0.8799999999999999
    },
    "61": {
        "cost": 149.500000014175,
        "ce": 5,
        "cc": 25,
        "z": 0.8899999999999999
    },
    "62": {
        "cost": 150.00000001425002,
        "ce": 5,
        "cc": 25,
        "z": 0.8999999999999999
    },
    "63": {
        "cost": 152.50000001462502,
        "ce": 4,
        "cc": 26,
        "z": 0.9099999999999999
    },
    "64": {
        "cost": 153.0000000147,
        "ce": 4,
        "cc": 26,
        "z": 0.9199999999999999
    },
    "65": {
        "cost": 153.500000014775,
        "ce": 4,
        "cc": 26,