{
    "0": {
        "cost": 1.3333333332,
        "ce": 0,
        "cc": 3,
        "z": 1.0
    },
    "1": {
        "cost": 2.339999999766,
        "ce": 1,
        "cc": 3,
        "z": 0.99
    },
    "2": {
        "cost": 2.3466666664319997,
        "ce": 1,
        "cc": 3,
        "z": 0.98
    },
    "3": {
        "cost": 2.353333333098,
        "ce": 1,
        "cc": 3,
        "z": 0.97
    },
    "4": {
        "cost": 2.359999999764,
        "ce": 1,
        "cc": 3,
        "z": 0.96
    },
    "5": {
        "cost": 2.3666666664300005,
        "ce": 1,
        "cc": 3,
        "z": 0.95
    },
    "6": {
        "cost": 2.373333333096,
        "ce": 1,
        "cc": 3,
        "z": 0.94
    },
    "7": {
        "cost": 3.3133333330020003,
        "ce": 2,
        "cc": 2,
        "z": 0.5299999999999996
    },
    "8": {
        "cost": 3.319999999668,
        "ce": 2,
        "cc": 2,
        "z": 0.5199999999999996
    },
    "9": {
        "cost": 3.326666666334,
        "ce": 2,
        "cc": 2,
        "z": 0.5099999999999996
    },
    "10": {
        "cost": 3.333333333,
        "ce": 2,
        "cc": 2,
        "z": 0.49999999999999956
    },
    "11": {
        "cost": 3.3399999996660004,
        "ce": 2,
        "cc": 2,
        "z": 0.48999999999999955
    },
    "12": {
        "cost": 3.346666666332,
        "ce": 2,
        "cc": 2,
        "z": 0.47999999999999954
    },
    "13": {
        "cost": 3.353333332998,
        "ce": 2,
        "cc": 2,
        "z": 0.46999999999999953
    },
    "14": {
        "cost": 3.359999999664,
        "ce": 2,
        "cc": 2,
        "z": 0.4599999999999995
    },
    "15": {
        "cost": 3.3666666663300004,
        "ce": 2,
        "cc": 2,
        "z": 0.4499999999999995
    },
    "16": {
        "cost": 3.3733333329960002,
        "ce": 2,
        "cc": 2,
        "z": 0.4399999999999995
    },
    "17": {
        "cost": 3.379999999662,
        "ce": 2,
        "cc": 3,
        "z": 0.9299999999999999
    },
    "18": {
        "cost": 3.379999999662,
        "ce": 2,
        "cc": 2,
        "z": 0.4299999999999995
    },
    "19": {
        "cost": 3.3866666663280003,
        "ce": 2,
        "cc": 3,
        "z": 0.9199999999999999
    },
    "20": {
        "cost": 3.3866666663280003,
        "ce": 2,
        "cc": 2,
        "z": 0.4199999999999995
    },
    "21": {
        "cost": 3.3933333329939996,
        "ce": 2,
        "cc": 3,
        "z": 0.9099999999999999
    },
    "22": {
        "cost": 3.39999999966,
        "ce": 2,
        "cc": 3,
        "z": 0.8999999999999999
    },
    "23": {
        "cost": 3.406666666326,
        "ce": 2,
        "cc": 3,
        "z": 0.8899999999999999
    },
    "24": {
        "cost": 3.413333332992,
        "ce": 2,
        "cc": 3,
        "z": 0.8799999999999999
    },
    "25": {
        "cost": 3.419999999658,
        "ce": 2,
        "cc": 3,
        "z": 0.8699999999999999
    },
    "26": {
        "cost": 3.426666666324,
        "ce": 2,
        "cc": 3,
        "z": 0.8599999999999999
    },
    "27": {
        "cost": 3.4333333329899998,
        "ce": 2,
        "cc": 3,
        "z": 0.8499999999999999
    },
    "28": {
        "cost": 3.439999999656,
        "ce": 2,
        "cc": 3,
        "z": 0.8399999999999999
    },
    "29": {
        "cost": 3.4466666663220002,
        "ce": 2,
        "cc": 3,
        "z": 0.8299999999999998
    },
    "30": {
        "cost": 3.453333332988,
        "ce": 2,
        "cc": 3,
        "z": 0.8199999999999998
    },
    "31": {
        "cost": 3.459999999654,
        "ce": 2,
        "cc": 3,
        "z": 0.8099999999999998
    },
    "32": {
        "cost": 3.46666666632,
        "ce": 2,
        "cc": 3,
        "z": 0.7999999999999998
    },
    "33": {
        "cost": 3.4733333329860003,
        "ce": 2,
        "cc": 3,
        "z": 0.7899999999999998
    },
    "34": {
        "cost": 3.4799999996519997,
        "ce": 2,
        "cc": 3,
        "z": 0.7799999999999998
    },
    "35": {
        "cost": 3.486666666318,
        "ce": 2,
        "cc": 3,
        "z": 0.7699999999999998
    },
    "36": {
        "cost": 3.493333332984,
        "ce": 2,
        "cc": 3,
        "z": 0.7599999999999998
    },
    "37": {
        "cost": 3.4999999996500004,
        "ce": 2,
        "cc": 3,
        "z": 0.7499999999999998
    },
    "38": {
        "cost": 3.506666666316,
        "ce": 2,
        "cc": 3,
        "z": 0.7399999999999998
    },
    "39": {
        "cost": 3.513333332982,
        "ce": 2,
        "cc": 3,
        "z": 0.7299999999999998
    },
    "40": {
        "cost": 3.5199999996480003,
        "ce": 2,
        "cc": 3,
        "z": 0.7199999999999998
    },
    "41": {
        "cost": 3.526666666314,
        "ce": 2,
        "cc": 3,
        "z": 0.7099999999999997
    },
    "42": {
        "cost": 3.5333333329800003,
        "ce": 2,
        "cc": 3,
        "z": 0.6999999999999997
    },
    "43": {
        "cost": 3.539999999646,
        "ce": 2,
        "cc": 3,
        "z": 0.6899999999999997
    },
    "44": {
        "cost": 3.546666666312,
        "ce": 2,
        "cc": 3,
        "z": 0.6799999999999997
    },
    "45": {
        "cost": 3.553333332978,
        "ce": 2,
        "cc": 3,
        "z": 0.6699999999999997
    },
    "46": {
        "cost": 3.5599999996440004,
        "ce": 2,
        "cc": 3,
        "z": 0.6599999999999997
    },
    "47": {
        "cost": 3.5666666663099997,
        "ce": 2,
        "cc": 3,
        "z": 0.6499999999999997
    },
    "48": {
        "cost": 3.573333332976,
        "ce": 2,
        "cc": 3,
        "z": 0.6399999999999997
    },
    "49": {
        "cost": 3.579999999642,
        "ce": 2,
        "cc": 3,
        "z": 0.6299999999999997
    },
    "50": {
        "cost": 3.5866666663080005,
        "ce": 2,
        "cc": 3,
        "z": 0.6199999999999997
    },
    "51": {
        "cost": 3.5933333329740003,
        "ce": 2,
        "cc": 3,
        "z": 0.6099999999999997
    },
    "52": {
        "cost": 3.59999999964,
        "ce": 2,
        "cc": 3,
        "z": 0.5999999999999996
    },
    "53": {
        "cost": 3.6066666663060003,
        "ce": 2,
        "cc": 3,
        "z": 0.5899999999999996
    },
    "54": {
        "cost": 3.613333332972,
        "ce": 2,
        "cc": 3,
        "z": 0.5799999999999996
    },
    "55": {
        "cost": 3.6199999996380003,
        "ce": 2,
        "cc": 3,
        "z": 0.5699999999999996
    },
    "56": {
        "cost": 3.626666666304,
        "ce": 2,
        "cc": 3,
        "z": 0.5599999999999996
    },
    "57": {
        "cost": 3.6333333329700004,
        "ce": 2,
        "cc": 3,
        "z": 0.5499999999999996
    },
    "58": {
        "cost": 3.639999999636,
        "ce": 2,
        "cc": 3,
        "z": 0.5399999999999996
    },
    "59": {
        "cost": 3.9999999996,
        "ce": 3,
        "cc": 0,
        "z": 0
    },
    "60": {
        "cost": 4.299999999570001,
        "ce": 3,
        "cc": 1,
        "z": 0.04999999999999925
    },
    "61": {
        "cost": 4.3066666662360005,
        "ce": 3,
        "cc": 1,
        "z": 0.03999999999999925
    },
    "62": {
        "cost": 4.313333332902,
        "ce": 3,
        "cc": 1,
        "z": 0.02999999999999925
    },
    "63": {
        "cost": 4.319999999568001,
        "ce": 3,
        "cc": 1,
        "z": 0.019999999999999248
    },
    "64": {
        "cost": 4.326666666234001,
        "ce": 3,
        "cc": 1,
        "z": 0.009999999999999247
    },
    "65": {
        "cost": 4.393333332894,
        "ce": 3,
        "cc": 2,
        "z": 0.4099999999999995
    },
    "66": {
        "cost": 4.39999999956,
        "ce": 3,
        "cc": 2,
        "z": 0.39999999999999947
    },
    "67": {
        "cost": 4.406666666226,
        "ce": 3,
        "cc": 2,
        "z": 0.38999999999999946
    },
    "68": {
        "cost": 4.413333332892,
        "ce": 3,