{
    "0": {
        "cost": 12.9999999987,
        "ce": 0,
        "cc": 21,
        "z": 1.0
    },
    "1": {
        "cost": 14.906666665176,
        "ce": 2,
        "cc": 20,
        "z": 0.98
    },
    "2": {
        "cost": 15.026666665163999,
        "ce": 2,
        "cc": 20,
        "z": 0.97
    },
    "3": {
        "cost": 15.119999998488,
        "ce": 2,
        "cc": 21,
        "z": 0.99
    },
    "4": {
        "cost": 15.146666665152,
        "ce": 2,
        "cc": 20,
        "z": 0.96
    },
    "5": {
        "cost": 16.26666666504,
        "ce": 3,
        "cc": 20,
        "z": 0.95
    },
    "6": {
        "cost": 16.293333331703998,
        "ce": 3,
        "cc": 19,
        "z": 0.9199999999999999
    },
    "7": {
        "cost": 16.386666665028,
        "ce": 3,
        "cc": 20,
        "z": 0.94
    },
    "8": {
        "cost": 16.506666665016,
        "ce": 3,
        "cc": 20,
        "z": 0.9299999999999999
    },
    "9": {
        "cost": 17.413333331592,
        "ce": 4,
        "cc": 19,
        "z": 0.9099999999999999
    },
    "10": {
        "cost": 17.533333331580003,
        "ce": 4,
        "cc": 19,
        "z": 0.8999999999999999
    },
    "11": {
        "cost": 17.559999998244002,
        "ce": 4,
        "cc": 18,
        "z": 0.8699999999999999
    },
    "12": {
        "cost": 17.653333331568003,
        "ce": 4,
        "cc": 19,
        "z": 0.8899999999999999
    },
    "13": {
        "cost": 17.679999998232002,
        "ce": 4,
        "cc": 18,
        "z": 0.8599999999999999
    },
    "14": {
        "cost": 17.773333331556003,
        "ce": 4,
        "cc": 19,
        "z": 0.8799999999999999
    },
    "15": {
        "cost": 18.79999999812,
        "ce": 5,
        "cc": 18,
        "z": 0.8499999999999999
    },
    "16": {
        "cost": 18.919999998108004,
        "ce": 5,
        "cc": 18,
        "z": 0.8399999999999999
    },
    "17": {
        "cost": 18.946666664772003,
        "ce": 5,
        "cc": 17,
        "z": 0.8099999999999998
    },
    "18": {
        "cost": 19.039999998096,
        "ce": 5,
        "cc": 18,
        "z": 0.8299999999999998
    },
    "19": {
        "cost": 19.159999998084004,
        "ce": 5,
        "cc": 18,
        "z": 0.8199999999999998
    },
    "20": {
        "cost": 20.06666666466,
        "ce": 6,
        "cc": 17,
        "z": 0.7999999999999998
    },
    "21": {
        "cost": 20.186666664648,
        "ce": 6,
        "cc": 17,
        "z": 0.7899999999999998
    },
    "22": {
        "cost": 20.213333331312,
        "ce": 6,
        "cc": 16,
        "z": 0.7599999999999998
    },
    "23": {
        "cost": 20.306666664636,
        "ce": 6,
        "cc": 17,
        "z": 0.7799999999999998
    },
    "24": {
        "cost": 20.426666664624,
        "ce": 6,
        "cc": 17,
        "z": 0.7699999999999998
    },
    "25": {
        "cost": 21.333333331200002,
        "ce": 7,
        "cc": 16,
        "z": 0.7499999999999998
    },
    "26": {
        "cost": 21.453333331188002,
        "ce": 7,
        "cc": 16,
        "z": 0.7399999999999998
    },
    "27": {
        "cost": 21.573333331176006,
        "ce": 7,
        "cc": 16,
        "z": 0.7299999999999998
    },
    "28": {
        "cost": 21.59999999784,
        "ce": 7,
        "cc": 15,
        "z": 0.6999999999999997
    },
    "29": {
        "cost": 21.693333331164002,
        "ce": 7,
        "cc": 16,
        "z": 0.7199999999999998
    },
    "30": {
        "cost": 21.813333331152005,
        "ce": 7,
        "cc": 16,
        "z": 0.7099999999999997
    },
    "31": {
        "cost": 22.719999997728003,
        "ce": 8,
        "cc": 15,
        "z": 0.6899999999999997
    },
    "32": {
        "cost": 22.839999997716003,
        "ce": 8,
        "cc": 15,
        "z": 0.6799999999999997
    },
    "33": {
        "cost": 22.959999997704003,
        "ce": 8,
        "cc": 15,
        "z": 0.6699999999999997
    },
    "34": {
        "cost": 23.079999997692003,
        "ce": 8,
        "cc": 15,
        "z": 0.6599999999999997
    },
    "35": {
        "cost": 23.199999997680006,
        "ce": 8,
        "cc": 15,
        "z": 0.6499999999999997
    },
    "36": {
        "cost": 23.986666664268004,
        "ce": 9,
        "cc": 14,
        "z": 0.6399999999999997
    },
    "37": {
        "cost": 24.106666664256004,
        "ce": 9,
        "cc": 14,
        "z": 0.6299999999999997
    },
    "38": {
        "cost": 24.226666664244004,
        "ce": 9,
        "cc": 14,
        "z": 0.6199999999999997
    },
    "39": {
        "cost": 24.346666664232004,
        "ce": 9,
        "cc": 14,
        "z": 0.6099999999999997
    },
    "40": {
        "cost": 24.466666664220003,
        "ce": 9,
        "cc": 14,
        "z": 0.5999999999999996
    },
    "41": {
        "cost": 25.253333330808005,
        "ce": 10,
        "cc": 13,
        "z": 0.5899999999999996
    },
    "42": {
        "cost": 25.373333330796005,
        "ce": 10,
        "cc": 13,
        "z": 0.5799999999999996
    },
    "43": {
        "cost": 25.493333330784004,
        "ce": 10,
        "cc": 13,
        "z": 0.5699999999999996
    },
    "44": {
        "cost": 25.519999997448007,
        "ce": 10,
        "cc": 12,
        "z": 0.5399999999999996
    },
    "45": {
        "cost": 25.613333330772004,
        "ce": 10,
        "cc": 13,
        "z": 0.5599999999999996
    },
    "46": {
        "cost": 25.733333330760004,
        "ce": 10,
        "cc": 13,
        "z": 0.5499999999999996
    },
    "47": {
        "cost": 26.639999997336005,
        "ce": 11,
        "cc": 12,
        "z": 0.5299999999999996
    },
    "48": {
        "cost": 26.759999997324005,
        "ce": 11,
        "cc": 12,
        "z": 0.5199999999999996
    },
    "49": {
        "cost": 26.879999997312,
        "ce": 11,
        "cc": 12,
        "z": 0.5099999999999996
    },
    "50": {
        "cost": 26.999999997300005,
        "ce": 11,
        "cc": 12,
        "z": 0.49999999999999956
    },
    "51": {
        "cost": 27.119999997288005,
        "ce": 11,
        "cc": 12,
        "z": 0.48999999999999955
    },
    "52": {
        "cost": 27.906666663876006,
        "ce": 12,
        "cc": 11,
        "z": 0.47999999999999954
    },
    "53": {
        "cost": 28.026666663864003,
        "ce": 12,
        "cc": 11,
        "z": 0.46999999999999953
    },
    "54": {
        "cost": 28.146666663852006,
        "ce": 12,
        "cc": 11,
        "z": 0.4599999999999995
    },
    "55": {
        "cost": 28.173333330516005,
        "ce": 12,
        "cc": 10,
        "z": 0.4299999999999995
    },
    "56": {
        "cost": 28.266666663840006,
        "ce": 12,
        "cc": 11,
        "z": 0.4499999999999995
    },
    "57": {
        "cost": 28.386666663828006,
        "ce": 12,
        "cc": 11,
        "z": 0.4399999999999995
    },
    "58": {
        "cost": 29.293333330404003,
        "ce": 13,
        "cc": 10,
        "z": 0.4199999999999995
    },
    "59": {
        "cost": 29.413333330392007,
        "ce": 13,
        "cc": 10,
        "z": 0.4099999999999995
    },
    "60": {
        "cost": 29.53333333038001,
        "ce": 13,
        "cc": 10,
        "z": 0.39999999999999947
    },
    "61": {
        "cost": 29.559999997044006,
        "ce": 13,
        "cc": 9,
        "z": 0.36999999999999944
    },
    "62": {
        "cost": 29.653333330368007,
        "ce": 13,
        "cc": 10,
        "z": 0.38999999999999946
    },
    "63": {
        "cost": 29.773333330356003,
        "ce": 13,
        "cc": 10,
        "z": 0.37999999999999945
    },
    "64": {
        "cost": 30.679999996932004,
        "ce": 14,
        "cc": 9,
        "z": 0.35999999999999943
    },
    "65": {
        "cost": 30.799999996920004,
        "ce": 14,
        "cc": 9,
        "z": 0.3499999999999994
    },
    "66": {
        "cost": 30.826666663584007,
        "ce": 14,
        "cc": 8,