{
    "0": {
        "cost": 251.64000002139596,
        "ce": 20,
        "cc": 37,
        "z": 0.6599999999999999
    },
    "1": {
        "cost": 252.68000002155196,
        "ce": 20,
        "cc": 37,
        "z": 0.6699999999999999
    },
    "2": {
        "cost": 255.72000002200798,
        "ce": 19,
        "cc": 38,
        "z": 0.6799999999999999
    },
    "3": {
        "cost": 256.760000022164,
        "ce": 19,
        "cc": 38,
        "z": 0.69
    },
    "4": {
        "cost": 259.80000002262,
        "ce": 18,
        "cc": 39,
        "z": 0.7
    },
    "5": {
        "cost": 260.840000022776,
        "ce": 18,
        "cc": 39,
        "z": 0.71
    },
    "6": {
        "cost": 263.880000023232,
        "ce": 17,
        "cc": 40,
        "z": 0.72
    },
    "7": {
        "cost": 264.92000002338796,
        "ce": 17,
        "cc": 40,
        "z": 0.73
    }
}