{
    "0": {
        "cost": 8.3333333325,
        "ce": 0,
        "cc": 14,
        "z": 1.0
    },
    "1": {
        "cost": 9.406666665726,
        "ce": 1,
        "cc": 14,
        "z": 0.99
    },
    "2": {
        "cost": 10.219999998978,
        "ce": 2,
        "cc": 13,
        "z": 0.97
    },
    "3": {
        "cost": 10.293333332304,
        "ce": 2,
        "cc": 13,
        "z": 0.96
    },
    "4": {
        "cost": 10.36666666563,
        "ce": 2,
        "cc": 13,
        "z": 0.95
    },
    "5": {
        "cost": 10.439999998956,
        "ce": 2,
        "cc": 13,
        "z": 0.94
    },
    "6": {
        "cost": 10.479999998952,
        "ce": 2,
        "cc": 14,
        "z": 0.98
    },
    "7": {
        "cost": 10.513333332282,
        "ce": 2,
        "cc": 13,
        "z": 0.9299999999999999
    },
    "8": {
        "cost": 11.546666665512001,
        "ce": 3,
        "cc": 12,
        "z": 0.8799999999999999
    },
    "9": {
        "cost": 11.586666665508,
        "ce": 3,
        "cc": 13,
        "z": 0.9199999999999999
    },
    "10": {
        "cost": 11.619999998838,
        "ce": 3,
        "cc": 12,
        "z": 0.8699999999999999
    },
    "11": {
        "cost": 11.659999998834001,
        "ce": 3,
        "cc": 13,
        "z": 0.9099999999999999
    },
    "12": {
        "cost": 11.693333332164002,
        "ce": 3,
        "cc": 12,
        "z": 0.8599999999999999
    },
    "13": {
        "cost": 11.73333333216,
        "ce": 3,
        "cc": 13,
        "z": 0.8999999999999999
    },
    "14": {
        "cost": 11.806666665486002,
        "ce": 3,
        "cc": 13,
        "z": 0.8899999999999999
    },
    "15": {
        "cost": 12.766666665390002,
        "ce": 4,
        "cc": 12,
        "z": 0.8499999999999999
    },
    "16": {
        "cost": 12.839999998716001,
        "ce": 4,
        "cc": 12,
        "z": 0.8399999999999999
    },
    "17": {
        "cost": 12.873333332046,
        "ce": 4,
        "cc": 11,
        "z": 0.7899999999999998
    },
    "18": {
        "cost": 12.913333332042,
        "ce": 4,
        "cc": 12,
        "z": 0.8299999999999998
    },
    "19": {
        "cost": 12.946666665372,
        "ce": 4,
        "cc": 11,
        "z": 0.7799999999999998
    },
    "20": {
        "cost": 12.986666665368002,
        "ce": 4,
        "cc": 12,
        "z": 0.8199999999999998
    },
    "21": {
        "cost": 13.019999998698001,
        "ce": 4,
        "cc": 11,
        "z": 0.7699999999999998
    },
    "22": {
        "cost": 13.059999998694,
        "ce": 4,
        "cc": 12,
        "z": 0.8099999999999998
    },
    "23": {
        "cost": 13.133333332020001,
        "ce": 4,
        "cc": 12,
        "z": 0.7999999999999998
    },
    "24": {
        "cost": 14.093333331924,
        "ce": 5,
        "cc": 11,
        "z": 0.7599999999999998
    },
    "25": {
        "cost": 14.126666665254003,
        "ce": 5,
        "cc": 10,
        "z": 0.7099999999999997
    },
    "26": {
        "cost": 14.166666665250002,
        "ce": 5,
        "cc": 11,
        "z": 0.7499999999999998
    },
    "27": {
        "cost": 14.199999998580003,
        "ce": 5,
        "cc": 10,
        "z": 0.6999999999999997
    },
    "28": {
        "cost": 14.239999998576002,
        "ce": 5,
        "cc": 11,
        "z": 0.7399999999999998
    },
    "29": {
        "cost": 14.273333331906002,
        "ce": 5,
        "cc": 10,
        "z": 0.6899999999999997
    },
    "30": {
        "cost": 14.313333331902001,
        "ce": 5,
        "cc": 11,
        "z": 0.7299999999999998
    },
    "31": {
        "cost": 14.346666665232004,
        "ce": 5,
        "cc": 10,
        "z": 0.6799999999999997
    },
    "32": {
        "cost": 14.386666665228002,
        "ce": 5,
        "cc": 11,
        "z": 0.7199999999999998
    },
    "33": {
        "cost": 15.419999998458001,
        "ce": 6,
        "cc": 10,
        "z": 0.6699999999999997
    },
    "34": {
        "cost": 15.493333331784003,
        "ce": 6,
        "cc": 10,
        "z": 0.6599999999999997
    },
    "35": {
        "cost": 15.526666665114004,
        "ce": 6,
        "cc": 9,
        "z": 0.6099999999999997
    },
    "36": {
        "cost": 15.56666666511,
        "ce": 6,
        "cc": 10,
        "z": 0.6499999999999997
    },
    "37": {
        "cost": 15.599999998440003,
        "ce": 6,
        "cc": 9,
        "z": 0.5999999999999996
    },
    "38": {
        "cost": 15.639999998436,
        "ce": 6,
        "cc": 10,
        "z": 0.6399999999999997
    },
    "39": {
        "cost": 15.713333331762001,
        "ce": 6,
        "cc": 10,
        "z": 0.6299999999999997
    },
    "40": {
        "cost": 15.786666665088001,
        "ce": 6,
        "cc": 10,
        "z": 0.6199999999999997
    },
    "41": {
        "cost": 16.673333331666,
        "ce": 7,
        "cc": 9,
        "z": 0.5899999999999996
    },
    "42": {
        "cost": 16.746666664992002,
        "ce": 7,
        "cc": 9,
        "z": 0.5799999999999996
    },
    "43": {
        "cost": 16.779999998322,
        "ce": 7,
        "cc": 8,
        "z": 0.5299999999999996
    },
    "44": {
        "cost": 16.819999998318004,
        "ce": 7,
        "cc": 9,
        "z": 0.5699999999999996
    },
    "45": {
        "cost": 16.853333331648003,
        "ce": 7,
        "cc": 8,
        "z": 0.5199999999999996
    },
    "46": {
        "cost": 16.893333331644,
        "ce": 7,
        "cc": 9,
        "z": 0.5599999999999996
    },
    "47": {
        "cost": 16.926666664974,
        "ce": 7,
        "cc": 8,
        "z": 0.5099999999999996
    },
    "48": {
        "cost": 16.966666664970003,
        "ce": 7,
        "cc": 9,
        "z": 0.5499999999999996
    },
    "49": {
        "cost": 17.039999998296,
        "ce": 7,
        "cc": 9,
        "z": 0.5399999999999996
    },
    "50": {
        "cost": 17.9999999982,
        "ce": 8,
        "cc": 8,
        "z": 0.49999999999999956
    },
    "51": {
        "cost": 18.073333331526,
        "ce": 8,
        "cc": 8,
        "z": 0.48999999999999955
    },
    "52": {
        "cost": 18.106666664856004,
        "ce": 8,
        "cc": 7,
        "z": 0.4399999999999995
    },
    "53": {
        "cost": 18.146666664852,
        "ce": 8,
        "cc": 8,
        "z": 0.47999999999999954
    },
    "54": {
        "cost": 18.179999998182005,
        "ce": 8,
        "cc": 7,
        "z": 0.4299999999999995
    },
    "55": {
        "cost": 18.219999998178,
        "ce": 8,
        "cc": 8,
        "z": 0.46999999999999953
    },
    "56": {
        "cost": 18.253333331508006,
        "ce": 8,
        "cc": 7,
        "z": 0.4199999999999995
    },
    "57": {
        "cost": 18.293333331504,
        "ce": 8,
        "cc": 8,
        "z": 0.4599999999999995
    },
    "58": {
        "cost": 18.366666664830003,
        "ce": 8,
        "cc": 8,
        "z": 0.4499999999999995
    },
    "59": {
        "cost": 19.326666664734002,
        "ce": 9,
        "cc": 7,
        "z": 0.4099999999999995
    },
    "60": {
        "cost": 19.399999998060004,
        "ce": 9,
        "cc": 7,
        "z": 0.39999999999999947
    },
    "61": {
        "cost": 19.433333331390003,
        "ce": 9,
        "cc": 6,
        "z": 0.3499999999999994
    },
    "62": {
        "cost": 19.473333331386005,
        "ce": 9,
        "cc": 7,
        "z": 0.38999999999999946
    },
    "63": {
        "cost": 19.506666664716004,
        "ce": 9,
        "cc": 6,
        "z": 0.3399999999999994
    },
    "64": {
        "cost": 19.546666664712003,
        "ce": 9,
        "cc": 7,
        "z": 0.37999999999999945
    },
    "65": {
        "cost": 19.579999998042005,
        "ce": 9,
        "cc": 6,
        "z": 0.3299999999999994
    },
    "66": {
        "cost": 19.619999998038004,
        "ce": 9,
        "cc": 7,
        "z": 0.36999999999999944
    },