{
    "0": {
        "cost": 66.8427586193528,
        "ce": 8,
        "cc": 40,
        "z": 0.88
    },
    "1": {
        "cost": 66.9762068952122,
        "ce": 8,
        "cc": 40,
        "z": 0.87
    },
    "2": {
        "cost": 67.4199999986516,
        "ce": 9,
        "cc": 39,
        "z": 0.86
    },
    "3": {
        "cost": 67.553448274511,
        "ce": 9,
        "cc": 39,
        "z": 0.85
    },
    "4": {
        "cost": 67.68689655037039,
        "ce": 9,
        "cc": 39,
        "z": 0.84
    },
    "5": {
        "cost": 68.1306896538098,
        "ce": 10,
        "cc": 38,
        "z": 0.83
    },
    "6": {
        "cost": 68.2641379296692,
        "ce": 10,
        "cc": 38,
        "z": 0.82
    },
    "7": {
        "cost": 68.7079310331086,
        "ce": 11,
        "cc": 37,
        "z": 0.8099999999999999
    },
    "8": {
        "cost": 68.84137930896799,
        "ce": 11,
        "cc": 37,
        "z": 0.7999999999999999
    },
    "9": {
        "cost": 69.2851724124074,
        "ce": 12,
        "cc": 36,
        "z": 0.7899999999999999
    },
    "10": {
        "cost": 69.4186206882668,
        "ce": 12,
        "cc": 36,
        "z": 0.7799999999999999
    },
    "11": {
        "cost": 69.5520689641262,
        "ce": 12,
        "cc": 36,
        "z": 0.7699999999999999
    },
    "12": {
        "cost": 69.9958620675656,
        "ce": 13,
        "cc": 35,
        "z": 0.7599999999999999
    },
    "13": {
        "cost": 70.129310343425,
        "ce": 13,
        "cc": 35,
        "z": 0.7499999999999999
    },
    "14": {
        "cost": 70.5731034468644,
        "ce": 14,
        "cc": 34,
        "z": 0.7399999999999999
    },
    "15": {
        "cost": 70.7065517227238,
        "ce": 14,
        "cc": 34,
        "z": 0.7299999999999999
    },
    "16": {
        "cost": 71.2837931020226,
        "ce": 15,
        "cc": 33,
        "z": 0.7099999999999999
    },
    "17": {
        "cost": 71.8399999985632,
        "ce": 15,
        "cc": 34,
        "z": 0.7199999999999999
    },
    "18": {
        "cost": 71.86103448132141,
        "ce": 16,
        "cc": 32,
        "z": 0.6899999999999998
    },
    "19": {
        "cost": 71.9944827571808,
        "ce": 16,
        "cc": 32,
        "z": 0.6799999999999998
    },
    "20": {
        "cost": 72.417241377862,
        "ce": 16,
        "cc": 33,
        "z": 0.6999999999999998
    },
    "21": {
        "cost": 72.5717241364796,
        "ce": 17,
        "cc": 31,
        "z": 0.6599999999999998
    },
    "22": {
        "cost": 73.12793103302019,
        "ce": 17,
        "cc": 32,
        "z": 0.6699999999999998
    },
    "23": {
        "cost": 73.1489655157784,
        "ce": 18,
        "cc": 30,
        "z": 0.6399999999999998
    },
    "24": {
        "cost": 73.70517241231899,
        "ce": 18,
        "cc": 31,
        "z": 0.6499999999999998
    },
    "25": {
        "cost": 73.7262068950772,
        "ce": 19,
        "cc": 29,
        "z": 0.6199999999999998
    },
    "26": {
        "cost": 73.85965517093659,
        "ce": 19,
        "cc": 29,
        "z": 0.6099999999999998
    },
    "27": {
        "cost": 74.2824137916178,
        "ce": 19,
        "cc": 30,
        "z": 0.6299999999999998
    },
    "28": {
        "cost": 74.43689655023539,
        "ce": 20,
        "cc": 28,
        "z": 0.5899999999999997
    },
    "29": {
        "cost": 74.993103446776,
        "ce": 20,
        "cc": 29,
        "z": 0.5999999999999998
    }
}