{
    "0": {
        "cost": 53.660000001598966,
        "ce": 20,
        "cc": 4,
        "z": 0.06999999999999926
    },
    "1": {
        "cost": 54.04000000165597,
        "ce": 20,
        "cc": 4,
        "z": 0.07999999999999925
    },
    "2": {
        "cost": 54.42000000171297,
        "ce": 20,
        "cc": 4,
        "z": 0.08999999999999925
    },
    "3": {
        "cost": 54.800000001769966,
        "ce": 20,
        "cc": 4,
        "z": 0.09999999999999924
    },
    "4": {
        "cost": 55.18000000182696,
        "ce": 20,
        "cc": 4,
        "z": 0.10999999999999924
    },
    "5": {
        "cost": 57.94000000224097,
        "ce": 19,
        "cc": 5,
        "z": 0.12999999999999923
    },
    "6": {
        "cost": 58.320000002297974,
        "ce": 19,
        "cc": 5,
        "z": 0.13999999999999924
    },
    "7": {
        "cost": 58.56000000218397,
        "ce": 20,
        "cc": 5,
        "z": 0.11999999999999923
    },
    "8": {
        "cost": 58.70000000235497,
        "ce": 19,
        "cc": 5,
        "z": 0.14999999999999925
    },
    "9": {
        "cost": 61.84000000282597,
        "ce": 18,
        "cc": 6,
        "z": 0.17999999999999927
    },
    "10": {
        "cost": 62.08000000271197,
        "ce": 19,
        "cc": 6,
        "z": 0.15999999999999925
    },
    "11": {
        "cost": 62.22000000288297,
        "ce": 18,
        "cc": 6,
        "z": 0.18999999999999928
    },
    "12": {
        "cost": 62.46000000276897,
        "ce": 19,
        "cc": 6,
        "z": 0.16999999999999926
    },
    "13": {
        "cost": 62.600000002939964,
        "ce": 18,
        "cc": 6,
        "z": 0.1999999999999993
    },
    "14": {
        "cost": 65.74000000341097,
        "ce": 17,
        "cc": 7,
        "z": 0.22999999999999932
    },
    "15": {
        "cost": 65.98000000329696,
        "ce": 18,
        "cc": 7,
        "z": 0.2099999999999993
    },
    "16": {
        "cost": 66.12000000346796,
        "ce": 17,
        "cc": 7,
        "z": 0.23999999999999932
    },
    "17": {
        "cost": 66.36000000335397,
        "ce": 18,
        "cc": 7,
        "z": 0.2199999999999993
    },
    "18": {
        "cost": 66.50000000352497,
        "ce": 17,
        "cc": 7,
        "z": 0.24999999999999933
    },
    "19": {
        "cost": 69.88000000388197,
        "ce": 17,
        "cc": 8,
        "z": 0.25999999999999934
    },
    "20": {
        "cost": 70.02000000405297,
        "ce": 16,
        "cc": 8,
        "z": 0.28999999999999937
    },
    "21": {
        "cost": 70.26000000393897,
        "ce": 17,
        "cc": 8,
        "z": 0.26999999999999935
    },
    "22": {
        "cost": 70.40000000410998,
        "ce": 16,
        "cc": 8,
        "z": 0.2999999999999994
    },
    "23": {
        "cost": 70.64000000399598,
        "ce": 17,
        "cc": 8,
        "z": 0.27999999999999936
    },
    "24": {
        "cost": 73.78000000446698,
        "ce": 16,
        "cc": 9,
        "z": 0.3099999999999994
    },
    "25": {
        "cost": 73.92000000463798,
        "ce": 15,
        "cc": 9,
        "z": 0.3399999999999994
    },
    "26": {
        "cost": 74.16000000452397,
        "ce": 16,
        "cc": 9,
        "z": 0.3199999999999994
    },
    "27": {
        "cost": 74.30000000469498,
        "ce": 15,
        "cc": 9,
        "z": 0.3499999999999994
    },
    "28": {
        "cost": 74.54000000458097,
        "ce": 16,
        "cc": 9,
        "z": 0.3299999999999994
    },
    "29": {
        "cost": 77.68000000505198,
        "ce": 15,
        "cc": 10,
        "z": 0.35999999999999943
    },
    "30": {
        "cost": 77.82000000522298,
        "ce": 14,
        "cc": 10,
        "z": 0.38999999999999946
    },
    "31": {
        "cost": 78.06000000510898,
        "ce": 15,
        "cc": 10,
        "z": 0.36999999999999944
    },
    "32": {
        "cost": 78.20000000527997,
        "ce": 14,
        "cc": 10,
        "z": 0.39999999999999947
    },
    "33": {
        "cost": 78.44000000516597,
        "ce": 15,
        "cc": 10,
        "z": 0.37999999999999945
    },
    "34": {
        "cost": 78.58000000533698,
        "ce": 14,
        "cc": 10,
        "z": 0.4099999999999995
    },
    "35": {
        "cost": 81.72000000580798,
        "ce": 13,
        "cc": 11,
        "z": 0.4399999999999995
    },
    "36": {
        "cost": 81.96000000569398,
        "ce": 14,
        "cc": 11,
        "z": 0.4199999999999995
    },
    "37": {
        "cost": 82.10000000586498,
        "ce": 13,
        "cc": 11,
        "z": 0.4499999999999995
    },
    "38": {
        "cost": 82.340000005751,
        "ce": 14,
        "cc": 11,
        "z": 0.4299999999999995
    },
    "39": {
        "cost": 82.48000000592198,
        "ce": 13,
        "cc": 11,
        "z": 0.4599999999999995
    },
    "40": {
        "cost": 85.62000000639298,
        "ce": 12,
        "cc": 12,
        "z": 0.48999999999999955
    },
    "41": {
        "cost": 85.86000000627898,
        "ce": 13,
        "cc": 12,
        "z": 0.46999999999999953
    },
    "42": {
        "cost": 86.00000000644998,
        "ce": 12,
        "cc": 12,
        "z": 0.49999999999999956
    },
    "43": {
        "cost": 86.24000000633599,
        "ce": 13,
        "cc": 12,
        "z": 0.47999999999999954
    },
    "44": {
        "cost": 86.38000000650699,
        "ce": 12,
        "cc": 12,
        "z": 0.5099999999999996
    },
    "45": {
        "cost": 89.52000000697798,
        "ce": 11,
        "cc": 13,
        "z": 0.5399999999999996
    },
    "46": {
        "cost": 89.76000000686398,
        "ce": 12,
        "cc": 13,
        "z": 0.5199999999999996
    },
    "47": {
        "cost": 89.90000000703499,
        "ce": 11,
        "cc": 13,
        "z": 0.5499999999999996
    },
    "48": {
        "cost": 90.14000000692099,
        "ce": 12,
        "cc": 13,
        "z": 0.5299999999999996
    },
    "49": {
        "cost": 90.28000000709199,
        "ce": 11,
        "cc": 13,
        "z": 0.5599999999999996
    },
    "50": {
        "cost": 93.42000000756299,
        "ce": 10,
        "cc": 14,
        "z": 0.5899999999999996
    },
    "51": {
        "cost": 93.66000000744899,
        "ce": 11,
        "cc": 14,
        "z": 0.5699999999999996
    },
    "52": {
        "cost": 93.80000000761999,
        "ce": 10,
        "cc": 14,
        "z": 0.5999999999999996
    },
    "53": {
        "cost": 94.040000007506,
        "ce": 11,
        "cc": 14,
        "z": 0.5799999999999996
    },
    "54": {
        "cost": 94.180000007677,
        "ce": 10,
        "cc": 14,
        "z": 0.6099999999999997
    },
    "55": {
        "cost": 97.560000008034,
        "ce": 10,
        "cc": 15,
        "z": 0.6199999999999997
    },
    "56": {
        "cost": 97.700000008205,
        "ce": 9,
        "cc": 15,
        "z": 0.6499999999999997
    },
    "57": {
        "cost": 97.94000000809099,
        "ce": 10,
        "cc": 15,
        "z": 0.6299999999999997
    },
    "58": {
        "cost": 98.080000008262,
        "ce": 9,
        "cc": 15,
        "z": 0.6599999999999997
    },
    "59": {
        "cost": 98.32000000814799,
        "ce": 10,
        "cc": 15,
        "z": 0.6399999999999997
    },
    "60": {
        "cost": 101.46000000861899,
        "ce": 9,
        "cc": 16,
        "z": 0.6699999999999997
    },
    "61": {
        "cost": 101.60000000878999,
        "ce": 8,
        "cc": 16,
        "z": 0.6999999999999997
    },
    "62": {
        "cost": 101.84000000867599,
        "ce": 9,
        "cc": 16,
        "z": 0.6799999999999997
    },
    "63": {
        "cost": 101.98000000884699,
        "ce": 8,
        "cc": 16,
        "z": 0.7099999999999997
    },
    "64": {
        "cost": 102.220000008733,
        "ce": 9,
        "cc": 16,
        "z": 0.6899999999999997
    },
    "65": {
        "cost": 102.360000008904,
        "ce": 8,
        "cc": 16,