{
    "0": {
        "cost": 19.666666664699996,
        "ce": 0,
        "cc": 31,
        "z": 1.0
    },
    "1": {
        "cost": 21.519999997847997,
        "ce": 2,
        "cc": 30,
        "z": 0.99
    },
    "2": {
        "cost": 22.706666664396,
        "ce": 3,
        "cc": 30,
        "z": 0.98
    },
    "3": {
        "cost": 22.893333331043998,
        "ce": 3,
        "cc": 30,
        "z": 0.97
    },
    "4": {
        "cost": 23.079999997692,
        "ce": 3,
        "cc": 30,
        "z": 0.96
    },
    "5": {
        "cost": 23.93333333094,
        "ce": 4,
        "cc": 29,
        "z": 0.95
    },
    "6": {
        "cost": 24.119999997587996,
        "ce": 4,
        "cc": 29,
        "z": 0.94
    },
    "7": {
        "cost": 24.306666664235998,
        "ce": 4,
        "cc": 29,
        "z": 0.9299999999999999
    },
    "8": {
        "cost": 25.346666664132,
        "ce": 5,
        "cc": 28,
        "z": 0.9099999999999999
    },
    "9": {
        "cost": 25.493333330783997,
        "ce": 5,
        "cc": 29,
        "z": 0.9199999999999999
    },
    "10": {
        "cost": 25.53333333078,
        "ce": 5,
        "cc": 28,
        "z": 0.8999999999999999
    },
    "11": {
        "cost": 26.573333330676,
        "ce": 6,
        "cc": 27,
        "z": 0.8799999999999999
    },
    "12": {
        "cost": 26.719999997328,
        "ce": 6,
        "cc": 28,
        "z": 0.8899999999999999
    },
    "13": {
        "cost": 26.759999997324,
        "ce": 6,
        "cc": 27,
        "z": 0.8699999999999999
    },
    "14": {
        "cost": 26.946666663972003,
        "ce": 6,
        "cc": 27,
        "z": 0.8599999999999999
    },
    "15": {
        "cost": 27.986666663868,
        "ce": 7,
        "cc": 26,
        "z": 0.8399999999999999
    },
    "16": {
        "cost": 28.133333330520003,
        "ce": 7,
        "cc": 27,
        "z": 0.8499999999999999
    },
    "17": {
        "cost": 28.173333330516,
        "ce": 7,
        "cc": 26,
        "z": 0.8299999999999998
    },
    "18": {
        "cost": 29.359999997064,
        "ce": 8,
        "cc": 26,
        "z": 0.8199999999999998
    },
    "19": {
        "cost": 29.39999999706,
        "ce": 8,
        "cc": 25,
        "z": 0.7999999999999998
    },
    "20": {
        "cost": 29.546666663712003,
        "ce": 8,
        "cc": 26,
        "z": 0.8099999999999998
    },
    "21": {
        "cost": 30.586666663608,
        "ce": 9,
        "cc": 25,
        "z": 0.7899999999999998
    },
    "22": {
        "cost": 30.626666663604,
        "ce": 9,
        "cc": 24,
        "z": 0.7699999999999998
    },
    "23": {
        "cost": 30.773333330256,
        "ce": 9,
        "cc": 25,
        "z": 0.7799999999999998
    },
    "24": {
        "cost": 30.813333330252,
        "ce": 9,
        "cc": 24,
        "z": 0.7599999999999998
    },
    "25": {
        "cost": 31.999999996800003,
        "ce": 10,
        "cc": 24,
        "z": 0.7499999999999998
    },
    "26": {
        "cost": 32.039999996796,
        "ce": 10,
        "cc": 23,
        "z": 0.7299999999999998
    },
    "27": {
        "cost": 32.186666663448,
        "ce": 10,
        "cc": 24,
        "z": 0.7399999999999998
    },
    "28": {
        "cost": 32.226666663444,
        "ce": 10,
        "cc": 23,
        "z": 0.7199999999999998
    },
    "29": {
        "cost": 33.266666663340004,
        "ce": 11,
        "cc": 22,
        "z": 0.6999999999999997
    },
    "30": {
        "cost": 33.413333329992,
        "ce": 11,
        "cc": 23,
        "z": 0.7099999999999997
    },
    "31": {
        "cost": 33.453333329988006,
        "ce": 11,
        "cc": 22,
        "z": 0.6899999999999997
    },
    "32": {
        "cost": 34.639999996536005,
        "ce": 12,
        "cc": 22,
        "z": 0.6799999999999997
    },
    "33": {
        "cost": 34.67999999653201,
        "ce": 12,
        "cc": 21,
        "z": 0.6599999999999997
    },
    "34": {
        "cost": 34.82666666318401,
        "ce": 12,
        "cc": 22,
        "z": 0.6699999999999997
    },
    "35": {
        "cost": 35.866666663080004,
        "ce": 13,
        "cc": 21,
        "z": 0.6499999999999997
    },
    "36": {
        "cost": 35.90666666307601,
        "ce": 13,
        "cc": 20,
        "z": 0.6299999999999997
    },
    "37": {
        "cost": 36.053333329728005,
        "ce": 13,
        "cc": 21,
        "z": 0.6399999999999997
    },
    "38": {
        "cost": 36.093333329724004,
        "ce": 13,
        "cc": 20,
        "z": 0.6199999999999997
    },
    "39": {
        "cost": 37.27999999627201,
        "ce": 14,
        "cc": 20,
        "z": 0.6099999999999997
    },
    "40": {
        "cost": 37.31999999626801,
        "ce": 14,
        "cc": 19,
        "z": 0.5899999999999996
    },
    "41": {
        "cost": 37.466666662920005,
        "ce": 14,
        "cc": 20,
        "z": 0.5999999999999996
    },
    "42": {
        "cost": 38.506666662816,
        "ce": 15,
        "cc": 19,
        "z": 0.5799999999999996
    },
    "43": {
        "cost": 38.54666666281201,
        "ce": 15,
        "cc": 18,
        "z": 0.5599999999999996
    },
    "44": {
        "cost": 38.693333329464004,
        "ce": 15,
        "cc": 19,
        "z": 0.5699999999999996
    },
    "45": {
        "cost": 38.73333332946,
        "ce": 15,
        "cc": 18,
        "z": 0.5499999999999996
    },
    "46": {
        "cost": 39.91999999600801,
        "ce": 16,
        "cc": 18,
        "z": 0.5399999999999996
    },
    "47": {
        "cost": 39.95999999600401,
        "ce": 16,
        "cc": 17,
        "z": 0.5199999999999996
    },
    "48": {
        "cost": 40.106666662656,
        "ce": 16,
        "cc": 18,
        "z": 0.5299999999999996
    },
    "49": {
        "cost": 41.14666666255201,
        "ce": 17,
        "cc": 17,
        "z": 0.5099999999999996
    },
    "50": {
        "cost": 41.3333333292,
        "ce": 17,
        "cc": 17,
        "z": 0.49999999999999956
    },
    "51": {
        "cost": 41.373333329196,
        "ce": 17,
        "cc": 16,
        "z": 0.47999999999999954
    },
    "52": {
        "cost": 41.519999995848,
        "ce": 17,
        "cc": 17,
        "z": 0.48999999999999955
    },
    "53": {
        "cost": 42.55999999574401,
        "ce": 18,
        "cc": 16,
        "z": 0.46999999999999953
    },
    "54": {
        "cost": 42.599999995740006,
        "ce": 18,
        "cc": 15,
        "z": 0.4499999999999995
    },
    "55": {
        "cost": 42.746666662392,
        "ce": 18,
        "cc": 16,
        "z": 0.4599999999999995
    },
    "56": {
        "cost": 42.78666666238801,
        "ce": 18,
        "cc": 15,
        "z": 0.4399999999999995
    },
    "57": {
        "cost": 43.97333332893601,
        "ce": 19,
        "cc": 15,
        "z": 0.4299999999999995
    },
    "58": {
        "cost": 44.01333332893202,
        "ce": 19,
        "cc": 14,
        "z": 0.4099999999999995
    },
    "59": {
        "cost": 44.15999999558401,
        "ce": 19,
        "cc": 15,
        "z": 0.4199999999999995
    },
    "60": {
        "cost": 45.199999995480006,
        "ce": 20,
        "cc": 14,
        "z": 0.39999999999999947
    },
    "61": {
        "cost": 45.23999999547601,
        "ce": 20,
        "cc": 13,
        "z": 0.37999999999999945
    },
    "62": {
        "cost": 45.386666662128015,
        "ce": 20,
        "cc": 14,
        "z": 0.38999999999999946
    },
    "63": {
        "cost": 45.426666662124006,
        "ce": 20,
        "cc": 13,
        "z": 0.36999999999999944
    }
}