{
    "0": {
        "cost": 26.8965517236,
        "ce": 0,
        "cc": 21,
        "z": 1.0
    },
    "1": {
        "cost": 28.318620689088803,
        "ce": 2,
        "cc": 20,
        "z": 0.98
    },
    "2": {
        "cost": 28.374482758053198,
        "ce": 2,
        "cc": 20,
        "z": 0.97
    },
    "3": {
        "cost": 28.952413792524396,
        "ce": 2,
        "cc": 21,
        "z": 0.99
    },
    "4": {
        "cost": 28.964137930455202,
        "ce": 3,
        "cc": 19,
        "z": 0.9199999999999999
    },
    "5": {
        "cost": 29.430344826997597,
        "ce": 3,
        "cc": 20,
        "z": 0.96
    },
    "6": {
        "cost": 29.486206895962,
        "ce": 3,
        "cc": 20,
        "z": 0.95
    },
    "7": {
        "cost": 29.5420689649264,
        "ce": 3,
        "cc": 20,
        "z": 0.94
    },
    "8": {
        "cost": 29.5979310338908,
        "ce": 3,
        "cc": 20,
        "z": 0.9299999999999999
    },
    "9": {
        "cost": 30.019999999399595,
        "ce": 4,
        "cc": 19,
        "z": 0.9099999999999999
    },
    "10": {
        "cost": 30.075862068363996,
        "ce": 4,
        "cc": 19,
        "z": 0.8999999999999999
    },
    "11": {
        "cost": 30.131724137328398,
        "ce": 4,
        "cc": 19,
        "z": 0.8899999999999999
    },
    "12": {
        "cost": 30.1875862062928,
        "ce": 4,
        "cc": 19,
        "z": 0.8799999999999999
    },
    "13": {
        "cost": 30.553793102837197,
        "ce": 5,
        "cc": 18,
        "z": 0.8699999999999999
    },
    "14": {
        "cost": 30.6096551718016,
        "ce": 5,
        "cc": 18,
        "z": 0.8599999999999999
    },
    "15": {
        "cost": 30.665517240765997,
        "ce": 5,
        "cc": 18,
        "z": 0.8499999999999999
    },
    "16": {
        "cost": 30.7213793097304,
        "ce": 5,
        "cc": 18,
        "z": 0.8399999999999999
    },
    "17": {
        "cost": 30.777241378694796,
        "ce": 5,
        "cc": 18,
        "z": 0.8299999999999998
    },
    "18": {
        "cost": 30.833103447659198,
        "ce": 5,
        "cc": 18,
        "z": 0.8199999999999998
    },
    "19": {
        "cost": 31.199310344203596,
        "ce": 6,
        "cc": 17,
        "z": 0.8099999999999998
    },
    "20": {
        "cost": 31.255172413167998,
        "ce": 6,
        "cc": 17,
        "z": 0.7999999999999998
    },
    "21": {
        "cost": 31.3110344821324,
        "ce": 6,
        "cc": 17,
        "z": 0.7899999999999998
    },
    "22": {
        "cost": 31.3668965510968,
        "ce": 6,
        "cc": 17,
        "z": 0.7799999999999998
    },
    "23": {
        "cost": 31.4227586200612,
        "ce": 6,
        "cc": 17,
        "z": 0.7699999999999998
    },
    "24": {
        "cost": 31.7889655166056,
        "ce": 7,
        "cc": 16,
        "z": 0.7599999999999998
    },
    "25": {
        "cost": 31.844827585569995,
        "ce": 7,
        "cc": 16,
        "z": 0.7499999999999998
    },
    "26": {
        "cost": 31.900689654534396,
        "ce": 7,
        "cc": 16,
        "z": 0.7399999999999998
    },
    "27": {
        "cost": 31.956551723498798,
        "ce": 7,
        "cc": 16,
        "z": 0.7299999999999998
    },
    "28": {
        "cost": 32.0124137924632,
        "ce": 7,
        "cc": 16,
        "z": 0.7199999999999998
    },
    "29": {
        "cost": 32.434482757972,
        "ce": 8,
        "cc": 15,
        "z": 0.6999999999999997
    },
    "30": {
        "cost": 32.49034482693639,
        "ce": 8,
        "cc": 15,
        "z": 0.6899999999999997
    },
    "31": {
        "cost": 32.546206895900795,
        "ce": 8,
        "cc": 15,
        "z": 0.6799999999999997
    },
    "32": {
        "cost": 32.6020689648652,
        "ce": 8,
        "cc": 15,
        "z": 0.6699999999999997
    },
    "33": {
        "cost": 32.6579310338296,
        "ce": 8,
        "cc": 15,
        "z": 0.6599999999999997
    },
    "34": {
        "cost": 33.0682758614076,
        "ce": 8,
        "cc": 16,
        "z": 0.7099999999999997
    },
    "35": {
        "cost": 33.0799999993384,
        "ce": 9,
        "cc": 14,
        "z": 0.6399999999999997
    },
    "36": {
        "cost": 33.1358620683028,
        "ce": 9,
        "cc": 14,
        "z": 0.6299999999999997
    },
    "37": {
        "cost": 33.1917241372672,
        "ce": 9,
        "cc": 14,
        "z": 0.6199999999999997
    },
    "38": {
        "cost": 33.2475862062316,
        "ce": 9,
        "cc": 14,
        "z": 0.6099999999999997
    },
    "39": {
        "cost": 33.669655171740395,
        "ce": 10,
        "cc": 13,
        "z": 0.5899999999999996
    },
    "40": {
        "cost": 33.713793102774,
        "ce": 9,
        "cc": 15,
        "z": 0.6499999999999997
    },
    "41": {
        "cost": 33.7255172407048,
        "ce": 10,
        "cc": 13,
        "z": 0.5799999999999996
    },
    "42": {
        "cost": 33.7813793096692,
        "ce": 10,
        "cc": 13,
        "z": 0.5699999999999996
    },
    "43": {
        "cost": 33.8372413786336,
        "ce": 10,
        "cc": 13,
        "z": 0.5599999999999996
    },
    "44": {
        "cost": 33.893103447598,
        "ce": 10,
        "cc": 13,
        "z": 0.5499999999999996
    },
    "45": {
        "cost": 34.2593103441424,
        "ce": 11,
        "cc": 12,
        "z": 0.5399999999999996
    },
    "46": {
        "cost": 34.303448275175995,
        "ce": 10,
        "cc": 14,
        "z": 0.5999999999999996
    },
    "47": {
        "cost": 34.3151724131068,
        "ce": 11,
        "cc": 12,
        "z": 0.5299999999999996
    },
    "48": {
        "cost": 34.371034482071195,
        "ce": 11,
        "cc": 12,
        "z": 0.5199999999999996
    },
    "49": {
        "cost": 34.4268965510356,
        "ce": 11,
        "cc": 12,
        "z": 0.5099999999999996
    },
    "50": {
        "cost": 34.48275862,
        "ce": 11,
        "cc": 12,
        "z": 0.49999999999999956
    },
    "51": {
        "cost": 34.9048275855088,
        "ce": 12,
        "cc": 11,
        "z": 0.47999999999999954
    },
    "52": {
        "cost": 34.9606896544732,
        "ce": 12,
        "cc": 11,
        "z": 0.46999999999999953
    },
    "53": {
        "cost": 35.0165517234376,
        "ce": 12,
        "cc": 11,
        "z": 0.4599999999999995
    },
    "54": {
        "cost": 35.072413792402,
        "ce": 12,
        "cc": 11,
        "z": 0.4499999999999995
    },
    "55": {
        "cost": 35.1282758613664,
        "ce": 12,
        "cc": 11,
        "z": 0.4399999999999995
    },
    "56": {
        "cost": 35.494482757910795,
        "ce": 13,
        "cc": 10,
        "z": 0.4299999999999995
    },
    "57": {
        "cost": 35.5386206889444,
        "ce": 12,
        "cc": 12,
        "z": 0.48999999999999955
    },
    "58": {
        "cost": 35.550344826875204,
        "ce": 13,
        "cc": 10,
        "z": 0.4199999999999995
    },
    "59": {
        "cost": 35.6062068958396,
        "ce": 13,
        "cc": 10,
        "z": 0.4099999999999995
    },
    "60": {
        "cost": 35.662068964804,
        "ce": 13,
        "cc": 10,
        "z": 0.39999999999999947
    },
    "61": {
        "cost": 35.7179310337684,
        "ce": 13,
        "cc": 10,
        "z": 0.38999999999999946
    },
    "62": {
        "cost": 36.13999999927721,
        "ce": 14,
        "cc": 9,
        "z": 0.36999999999999944
    },
    "63": {
        "cost": 36.1958620682416,
        "ce": 14,
        "cc": 9,
        "z": 0.35999999999999943
    },
    "64": {
        "cost": 36.251724137206004,
        "ce": 14,
        "cc": 9,
        "z": 0.3499999999999994
    },
    "65": {
        "cost": 36.307586206170406,
        "ce": 14,
        "cc": 9,
        "z": 0.3399999999999994
    },
    "66": {
        "cost": 36.3634482751348,
        "ce": 14,
        "cc": 9,
        "z": 0.3299999999999994
    },