{
    "0": {
        "cost": 13.6666666653,
        "ce": 0,
        "cc": 22,
        "z": 1.0
    },
    "1": {
        "cost": 15.713333331762001,
        "ce": 2,
        "cc": 21,
        "z": 0.97
    },
    "2": {
        "cost": 15.793333331753999,
        "ce": 2,
        "cc": 22,
        "z": 0.99
    },
    "3": {
        "cost": 15.919999998408,
        "ce": 2,
        "cc": 22,
        "z": 0.98
    },
    "4": {
        "cost": 16.839999998316,
        "ce": 3,
        "cc": 21,
        "z": 0.96
    },
    "5": {
        "cost": 16.886666664978,
        "ce": 3,
        "cc": 20,
        "z": 0.9299999999999999
    },
    "6": {
        "cost": 16.966666664970003,
        "ce": 3,
        "cc": 21,
        "z": 0.95
    },
    "7": {
        "cost": 17.013333331632,
        "ce": 3,
        "cc": 20,
        "z": 0.9199999999999999
    },
    "8": {
        "cost": 17.093333331624002,
        "ce": 3,
        "cc": 21,
        "z": 0.94
    },
    "9": {
        "cost": 18.139999998186,
        "ce": 4,
        "cc": 20,
        "z": 0.9099999999999999
    },
    "10": {
        "cost": 18.266666664840002,
        "ce": 4,
        "cc": 20,
        "z": 0.8999999999999999
    },
    "11": {
        "cost": 18.393333331494002,
        "ce": 4,
        "cc": 20,
        "z": 0.8899999999999999
    },
    "12": {
        "cost": 18.519999998148002,
        "ce": 4,
        "cc": 20,
        "z": 0.8799999999999999
    },
    "13": {
        "cost": 19.313333331402,
        "ce": 5,
        "cc": 19,
        "z": 0.8699999999999999
    },
    "14": {
        "cost": 19.439999998056003,
        "ce": 5,
        "cc": 19,
        "z": 0.8599999999999999
    },
    "15": {
        "cost": 19.566666664710002,
        "ce": 5,
        "cc": 19,
        "z": 0.8499999999999999
    },
    "16": {
        "cost": 19.693333331364002,
        "ce": 5,
        "cc": 19,
        "z": 0.8399999999999999
    },
    "17": {
        "cost": 19.819999998018,
        "ce": 5,
        "cc": 19,
        "z": 0.8299999999999998
    },
    "18": {
        "cost": 20.613333331272003,
        "ce": 6,
        "cc": 18,
        "z": 0.8199999999999998
    },
    "19": {
        "cost": 20.739999997926002,
        "ce": 6,
        "cc": 18,
        "z": 0.8099999999999998
    },
    "20": {
        "cost": 20.866666664580002,
        "ce": 6,
        "cc": 18,
        "z": 0.7999999999999998
    },
    "21": {
        "cost": 20.993333331234002,
        "ce": 6,
        "cc": 18,
        "z": 0.7899999999999998
    },
    "22": {
        "cost": 21.119999997888005,
        "ce": 6,
        "cc": 18,
        "z": 0.7799999999999998
    },
    "23": {
        "cost": 21.913333331142002,
        "ce": 7,
        "cc": 17,
        "z": 0.7699999999999998
    },
    "24": {
        "cost": 22.039999997796006,
        "ce": 7,
        "cc": 17,
        "z": 0.7599999999999998
    },
    "25": {
        "cost": 22.166666664450002,
        "ce": 7,
        "cc": 17,
        "z": 0.7499999999999998
    },
    "26": {
        "cost": 22.293333331104,
        "ce": 7,
        "cc": 17,
        "z": 0.7399999999999998
    },
    "27": {
        "cost": 22.419999997758005,
        "ce": 7,
        "cc": 17,
        "z": 0.7299999999999998
    },
    "28": {
        "cost": 23.213333331012002,
        "ce": 8,
        "cc": 16,
        "z": 0.7199999999999998
    },
    "29": {
        "cost": 23.339999997666002,
        "ce": 8,
        "cc": 16,
        "z": 0.7099999999999997
    },
    "30": {
        "cost": 23.46666666432,
        "ce": 8,
        "cc": 16,
        "z": 0.6999999999999997
    },
    "31": {
        "cost": 23.593333330974005,
        "ce": 8,
        "cc": 16,
        "z": 0.6899999999999997
    },
    "32": {
        "cost": 23.719999997628,
        "ce": 8,
        "cc": 16,
        "z": 0.6799999999999997
    },
    "33": {
        "cost": 23.846666664282004,
        "ce": 8,
        "cc": 16,
        "z": 0.6699999999999997
    },
    "34": {
        "cost": 24.639999997536005,
        "ce": 9,
        "cc": 15,
        "z": 0.6599999999999997
    },
    "35": {
        "cost": 24.766666664190005,
        "ce": 9,
        "cc": 15,
        "z": 0.6499999999999997
    },
    "36": {
        "cost": 24.893333330844005,
        "ce": 9,
        "cc": 15,
        "z": 0.6399999999999997
    },
    "37": {
        "cost": 25.019999997498005,
        "ce": 9,
        "cc": 15,
        "z": 0.6299999999999997
    },
    "38": {
        "cost": 25.146666664152004,
        "ce": 9,
        "cc": 15,
        "z": 0.6199999999999997
    },
    "39": {
        "cost": 25.939999997406,
        "ce": 10,
        "cc": 14,
        "z": 0.6099999999999997
    },
    "40": {
        "cost": 26.066666664060005,
        "ce": 10,
        "cc": 14,
        "z": 0.5999999999999996
    },
    "41": {
        "cost": 26.193333330714005,
        "ce": 10,
        "cc": 14,
        "z": 0.5899999999999996
    },
    "42": {
        "cost": 26.319999997368004,
        "ce": 10,
        "cc": 14,
        "z": 0.5799999999999996
    },
    "43": {
        "cost": 26.446666664022004,
        "ce": 10,
        "cc": 14,
        "z": 0.5699999999999996
    },
    "44": {
        "cost": 27.23999999727601,
        "ce": 11,
        "cc": 13,
        "z": 0.5599999999999996
    },
    "45": {
        "cost": 27.366666663930005,
        "ce": 11,
        "cc": 13,
        "z": 0.5499999999999996
    },
    "46": {
        "cost": 27.493333330584,
        "ce": 11,
        "cc": 13,
        "z": 0.5399999999999996
    },
    "47": {
        "cost": 27.619999997238008,
        "ce": 11,
        "cc": 13,
        "z": 0.5299999999999996
    },
    "48": {
        "cost": 27.746666663892004,
        "ce": 11,
        "cc": 13,
        "z": 0.5199999999999996
    },
    "49": {
        "cost": 28.539999997146005,
        "ce": 12,
        "cc": 12,
        "z": 0.5099999999999996
    },
    "50": {
        "cost": 28.666666663800008,
        "ce": 12,
        "cc": 12,
        "z": 0.49999999999999956
    },
    "51": {
        "cost": 28.793333330454008,
        "ce": 12,
        "cc": 12,
        "z": 0.48999999999999955
    },
    "52": {
        "cost": 28.919999997108004,
        "ce": 12,
        "cc": 12,
        "z": 0.47999999999999954
    },
    "53": {
        "cost": 29.04666666376201,
        "ce": 12,
        "cc": 12,
        "z": 0.46999999999999953
    },
    "54": {
        "cost": 29.839999997016008,
        "ce": 13,
        "cc": 11,
        "z": 0.4599999999999995
    },
    "55": {
        "cost": 29.966666663670004,
        "ce": 13,
        "cc": 11,
        "z": 0.4499999999999995
    },
    "56": {
        "cost": 30.09333333032401,
        "ce": 13,
        "cc": 11,
        "z": 0.4399999999999995
    },
    "57": {
        "cost": 30.139999996986006,
        "ce": 13,
        "cc": 10,
        "z": 0.4099999999999995
    },
    "58": {
        "cost": 30.219999996978007,
        "ce": 13,
        "cc": 11,
        "z": 0.4299999999999995
    },
    "59": {
        "cost": 30.346666663632007,
        "ce": 13,
        "cc": 11,
        "z": 0.4199999999999995
    },
    "60": {
        "cost": 31.266666663540008,
        "ce": 14,
        "cc": 10,
        "z": 0.39999999999999947
    },
    "61": {
        "cost": 31.393333330194007,
        "ce": 14,
        "cc": 10,
        "z": 0.38999999999999946
    },
    "62": {
        "cost": 31.519999996848007,
        "ce": 14,
        "cc": 10,
        "z": 0.37999999999999945
    },
    "63": {
        "cost": 31.646666663502007,
        "ce": 14,
        "cc": 10,
        "z": 0.36999999999999944
    },
    "64": {
        "cost": 31.773333330156007,
        "ce": 14,
        "cc": 10,
        "z": 0.35999999999999943
    },
    "65": {
        "cost": 32.566666663410004,
        "ce": 15,
        "cc": 9,
        "z": 0.3499999999999994
    },
    "66": {
        "cost": 32.69333333006401,
        "ce": 15,