{
    "0": {
        "cost": 46.953333328637996,
        "ce": 12,
        "cc": 40,
        "z": 0.81
    },
    "1": {
        "cost": 47.26666666193999,
        "ce": 12,
        "cc": 40,
        "z": 0.8
    },
    "2": {
        "cost": 48.559999995144,
        "ce": 13,
        "cc": 39,
        "z": 0.78
    },
    "3": {
        "cost": 48.579999995141996,
        "ce": 13,
        "cc": 40,
        "z": 0.79
    },
    "4": {
        "cost": 49.853333328348,
        "ce": 14,
        "cc": 38,
        "z": 0.76
    },
    "5": {
        "cost": 49.87333332834601,
        "ce": 14,
        "cc": 39,
        "z": 0.77
    },
    "6": {
        "cost": 51.146666661552,
        "ce": 15,
        "cc": 37,
        "z": 0.74
    },
    "7": {
        "cost": 51.166666661549996,
        "ce": 15,
        "cc": 38,
        "z": 0.75
    },
    "8": {
        "cost": 52.439999994756,
        "ce": 16,
        "cc": 36,
        "z": 0.72
    },
    "9": {
        "cost": 52.45999999475399,
        "ce": 16,
        "cc": 37,
        "z": 0.73
    },
    "10": {
        "cost": 52.753333328058005,
        "ce": 16,
        "cc": 36,
        "z": 0.71
    },
    "11": {
        "cost": 53.73333332796,
        "ce": 17,
        "cc": 35,
        "z": 0.7
    },
    "12": {
        "cost": 54.046666661261995,
        "ce": 17,
        "cc": 35,
        "z": 0.69
    },
    "13": {
        "cost": 55.026666661164,
        "ce": 18,
        "cc": 34,
        "z": 0.6799999999999999
    },
    "14": {
        "cost": 55.339999994466,
        "ce": 18,
        "cc": 34,
        "z": 0.6699999999999999
    },
    "15": {
        "cost": 56.63333332767,
        "ce": 19,
        "cc": 33,
        "z": 0.6499999999999999
    },
    "16": {
        "cost": 56.653333327668,
        "ce": 19,
        "cc": 34,
        "z": 0.6599999999999999
    },
    "17": {
        "cost": 57.926666660874,
        "ce": 20,
        "cc": 32,
        "z": 0.6299999999999999
    },
    "18": {
        "cost": 57.946666660872,
        "ce": 20,
        "cc": 33,
        "z": 0.6399999999999999
    }
}