{
    "0": {
        "cost": 6.9999999993,
        "ce": 0,
        "cc": 12,
        "z": 1.0
    },
    "1": {
        "cost": 8.059999999194,
        "ce": 1,
        "cc": 12,
        "z": 0.99
    },
    "2": {
        "cost": 8.846666665782,
        "ce": 2,
        "cc": 11,
        "z": 0.97
    },
    "3": {
        "cost": 8.906666665776001,
        "ce": 2,
        "cc": 11,
        "z": 0.96
    },
    "4": {
        "cost": 8.96666666577,
        "ce": 2,
        "cc": 11,
        "z": 0.95
    },
    "5": {
        "cost": 9.026666665764,
        "ce": 2,
        "cc": 11,
        "z": 0.94
    },
    "6": {
        "cost": 9.086666665757999,
        "ce": 2,
        "cc": 11,
        "z": 0.9299999999999999
    },
    "7": {
        "cost": 9.119999999088,
        "ce": 2,
        "cc": 12,
        "z": 0.98
    },
    "8": {
        "cost": 9.146666665751999,
        "ce": 2,
        "cc": 11,
        "z": 0.9199999999999999
    },
    "9": {
        "cost": 10.113333332322,
        "ce": 3,
        "cc": 10,
        "z": 0.8699999999999999
    },
    "10": {
        "cost": 10.173333332316,
        "ce": 3,
        "cc": 10,
        "z": 0.8599999999999999
    },
    "11": {
        "cost": 10.206666665645999,
        "ce": 3,
        "cc": 11,
        "z": 0.9099999999999999
    },
    "12": {
        "cost": 10.23333333231,
        "ce": 3,
        "cc": 10,
        "z": 0.8499999999999999
    },
    "13": {
        "cost": 10.26666666564,
        "ce": 3,
        "cc": 11,
        "z": 0.8999999999999999
    },
    "14": {
        "cost": 10.293333332304002,
        "ce": 3,
        "cc": 10,
        "z": 0.8399999999999999
    },
    "15": {
        "cost": 10.326666665634,
        "ce": 3,
        "cc": 11,
        "z": 0.8899999999999999
    },
    "16": {
        "cost": 10.353333332298,
        "ce": 3,
        "cc": 10,
        "z": 0.8299999999999998
    },
    "17": {
        "cost": 10.386666665628,
        "ce": 3,
        "cc": 11,
        "z": 0.8799999999999999
    },
    "18": {
        "cost": 11.413333332192,
        "ce": 4,
        "cc": 10,
        "z": 0.8199999999999998
    },
    "19": {
        "cost": 11.473333332186,
        "ce": 4,
        "cc": 10,
        "z": 0.8099999999999998
    },
    "20": {
        "cost": 11.49999999885,
        "ce": 4,
        "cc": 9,
        "z": 0.7499999999999998
    },
    "21": {
        "cost": 11.53333333218,
        "ce": 4,
        "cc": 10,
        "z": 0.7999999999999998
    },
    "22": {
        "cost": 11.559999998844,
        "ce": 4,
        "cc": 9,
        "z": 0.7399999999999998
    },
    "23": {
        "cost": 11.593333332174002,
        "ce": 4,
        "cc": 10,
        "z": 0.7899999999999998
    },
    "24": {
        "cost": 11.619999998838002,
        "ce": 4,
        "cc": 9,
        "z": 0.7299999999999998
    },
    "25": {
        "cost": 11.653333332168,
        "ce": 4,
        "cc": 10,
        "z": 0.7799999999999998
    },
    "26": {
        "cost": 11.713333332162001,
        "ce": 4,
        "cc": 10,
        "z": 0.7699999999999998
    },
    "27": {
        "cost": 11.773333332156,
        "ce": 4,
        "cc": 10,
        "z": 0.7599999999999998
    },
    "28": {
        "cost": 12.679999998732,
        "ce": 5,
        "cc": 9,
        "z": 0.7199999999999998
    },
    "29": {
        "cost": 12.739999998726002,
        "ce": 5,
        "cc": 9,
        "z": 0.7099999999999997
    },
    "30": {
        "cost": 12.766666665390002,
        "ce": 5,
        "cc": 8,
        "z": 0.6499999999999997
    },
    "31": {
        "cost": 12.79999999872,
        "ce": 5,
        "cc": 9,
        "z": 0.6999999999999997
    },
    "32": {
        "cost": 12.826666665384002,
        "ce": 5,
        "cc": 8,
        "z": 0.6399999999999997
    },
    "33": {
        "cost": 12.859999998714002,
        "ce": 5,
        "cc": 9,
        "z": 0.6899999999999997
    },
    "34": {
        "cost": 12.886666665378002,
        "ce": 5,
        "cc": 8,
        "z": 0.6299999999999997
    },
    "35": {
        "cost": 12.919999998708,
        "ce": 5,
        "cc": 9,
        "z": 0.6799999999999997
    },
    "36": {
        "cost": 12.946666665372002,
        "ce": 5,
        "cc": 8,
        "z": 0.6199999999999997
    },
    "37": {
        "cost": 12.979999998702002,
        "ce": 5,
        "cc": 9,
        "z": 0.6699999999999997
    },
    "38": {
        "cost": 13.039999998696002,
        "ce": 5,
        "cc": 9,
        "z": 0.6599999999999997
    },
    "39": {
        "cost": 14.006666665266,
        "ce": 6,
        "cc": 8,
        "z": 0.6099999999999997
    },
    "40": {
        "cost": 14.066666665260001,
        "ce": 6,
        "cc": 8,
        "z": 0.5999999999999996
    },
    "41": {
        "cost": 14.093333331924002,
        "ce": 6,
        "cc": 7,
        "z": 0.5399999999999996
    },
    "42": {
        "cost": 14.126666665254003,
        "ce": 6,
        "cc": 8,
        "z": 0.5899999999999996
    },
    "43": {
        "cost": 14.153333331918002,
        "ce": 6,
        "cc": 7,
        "z": 0.5299999999999996
    },
    "44": {
        "cost": 14.186666665248001,
        "ce": 6,
        "cc": 8,
        "z": 0.5799999999999996
    },
    "45": {
        "cost": 14.213333331912004,
        "ce": 6,
        "cc": 7,
        "z": 0.5199999999999996
    },
    "46": {
        "cost": 14.246666665242001,
        "ce": 6,
        "cc": 8,
        "z": 0.5699999999999996
    },
    "47": {
        "cost": 14.306666665236001,
        "ce": 6,
        "cc": 8,
        "z": 0.5599999999999996
    },
    "48": {
        "cost": 14.366666665230001,
        "ce": 6,
        "cc": 8,
        "z": 0.5499999999999996
    },
    "49": {
        "cost": 15.273333331806,
        "ce": 7,
        "cc": 7,
        "z": 0.5099999999999996
    },
    "50": {
        "cost": 15.3333333318,
        "ce": 7,
        "cc": 7,
        "z": 0.49999999999999956
    },
    "51": {
        "cost": 15.393333331794,
        "ce": 7,
        "cc": 7,
        "z": 0.48999999999999955
    },
    "52": {
        "cost": 15.419999998458003,
        "ce": 7,
        "cc": 6,
        "z": 0.4299999999999995
    },
    "53": {
        "cost": 15.453333331788002,
        "ce": 7,
        "cc": 7,
        "z": 0.47999999999999954
    },
    "54": {
        "cost": 15.479999998452001,
        "ce": 7,
        "cc": 6,
        "z": 0.4199999999999995
    },
    "55": {
        "cost": 15.513333331782002,
        "ce": 7,
        "cc": 7,
        "z": 0.46999999999999953
    },
    "56": {
        "cost": 15.539999998446003,
        "ce": 7,
        "cc": 6,
        "z": 0.4099999999999995
    },
    "57": {
        "cost": 15.573333331776002,
        "ce": 7,
        "cc": 7,
        "z": 0.4599999999999995
    },
    "58": {
        "cost": 15.63333333177,
        "ce": 7,
        "cc": 7,
        "z": 0.4499999999999995
    },
    "59": {
        "cost": 15.693333331764002,
        "ce": 7,
        "cc": 7,
        "z": 0.4399999999999995
    },
    "60": {
        "cost": 16.599999998340003,
        "ce": 8,
        "cc": 6,
        "z": 0.39999999999999947
    },
    "61": {
        "cost": 16.659999998334,
        "ce": 8,
        "cc": 6,
        "z": 0.38999999999999946
    },
    "62": {
        "cost": 16.686666664998004,
        "ce": 8,
        "cc": 5,
        "z": 0.3299999999999994
    },
    "63": {
        "cost": 16.719999998328003,
        "ce": 8,
        "cc": 6,
        "z": 0.37999999999999945
    },
    "64": {
        "cost": 16.746666664992002,
        "ce": 8,
        "cc": 5,
        "z": 0.3199999999999994
    },
    "65": {
        "cost": 16.779999998322,
        "ce": 8,
        "cc": 6,
        "z": 0.36999999999999944
    },
    "66": {
        "cost": 16.806666664986,
        "ce": 8,
        "cc": 5,
        "z": 0.3099999999999994
    },
    "67": {
        "cost": 16.839999998316003,
        "ce": 8,