{
    "0": {
        "cost": 22.666666664399997,
        "ce": 0,
        "cc": 35,
        "z": 1.0
    },
    "1": {
        "cost": 24.886666664178,
        "ce": 2,
        "cc": 35,
        "z": 0.99
    },
    "2": {
        "cost": 25.993333330733996,
        "ce": 3,
        "cc": 34,
        "z": 0.97
    },
    "3": {
        "cost": 26.106666664056,
        "ce": 3,
        "cc": 35,
        "z": 0.98
    },
    "4": {
        "cost": 27.213333330612002,
        "ce": 4,
        "cc": 34,
        "z": 0.96
    },
    "5": {
        "cost": 27.433333330589996,
        "ce": 4,
        "cc": 34,
        "z": 0.95
    },
    "6": {
        "cost": 27.653333330567996,
        "ce": 4,
        "cc": 34,
        "z": 0.94
    },
    "7": {
        "cost": 28.539999997146,
        "ce": 5,
        "cc": 33,
        "z": 0.9299999999999999
    },
    "8": {
        "cost": 28.759999997124,
        "ce": 5,
        "cc": 33,
        "z": 0.9199999999999999
    },
    "9": {
        "cost": 28.979999997102002,
        "ce": 5,
        "cc": 33,
        "z": 0.9099999999999999
    },
    "10": {
        "cost": 29.866666663680004,
        "ce": 6,
        "cc": 32,
        "z": 0.8999999999999999
    },
    "11": {
        "cost": 30.086666663658004,
        "ce": 6,
        "cc": 32,
        "z": 0.8899999999999999
    },
    "12": {
        "cost": 31.306666663536003,
        "ce": 7,
        "cc": 32,
        "z": 0.8799999999999999
    },
    "13": {
        "cost": 31.413333330192,
        "ce": 7,
        "cc": 31,
        "z": 0.8599999999999999
    },
    "14": {
        "cost": 31.526666663514,
        "ce": 7,
        "cc": 32,
        "z": 0.8699999999999999
    },
    "15": {
        "cost": 32.519999996748,
        "ce": 8,
        "cc": 30,
        "z": 0.8399999999999999
    },
    "16": {
        "cost": 32.63333333007,
        "ce": 8,
        "cc": 31,
        "z": 0.8499999999999999
    },
    "17": {
        "cost": 32.739999996726,
        "ce": 8,
        "cc": 30,
        "z": 0.8299999999999998
    },
    "18": {
        "cost": 33.846666663282,
        "ce": 9,
        "cc": 29,
        "z": 0.8099999999999998
    },
    "19": {
        "cost": 33.959999996604004,
        "ce": 9,
        "cc": 30,
        "z": 0.8199999999999998
    },
    "20": {
        "cost": 34.06666666326,
        "ce": 9,
        "cc": 29,
        "z": 0.7999999999999998
    },
    "21": {
        "cost": 35.286666663138,
        "ce": 10,
        "cc": 29,
        "z": 0.7899999999999998
    },
    "22": {
        "cost": 35.393333329794004,
        "ce": 10,
        "cc": 28,
        "z": 0.7699999999999998
    },
    "23": {
        "cost": 35.506666663116,
        "ce": 10,
        "cc": 29,
        "z": 0.7799999999999998
    },
    "24": {
        "cost": 36.613333329672,
        "ce": 11,
        "cc": 28,
        "z": 0.7599999999999998
    },
    "25": {
        "cost": 36.719999996328006,
        "ce": 11,
        "cc": 27,
        "z": 0.7399999999999998
    },
    "26": {
        "cost": 36.83333332965,
        "ce": 11,
        "cc": 28,
        "z": 0.7499999999999998
    },
    "27": {
        "cost": 37.939999996206005,
        "ce": 12,
        "cc": 27,
        "z": 0.7299999999999998
    },
    "28": {
        "cost": 38.046666662862,
        "ce": 12,
        "cc": 26,
        "z": 0.7099999999999997
    },
    "29": {
        "cost": 38.159999996184,
        "ce": 12,
        "cc": 27,
        "z": 0.7199999999999998
    },
    "30": {
        "cost": 39.26666666274,
        "ce": 13,
        "cc": 26,
        "z": 0.6999999999999997
    },
    "31": {
        "cost": 39.373333329396004,
        "ce": 13,
        "cc": 25,
        "z": 0.6799999999999997
    },
    "32": {
        "cost": 39.486666662718,
        "ce": 13,
        "cc": 26,
        "z": 0.6899999999999997
    },
    "33": {
        "cost": 40.593333329274,
        "ce": 14,
        "cc": 25,
        "z": 0.6699999999999997
    },
    "34": {
        "cost": 40.69999999593001,
        "ce": 14,
        "cc": 24,
        "z": 0.6499999999999997
    },
    "35": {
        "cost": 40.813333329252,
        "ce": 14,
        "cc": 25,
        "z": 0.6599999999999997
    },
    "36": {
        "cost": 41.919999995808006,
        "ce": 15,
        "cc": 24,
        "z": 0.6399999999999997
    },
    "37": {
        "cost": 42.02666666246401,
        "ce": 15,
        "cc": 23,
        "z": 0.6199999999999997
    },
    "38": {
        "cost": 42.13999999578601,
        "ce": 15,
        "cc": 24,
        "z": 0.6299999999999997
    },
    "39": {
        "cost": 43.24666666234201,
        "ce": 16,
        "cc": 23,
        "z": 0.6099999999999997
    },
    "40": {
        "cost": 43.353333328998005,
        "ce": 16,
        "cc": 22,
        "z": 0.5899999999999996
    },
    "41": {
        "cost": 43.46666666232001,
        "ce": 16,
        "cc": 23,
        "z": 0.5999999999999996
    },
    "42": {
        "cost": 44.573333328876004,
        "ce": 17,
        "cc": 22,
        "z": 0.5799999999999996
    },
    "43": {
        "cost": 44.679999995532015,
        "ce": 17,
        "cc": 21,
        "z": 0.5599999999999996
    },
    "44": {
        "cost": 44.793333328854004,
        "ce": 17,
        "cc": 22,
        "z": 0.5699999999999996
    },
    "45": {
        "cost": 45.899999995410006,
        "ce": 18,
        "cc": 21,
        "z": 0.5499999999999996
    },
    "46": {
        "cost": 46.00666666206601,
        "ce": 18,
        "cc": 20,
        "z": 0.5299999999999996
    },
    "47": {
        "cost": 46.11999999538801,
        "ce": 18,
        "cc": 21,
        "z": 0.5399999999999996
    },
    "48": {
        "cost": 47.22666666194401,
        "ce": 19,
        "cc": 20,
        "z": 0.5199999999999996
    },
    "49": {
        "cost": 47.33333332860001,
        "ce": 19,
        "cc": 19,
        "z": 0.49999999999999956
    },
    "50": {
        "cost": 47.44666666192201,
        "ce": 19,
        "cc": 20,
        "z": 0.5099999999999996
    },
    "51": {
        "cost": 48.55333332847801,
        "ce": 20,
        "cc": 19,
        "z": 0.48999999999999955
    },
    "52": {
        "cost": 48.659999995134015,
        "ce": 20,
        "cc": 18,
        "z": 0.46999999999999953
    },
    "53": {
        "cost": 48.77333332845601,
        "ce": 20,
        "cc": 19,
        "z": 0.47999999999999954
    }
}