{
    "0": {
        "cost": 46.8965517232,
        "ce": 0,
        "cc": 35,
        "z": 1.0
    },
    "1": {
        "cost": 48.9989655162614,
        "ce": 2,
        "cc": 35,
        "z": 0.99
    },
    "2": {
        "cost": 49.5141379300442,
        "ce": 3,
        "cc": 34,
        "z": 0.97
    },
    "3": {
        "cost": 49.6165517231456,
        "ce": 3,
        "cc": 34,
        "z": 0.96
    },
    "4": {
        "cost": 50.101379309342796,
        "ce": 3,
        "cc": 35,
        "z": 0.98
    },
    "5": {
        "cost": 50.718965516227,
        "ce": 4,
        "cc": 34,
        "z": 0.95
    },
    "6": {
        "cost": 50.8213793093284,
        "ce": 4,
        "cc": 34,
        "z": 0.94
    },
    "7": {
        "cost": 51.234137930009794,
        "ce": 5,
        "cc": 33,
        "z": 0.9299999999999999
    },
    "8": {
        "cost": 51.3365517231112,
        "ce": 5,
        "cc": 33,
        "z": 0.9199999999999999
    },
    "9": {
        "cost": 51.43896551621259,
        "ce": 5,
        "cc": 33,
        "z": 0.9099999999999999
    },
    "10": {
        "cost": 51.851724136894,
        "ce": 6,
        "cc": 32,
        "z": 0.8999999999999999
    },
    "11": {
        "cost": 51.9541379299954,
        "ce": 6,
        "cc": 32,
        "z": 0.8899999999999999
    },
    "12": {
        "cost": 52.056551723096796,
        "ce": 6,
        "cc": 32,
        "z": 0.8799999999999999
    },
    "13": {
        "cost": 52.5717241368796,
        "ce": 7,
        "cc": 31,
        "z": 0.8599999999999999
    },
    "14": {
        "cost": 52.674137929981,
        "ce": 7,
        "cc": 31,
        "z": 0.8499999999999999
    },
    "15": {
        "cost": 53.0868965506624,
        "ce": 8,
        "cc": 30,
        "z": 0.8399999999999999
    },
    "16": {
        "cost": 53.1589655161782,
        "ce": 7,
        "cc": 32,
        "z": 0.8699999999999999
    },
    "17": {
        "cost": 53.18931034376381,
        "ce": 8,
        "cc": 30,
        "z": 0.8299999999999998
    },
    "18": {
        "cost": 53.2917241368652,
        "ce": 8,
        "cc": 30,
        "z": 0.8199999999999998
    },
    "19": {
        "cost": 53.7044827575466,
        "ce": 9,
        "cc": 29,
        "z": 0.8099999999999998
    },
    "20": {
        "cost": 53.806896550648,
        "ce": 9,
        "cc": 29,
        "z": 0.7999999999999998
    },
    "21": {
        "cost": 53.909310343749404,
        "ce": 9,
        "cc": 29,
        "z": 0.7899999999999998
    },
    "22": {
        "cost": 54.42448275753219,
        "ce": 10,
        "cc": 28,
        "z": 0.7699999999999998
    },
    "23": {
        "cost": 54.526896550633595,
        "ce": 10,
        "cc": 28,
        "z": 0.7599999999999998
    },
    "24": {
        "cost": 55.01172413683079,
        "ce": 10,
        "cc": 29,
        "z": 0.7799999999999998
    },
    "25": {
        "cost": 55.0420689644164,
        "ce": 11,
        "cc": 27,
        "z": 0.7399999999999998
    },
    "26": {
        "cost": 55.1444827575178,
        "ce": 11,
        "cc": 27,
        "z": 0.7299999999999998
    },
    "27": {
        "cost": 55.629310343715005,
        "ce": 11,
        "cc": 28,
        "z": 0.7499999999999998
    },
    "28": {
        "cost": 55.6596551713006,
        "ce": 12,
        "cc": 26,
        "z": 0.7099999999999997
    },
    "29": {
        "cost": 56.2468965505992,
        "ce": 12,
        "cc": 27,
        "z": 0.7199999999999998
    },
    "30": {
        "cost": 56.2772413781848,
        "ce": 13,
        "cc": 25,
        "z": 0.6799999999999997
    },
    "31": {
        "cost": 56.379655171286196,
        "ce": 13,
        "cc": 25,
        "z": 0.6699999999999997
    },
    "32": {
        "cost": 56.762068964381996,
        "ce": 13,
        "cc": 26,
        "z": 0.6999999999999997
    },
    "33": {
        "cost": 56.8644827574834,
        "ce": 13,
        "cc": 26,
        "z": 0.6899999999999997
    },
    "34": {
        "cost": 56.894827585069,
        "ce": 14,
        "cc": 24,
        "z": 0.6499999999999997
    },
    "35": {
        "cost": 56.9972413781704,
        "ce": 14,
        "cc": 24,
        "z": 0.6399999999999997
    },
    "36": {
        "cost": 57.4820689643676,
        "ce": 14,
        "cc": 25,
        "z": 0.6599999999999997
    },
    "37": {
        "cost": 57.5124137919532,
        "ce": 15,
        "cc": 23,
        "z": 0.6199999999999997
    },
    "38": {
        "cost": 57.6148275850546,
        "ce": 15,
        "cc": 23,
        "z": 0.6099999999999997
    },
    "39": {
        "cost": 58.0996551712518,
        "ce": 15,
        "cc": 24,
        "z": 0.6299999999999997
    },
    "40": {
        "cost": 58.1299999988374,
        "ce": 16,
        "cc": 22,
        "z": 0.5899999999999996
    },
    "41": {
        "cost": 58.717241378135995,
        "ce": 16,
        "cc": 23,
        "z": 0.5999999999999996
    },
    "42": {
        "cost": 58.7475862057216,
        "ce": 17,
        "cc": 21,
        "z": 0.5599999999999996
    },
    "43": {
        "cost": 58.849999998823,
        "ce": 17,
        "cc": 21,
        "z": 0.5499999999999996
    },
    "44": {
        "cost": 59.2324137919188,
        "ce": 17,
        "cc": 22,
        "z": 0.5799999999999996
    },
    "45": {
        "cost": 59.33482758502021,
        "ce": 17,
        "cc": 22,
        "z": 0.5699999999999996
    },
    "46": {
        "cost": 59.3651724126058,
        "ce": 18,
        "cc": 20,
        "z": 0.5299999999999996
    },
    "47": {
        "cost": 59.4675862057072,
        "ce": 18,
        "cc": 20,
        "z": 0.5199999999999996
    },
    "48": {
        "cost": 59.9524137919044,
        "ce": 18,
        "cc": 21,
        "z": 0.5399999999999996
    },
    "49": {
        "cost": 59.98275861949,
        "ce": 19,
        "cc": 19,
        "z": 0.49999999999999956
    },
    "50": {
        "cost": 60.5699999987886,
        "ce": 19,
        "cc": 20,
        "z": 0.5099999999999996
    },
    "51": {
        "cost": 60.600344826374204,
        "ce": 20,
        "cc": 18,
        "z": 0.46999999999999953
    },
    "52": {
        "cost": 60.7027586194756,
        "ce": 20,
        "cc": 18,
        "z": 0.4599999999999995
    },
    "53": {
        "cost": 61.085172412571396,
        "ce": 20,
        "cc": 19,
        "z": 0.48999999999999955
    },
    "54": {
        "cost": 61.1875862056728,
        "ce": 20,
        "cc": 19,
        "z": 0.47999999999999954
    }
}