{
    "0": {
        "cost": 5.999999999999999,
        "ce": 4,
        "cc": 0,
        "z": 0
    },
    "1": {
        "cost": 9.040000000305998,
        "ce": 4,
        "cc": 1,
        "z": 0.009999999999999247
    },
    "2": {
        "cost": 9.080000000311996,
        "ce": 4,
        "cc": 1,
        "z": 0.019999999999999248
    },
    "3": {
        "cost": 11.920000000737996,
        "ce": 3,
        "cc": 2,
        "z": 0.22999999999999932
    },
    "4": {
        "cost": 11.960000000743998,
        "ce": 3,
        "cc": 2,
        "z": 0.23999999999999932
    },
    "5": {
        "cost": 12.000000000749997,
        "ce": 3,
        "cc": 2,
        "z": 0.24999999999999933
    },
    "6": {
        "cost": 12.040000000755997,
        "ce": 3,
        "cc": 2,
        "z": 0.25999999999999934
    },
    "7": {
        "cost": 12.120000000617997,
        "ce": 4,
        "cc": 2,
        "z": 0.02999999999999925
    },
    "8": {
        "cost": 12.160000000623997,
        "ce": 4,
        "cc": 2,
        "z": 0.03999999999999925
    },
    "9": {
        "cost": 12.200000000629998,
        "ce": 4,
        "cc": 2,
        "z": 0.04999999999999925
    },
    "10": {
        "cost": 12.240000000635996,
        "ce": 4,
        "cc": 2,
        "z": 0.059999999999999255
    },
    "11": {
        "cost": 12.280000000641996,
        "ce": 4,
        "cc": 2,
        "z": 0.06999999999999926
    },
    "12": {
        "cost": 12.320000000647997,
        "ce": 4,
        "cc": 2,
        "z": 0.07999999999999925
    },
    "13": {
        "cost": 12.360000000653997,
        "ce": 4,
        "cc": 2,
        "z": 0.08999999999999925
    },
    "14": {
        "cost": 12.400000000659997,
        "ce": 4,
        "cc": 2,
        "z": 0.09999999999999924
    },
    "15": {
        "cost": 12.440000000665997,
        "ce": 4,
        "cc": 2,
        "z": 0.10999999999999924
    },
    "16": {
        "cost": 12.480000000671996,
        "ce": 4,
        "cc": 2,
        "z": 0.11999999999999923
    },
    "17": {
        "cost": 12.520000000677998,
        "ce": 4,
        "cc": 2,
        "z": 0.12999999999999923
    },
    "18": {
        "cost": 12.560000000683996,
        "ce": 4,
        "cc": 2,
        "z": 0.13999999999999924
    },
    "19": {
        "cost": 12.600000000689997,
        "ce": 4,
        "cc": 2,
        "z": 0.14999999999999925
    },
    "20": {
        "cost": 12.640000000695997,
        "ce": 4,
        "cc": 2,
        "z": 0.15999999999999925
    },
    "21": {
        "cost": 12.680000000701998,
        "ce": 4,
        "cc": 2,
        "z": 0.16999999999999926
    },
    "22": {
        "cost": 12.720000000707996,
        "ce": 4,
        "cc": 2,
        "z": 0.17999999999999927
    },
    "23": {
        "cost": 12.760000000713998,
        "ce": 4,
        "cc": 2,
        "z": 0.18999999999999928
    },
    "24": {
        "cost": 12.800000000719997,
        "ce": 4,
        "cc": 2,
        "z": 0.1999999999999993
    },
    "25": {
        "cost": 12.840000000725997,
        "ce": 4,
        "cc": 2,
        "z": 0.2099999999999993
    },
    "26": {
        "cost": 12.880000000731997,
        "ce": 4,
        "cc": 2,
        "z": 0.2199999999999993
    },
    "27": {
        "cost": 15.080000001061997,
        "ce": 3,
        "cc": 3,
        "z": 0.26999999999999935
    },
    "28": {
        "cost": 15.120000001067998,
        "ce": 3,
        "cc": 3,
        "z": 0.27999999999999936
    },
    "29": {
        "cost": 15.160000001073998,
        "ce": 3,
        "cc": 3,
        "z": 0.28999999999999937
    },
    "30": {
        "cost": 15.200000001079996,
        "ce": 3,
        "cc": 3,
        "z": 0.2999999999999994
    },
    "31": {
        "cost": 15.240000001085997,
        "ce": 3,
        "cc": 3,
        "z": 0.3099999999999994
    },
    "32": {
        "cost": 15.280000001091997,
        "ce": 3,
        "cc": 3,
        "z": 0.3199999999999994
    },
    "33": {
        "cost": 15.320000001097998,
        "ce": 3,
        "cc": 3,
        "z": 0.3299999999999994
    },
    "34": {
        "cost": 15.360000001103996,
        "ce": 3,
        "cc": 3,
        "z": 0.3399999999999994
    },
    "35": {
        "cost": 15.400000001109998,
        "ce": 3,
        "cc": 3,
        "z": 0.3499999999999994
    },
    "36": {
        "cost": 15.440000001115997,
        "ce": 3,
        "cc": 3,
        "z": 0.35999999999999943
    },
    "37": {
        "cost": 15.480000001121999,
        "ce": 3,
        "cc": 3,
        "z": 0.36999999999999944
    },
    "38": {
        "cost": 15.520000001127997,
        "ce": 3,
        "cc": 3,
        "z": 0.37999999999999945
    },
    "39": {
        "cost": 15.560000001133997,
        "ce": 3,
        "cc": 3,
        "z": 0.38999999999999946
    },
    "40": {
        "cost": 15.600000001139998,
        "ce": 3,
        "cc": 3,
        "z": 0.39999999999999947
    },
    "41": {
        "cost": 15.640000001146,
        "ce": 3,
        "cc": 3,
        "z": 0.4099999999999995
    },
    "42": {
        "cost": 15.680000001151997,
        "ce": 3,
        "cc": 3,
        "z": 0.4199999999999995
    },
    "43": {
        "cost": 15.720000001157997,
        "ce": 3,
        "cc": 3,
        "z": 0.4299999999999995
    },
    "44": {
        "cost": 15.760000001163998,
        "ce": 3,
        "cc": 3,
        "z": 0.4399999999999995
    },
    "45": {
        "cost": 15.800000001169998,
        "ce": 3,
        "cc": 3,
        "z": 0.4499999999999995
    },
    "46": {
        "cost": 15.840000001175998,
        "ce": 3,
        "cc": 3,
        "z": 0.4599999999999995
    },
    "47": {
        "cost": 15.880000001181998,
        "ce": 3,
        "cc": 3,
        "z": 0.46999999999999953
    },
    "48": {
        "cost": 15.920000001187997,
        "ce": 3,
        "cc": 3,
        "z": 0.47999999999999954
    },
    "49": {
        "cost": 15.960000001193999,
        "ce": 3,
        "cc": 3,
        "z": 0.48999999999999955
    },
    "50": {
        "cost": 16.000000001199997,
        "ce": 3,
        "cc": 3,
        "z": 0.49999999999999956
    },
    "51": {
        "cost": 16.040000001205996,
        "ce": 3,
        "cc": 3,
        "z": 0.5099999999999996
    },
    "52": {
        "cost": 16.080000001212,
        "ce": 3,
        "cc": 3,
        "z": 0.5199999999999996
    },
    "53": {
        "cost": 16.120000001218,
        "ce": 3,
        "cc": 3,
        "z": 0.5299999999999996
    },
    "54": {
        "cost": 16.160000001224,
        "ce": 3,
        "cc": 3,
        "z": 0.5399999999999996
    },
    "55": {
        "cost": 16.20000000123,
        "ce": 3,
        "cc": 3,
        "z": 0.5499999999999996
    },
    "56": {
        "cost": 16.240000001235998,
        "ce": 3,
        "cc": 3,
        "z": 0.5599999999999996
    },
    "57": {
        "cost": 16.280000001241998,
        "ce": 3,
        "cc": 3,
        "z": 0.5699999999999996
    },
    "58": {
        "cost": 16.320000001247998,
        "ce": 3,
        "cc": 3,
        "z": 0.5799999999999996
    },
    "59": {
        "cost": 16.360000001253997,
        "ce": 3,
        "cc": 3,
        "z": 0.5899999999999996
    },
    "60": {
        "cost": 16.400000001259997,
        "ce": 3,
        "cc": 3,
        "z": 0.5999999999999996
    },
    "61": {
        "cost": 16.440000001266,
        "ce": 3,
        "cc": 3,
        "z": 0.6099999999999997
    },
    "62": {
        "cost": 16.480000001271996,
        "ce": 3,
        "cc": 3,
        "z": 0.6199999999999997
    },
    "63": {
        "cost": 16.520000001278,
        "ce": 3,
        "cc": 3,
        "z": 0.6299999999999997
    },
    "64": {
        "cost": 18.0000000018,
        "ce": 0,
        "cc": 4,
        "z": 1.0
    },
    "65": {
        "cost": 18.60000000159,
        "ce": 2,
        "cc": 4,
        "z": 0.6499999999999997
    },
    "66": {
        "cost": 18.640000001595997,