{
    "0": {
        "cost": 227.48000001897196,
        "ce": 20,
        "cc": 33,
        "z": 0.6299999999999999
    },
    "1": {
        "cost": 228.44000001911596,
        "ce": 20,
        "cc": 33,
        "z": 0.6399999999999999
    },
    "2": {
        "cost": 231.40000001955997,
        "ce": 19,
        "cc": 34,
        "z": 0.6499999999999999
    },
    "3": {
        "cost": 232.360000019704,
        "ce": 19,
        "cc": 34,
        "z": 0.6599999999999999
    },
    "4": {
        "cost": 235.32000002014797,
        "ce": 18,
        "cc": 35,
        "z": 0.6699999999999999
    },
    "5": {
        "cost": 236.28000002029196,
        "ce": 18,
        "cc": 35,
        "z": 0.6799999999999999
    },
    "6": {
        "cost": 239.24000002073598,
        "ce": 17,
        "cc": 36,
        "z": 0.69
    },
    "7": {
        "cost": 240.16000002102396,
        "ce": 16,
        "cc": 36,
        "z": 0.71
    },
    "8": {
        "cost": 240.20000002087997,
        "ce": 17,
        "cc": 36,
        "z": 0.7
    },
    "9": {
        "cost": 244.08000002161197,
        "ce": 15,
        "cc": 37,
        "z": 0.73
    },
    "10": {
        "cost": 244.12000002146794,
        "ce": 16,
        "cc": 37,
        "z": 0.72
    },
    "11": {
        "cost": 248.00000002219997,
        "ce": 14,
        "cc": 38,
        "z": 0.75
    },
    "12": {
        "cost": 248.04000002205598,
        "ce": 15,
        "cc": 38,
        "z": 0.74
    },
    "13": {
        "cost": 251.92000002278797,
        "ce": 13,
        "cc": 39,
        "z": 0.77
    },
    "14": {
        "cost": 251.96000002264398,
        "ce": 14,
        "cc": 39,
        "z": 0.76
    },
    "15": {
        "cost": 255.84000002337595,
        "ce": 12,
        "cc": 40,
        "z": 0.79
    },
    "16": {
        "cost": 255.88000002323196,
        "ce": 13,
        "cc": 40,
        "z": 0.78
    }
}