{
    "0": {
        "cost": 23.333333331,
        "ce": 0,
        "cc": 36,
        "z": 1.0
    },
    "1": {
        "cost": 25.559999997444002,
        "ce": 2,
        "cc": 36,
        "z": 0.99
    },
    "2": {
        "cost": 25.786666664088003,
        "ce": 2,
        "cc": 36,
        "z": 0.98
    },
    "3": {
        "cost": 26.679999997332,
        "ce": 3,
        "cc": 35,
        "z": 0.97
    },
    "4": {
        "cost": 26.906666663975997,
        "ce": 3,
        "cc": 35,
        "z": 0.96
    },
    "5": {
        "cost": 28.026666663864,
        "ce": 4,
        "cc": 34,
        "z": 0.94
    },
    "6": {
        "cost": 28.133333330520003,
        "ce": 4,
        "cc": 35,
        "z": 0.95
    },
    "7": {
        "cost": 28.253333330508,
        "ce": 4,
        "cc": 34,
        "z": 0.9299999999999999
    },
    "8": {
        "cost": 29.479999997051998,
        "ce": 5,
        "cc": 34,
        "z": 0.9199999999999999
    },
    "9": {
        "cost": 29.59999999704,
        "ce": 5,
        "cc": 33,
        "z": 0.8999999999999999
    },
    "10": {
        "cost": 29.706666663695998,
        "ce": 5,
        "cc": 34,
        "z": 0.9099999999999999
    },
    "11": {
        "cost": 30.719999996928003,
        "ce": 6,
        "cc": 32,
        "z": 0.8799999999999999
    },
    "12": {
        "cost": 30.826666663584,
        "ce": 6,
        "cc": 33,
        "z": 0.8899999999999999
    },
    "13": {
        "cost": 31.946666663472,
        "ce": 7,
        "cc": 32,
        "z": 0.8699999999999999
    },
    "14": {
        "cost": 32.173333330116,
        "ce": 7,
        "cc": 32,
        "z": 0.8599999999999999
    },
    "15": {
        "cost": 32.39999999676,
        "ce": 7,
        "cc": 32,
        "z": 0.8499999999999999
    },
    "16": {
        "cost": 33.293333330004,
        "ce": 8,
        "cc": 31,
        "z": 0.8399999999999999
    },
    "17": {
        "cost": 33.519999996648004,
        "ce": 8,
        "cc": 31,
        "z": 0.8299999999999998
    },
    "18": {
        "cost": 33.746666663292004,
        "ce": 8,
        "cc": 31,
        "z": 0.8199999999999998
    },
    "19": {
        "cost": 34.639999996536005,
        "ce": 9,
        "cc": 30,
        "z": 0.8099999999999998
    },
    "20": {
        "cost": 34.866666663180006,
        "ce": 9,
        "cc": 30,
        "z": 0.7999999999999998
    },
    "21": {
        "cost": 35.093333329824006,
        "ce": 9,
        "cc": 30,
        "z": 0.7899999999999998
    },
    "22": {
        "cost": 35.98666666306801,
        "ce": 10,
        "cc": 29,
        "z": 0.7799999999999998
    },
    "23": {
        "cost": 36.21333332971201,
        "ce": 10,
        "cc": 29,
        "z": 0.7699999999999998
    },
    "24": {
        "cost": 36.439999996356,
        "ce": 10,
        "cc": 29,
        "z": 0.7599999999999998
    },
    "25": {
        "cost": 37.3333333296,
        "ce": 11,
        "cc": 28,
        "z": 0.7499999999999998
    },
    "26": {
        "cost": 37.559999996244,
        "ce": 11,
        "cc": 28,
        "z": 0.7399999999999998
    },
    "27": {
        "cost": 37.786666662888,
        "ce": 11,
        "cc": 28,
        "z": 0.7299999999999998
    },
    "28": {
        "cost": 38.679999996132004,
        "ce": 12,
        "cc": 27,
        "z": 0.7199999999999998
    },
    "29": {
        "cost": 38.906666662776004,
        "ce": 12,
        "cc": 27,
        "z": 0.7099999999999997
    },
    "30": {
        "cost": 39.133333329420005,
        "ce": 12,
        "cc": 27,
        "z": 0.6999999999999997
    },
    "31": {
        "cost": 40.026666662664006,
        "ce": 13,
        "cc": 26,
        "z": 0.6899999999999997
    },
    "32": {
        "cost": 40.253333329308006,
        "ce": 13,
        "cc": 26,
        "z": 0.6799999999999997
    },
    "33": {
        "cost": 40.47999999595201,
        "ce": 13,
        "cc": 26,
        "z": 0.6699999999999997
    },
    "34": {
        "cost": 41.37333332919601,
        "ce": 14,
        "cc": 25,
        "z": 0.6599999999999997
    },
    "35": {
        "cost": 41.59999999584001,
        "ce": 14,
        "cc": 25,
        "z": 0.6499999999999997
    },
    "36": {
        "cost": 41.82666666248401,
        "ce": 14,
        "cc": 25,
        "z": 0.6399999999999997
    },
    "37": {
        "cost": 42.71999999572801,
        "ce": 15,
        "cc": 24,
        "z": 0.6299999999999997
    },
    "38": {
        "cost": 42.94666666237201,
        "ce": 15,
        "cc": 24,
        "z": 0.6199999999999997
    },
    "39": {
        "cost": 43.17333332901601,
        "ce": 15,
        "cc": 24,
        "z": 0.6099999999999997
    },
    "40": {
        "cost": 44.066666662260005,
        "ce": 16,
        "cc": 23,
        "z": 0.5999999999999996
    },
    "41": {
        "cost": 44.29333332890401,
        "ce": 16,
        "cc": 23,
        "z": 0.5899999999999996
    },
    "42": {
        "cost": 44.519999995548005,
        "ce": 16,
        "cc": 23,
        "z": 0.5799999999999996
    },
    "43": {
        "cost": 45.41333332879201,
        "ce": 17,
        "cc": 22,
        "z": 0.5699999999999996
    },
    "44": {
        "cost": 45.63999999543601,
        "ce": 17,
        "cc": 22,
        "z": 0.5599999999999996
    },
    "45": {
        "cost": 46.75999999532401,
        "ce": 18,
        "cc": 21,
        "z": 0.5399999999999996
    },
    "46": {
        "cost": 46.86666666198001,
        "ce": 18,
        "cc": 22,
        "z": 0.5499999999999996
    },
    "47": {
        "cost": 46.98666666196801,
        "ce": 18,
        "cc": 21,
        "z": 0.5299999999999996
    },
    "48": {
        "cost": 47.879999995212,
        "ce": 19,
        "cc": 20,
        "z": 0.5199999999999996
    },
    "49": {
        "cost": 48.10666666185601,
        "ce": 19,
        "cc": 20,
        "z": 0.5099999999999996
    },
    "50": {
        "cost": 48.33333332850001,
        "ce": 19,
        "cc": 20,
        "z": 0.49999999999999956
    },
    "51": {
        "cost": 49.45333332838801,
        "ce": 20,
        "cc": 19,
        "z": 0.47999999999999954
    },
    "52": {
        "cost": 49.55999999504401,
        "ce": 20,
        "cc": 20,
        "z": 0.48999999999999955
    },
    "53": {
        "cost": 49.67999999503201,
        "ce": 20,
        "cc": 19,
        "z": 0.46999999999999953
    }
}