{
    "0": {
        "cost": 90.808620687839,
        "ce": 20,
        "cc": 40,
        "z": 0.69
    },
    "1": {
        "cost": 90.97931034300801,
        "ce": 20,
        "cc": 40,
        "z": 0.6799999999999999
    }
}