{
    "0": {
        "cost": 40.106666662656,
        "ce": 8,
        "cc": 40,
        "z": 0.86
    },
    "1": {
        "cost": 41.359999995864,
        "ce": 9,
        "cc": 39,
        "z": 0.84
    },
    "2": {
        "cost": 41.39999999586,
        "ce": 9,
        "cc": 40,
        "z": 0.85
    },
    "3": {
        "cost": 42.613333329072,
        "ce": 10,
        "cc": 38,
        "z": 0.82
    },
    "4": {
        "cost": 42.653333329068005,
        "ce": 10,
        "cc": 39,
        "z": 0.83
    },
    "5": {
        "cost": 43.906666662275995,
        "ce": 11,
        "cc": 38,
        "z": 0.8099999999999999
    },
    "6": {
        "cost": 44.159999995584,
        "ce": 11,
        "cc": 37,
        "z": 0.7899999999999999
    },
    "7": {
        "cost": 44.19999999558,
        "ce": 11,
        "cc": 38,
        "z": 0.7999999999999999
    },
    "8": {
        "cost": 45.41333332879201,
        "ce": 12,
        "cc": 36,
        "z": 0.7699999999999999
    },
    "9": {
        "cost": 45.453333328788005,
        "ce": 12,
        "cc": 37,
        "z": 0.7799999999999999
    },
    "10": {
        "cost": 46.666666662000004,
        "ce": 13,
        "cc": 35,
        "z": 0.7499999999999999
    },
    "11": {
        "cost": 46.706666661996,
        "ce": 13,
        "cc": 36,
        "z": 0.7599999999999999
    },
    "12": {
        "cost": 47.919999995208,
        "ce": 14,
        "cc": 34,
        "z": 0.7299999999999999
    },
    "13": {
        "cost": 47.959999995204,
        "ce": 14,
        "cc": 35,
        "z": 0.7399999999999999
    },
    "14": {
        "cost": 48.21333332851201,
        "ce": 14,
        "cc": 34,
        "z": 0.7199999999999999
    },
    "15": {
        "cost": 49.46666666172001,
        "ce": 15,
        "cc": 33,
        "z": 0.6999999999999998
    },
    "16": {
        "cost": 49.506666661716004,
        "ce": 15,
        "cc": 34,
        "z": 0.7099999999999999
    },
    "17": {
        "cost": 50.719999994928,
        "ce": 16,
        "cc": 32,
        "z": 0.6799999999999998
    },
    "18": {
        "cost": 50.75999999492401,
        "ce": 16,
        "cc": 33,
        "z": 0.6899999999999998
    },
    "19": {
        "cost": 52.013333328132006,
        "ce": 17,
        "cc": 32,
        "z": 0.6699999999999998
    },
    "20": {
        "cost": 52.306666661436005,
        "ce": 17,
        "cc": 32,
        "z": 0.6599999999999998
    },
    "21": {
        "cost": 53.266666661340004,
        "ce": 18,
        "cc": 31,
        "z": 0.6499999999999998
    },
    "22": {
        "cost": 53.51999999464801,
        "ce": 18,
        "cc": 30,
        "z": 0.6299999999999998
    },
    "23": {
        "cost": 53.559999994644,
        "ce": 18,
        "cc": 31,
        "z": 0.6399999999999998
    },
    "24": {
        "cost": 54.81333332785201,
        "ce": 19,
        "cc": 30,
        "z": 0.6199999999999998
    },
    "25": {
        "cost": 55.10666666115601,
        "ce": 19,
        "cc": 30,
        "z": 0.6099999999999998
    },
    "26": {
        "cost": 56.066666661060005,
        "ce": 20,
        "cc": 29,
        "z": 0.5999999999999998
    },
    "27": {
        "cost": 56.359999994364,
        "ce": 20,
        "cc": 29,
        "z": 0.5899999999999997
    }
}