{
    "0": {
        "cost": 75.81793103296638,
        "ce": 12,
        "cc": 40,
        "z": 0.79
    },
    "1": {
        "cost": 76.4262068950232,
        "ce": 13,
        "cc": 39,
        "z": 0.77
    },
    "2": {
        "cost": 76.96689655018479,
        "ce": 13,
        "cc": 40,
        "z": 0.78
    },
    "3": {
        "cost": 77.03448275708,
        "ce": 14,
        "cc": 38,
        "z": 0.75
    },
    "4": {
        "cost": 77.57517241224159,
        "ce": 14,
        "cc": 39,
        "z": 0.76
    },
    "5": {
        "cost": 77.64275861913679,
        "ce": 15,
        "cc": 37,
        "z": 0.73
    },
    "6": {
        "cost": 78.1834482742984,
        "ce": 15,
        "cc": 38,
        "z": 0.74
    },
    "7": {
        "cost": 78.25103448119359,
        "ce": 16,
        "cc": 36,
        "z": 0.71
    },
    "8": {
        "cost": 78.79172413635519,
        "ce": 16,
        "cc": 37,
        "z": 0.72
    },
    "9": {
        "cost": 79.0082758604888,
        "ce": 17,
        "cc": 35,
        "z": 0.6799999999999999
    },
    "10": {
        "cost": 79.399999998412,
        "ce": 17,
        "cc": 36,
        "z": 0.7
    },
    "11": {
        "cost": 79.5489655156504,
        "ce": 17,
        "cc": 36,
        "z": 0.69
    },
    "12": {
        "cost": 80.15724137770718,
        "ce": 18,
        "cc": 35,
        "z": 0.6699999999999999
    },
    "13": {
        "cost": 80.2248275846024,
        "ce": 19,
        "cc": 33,
        "z": 0.6399999999999999
    },
    "14": {
        "cost": 80.61655172252559,
        "ce": 19,
        "cc": 34,
        "z": 0.6599999999999999
    },
    "15": {
        "cost": 80.765517239764,
        "ce": 19,
        "cc": 34,
        "z": 0.6499999999999999
    },
    "16": {
        "cost": 80.8331034466592,
        "ce": 20,
        "cc": 32,
        "z": 0.6199999999999999
    },
    "17": {
        "cost": 81.3737931018208,
        "ce": 20,
        "cc": 33,
        "z": 0.6299999999999999
    }
}