{
    "0": {
        "cost": 51.0344827576,
        "ce": 0,
        "cc": 38,
        "z": 1.0
    },
    "1": {
        "cost": 53.1462068954888,
        "ce": 2,
        "cc": 38,
        "z": 0.99
    },
    "2": {
        "cost": 53.67999999892639,
        "ce": 3,
        "cc": 37,
        "z": 0.97
    },
    "3": {
        "cost": 54.213793102363994,
        "ce": 4,
        "cc": 36,
        "z": 0.95
    },
    "4": {
        "cost": 54.2579310333976,
        "ce": 3,
        "cc": 38,
        "z": 0.98
    },
    "5": {
        "cost": 54.3255172402928,
        "ce": 4,
        "cc": 36,
        "z": 0.94
    },
    "6": {
        "cost": 54.7917241368352,
        "ce": 4,
        "cc": 37,
        "z": 0.96
    },
    "7": {
        "cost": 55.4372413782016,
        "ce": 5,
        "cc": 36,
        "z": 0.9299999999999999
    },
    "8": {
        "cost": 55.5048275850968,
        "ce": 6,
        "cc": 34,
        "z": 0.8899999999999999
    },
    "9": {
        "cost": 55.548965516130394,
        "ce": 5,
        "cc": 36,
        "z": 0.9199999999999999
    },
    "10": {
        "cost": 55.971034481639194,
        "ce": 6,
        "cc": 35,
        "z": 0.9099999999999999
    },
    "11": {
        "cost": 56.082758619568,
        "ce": 6,
        "cc": 35,
        "z": 0.8999999999999999
    },
    "12": {
        "cost": 56.6165517230056,
        "ce": 7,
        "cc": 34,
        "z": 0.8799999999999999
    },
    "13": {
        "cost": 56.7282758609344,
        "ce": 7,
        "cc": 34,
        "z": 0.8699999999999999
    },
    "14": {
        "cost": 56.83999999886319,
        "ce": 7,
        "cc": 34,
        "z": 0.8599999999999999
    },
    "15": {
        "cost": 57.262068964372,
        "ce": 8,
        "cc": 33,
        "z": 0.8499999999999999
    },
    "16": {
        "cost": 57.373793102300795,
        "ce": 8,
        "cc": 33,
        "z": 0.8399999999999999
    },
    "17": {
        "cost": 57.795862067809594,
        "ce": 9,
        "cc": 32,
        "z": 0.8299999999999998
    },
    "18": {
        "cost": 57.9075862057384,
        "ce": 9,
        "cc": 32,
        "z": 0.8199999999999998
    },
    "19": {
        "cost": 58.0193103436672,
        "ce": 9,
        "cc": 32,
        "z": 0.8099999999999998
    },
    "20": {
        "cost": 58.5531034471048,
        "ce": 10,
        "cc": 31,
        "z": 0.7899999999999998
    },
    "21": {
        "cost": 58.664827585033606,
        "ce": 10,
        "cc": 31,
        "z": 0.7799999999999998
    },
    "22": {
        "cost": 59.0868965505424,
        "ce": 11,
        "cc": 30,
        "z": 0.7699999999999998
    },
    "23": {
        "cost": 59.131034481575995,
        "ce": 10,
        "cc": 32,
        "z": 0.7999999999999998
    },
    "24": {
        "cost": 59.198620688471195,
        "ce": 11,
        "cc": 30,
        "z": 0.7599999999999998
    },
    "25": {
        "cost": 59.3103448264,
        "ce": 11,
        "cc": 30,
        "z": 0.7499999999999998
    },
    "26": {
        "cost": 59.7324137919088,
        "ce": 12,
        "cc": 29,
        "z": 0.7399999999999998
    },
    "27": {
        "cost": 59.8441379298376,
        "ce": 12,
        "cc": 29,
        "z": 0.7299999999999998
    },
    "28": {
        "cost": 60.3779310332752,
        "ce": 13,
        "cc": 28,
        "z": 0.7099999999999997
    },
    "29": {
        "cost": 60.48965517120399,
        "ce": 13,
        "cc": 28,
        "z": 0.6999999999999997
    },
    "30": {
        "cost": 60.9558620677464,
        "ce": 13,
        "cc": 29,
        "z": 0.7199999999999998
    },
    "31": {
        "cost": 61.0234482746416,
        "ce": 14,
        "cc": 27,
        "z": 0.6799999999999997
    },
    "32": {
        "cost": 61.1351724125704,
        "ce": 14,
        "cc": 27,
        "z": 0.6699999999999997
    },
    "33": {
        "cost": 61.601379309112794,
        "ce": 14,
        "cc": 28,
        "z": 0.6899999999999997
    },
    "34": {
        "cost": 61.668965516008,
        "ce": 15,
        "cc": 26,
        "z": 0.6499999999999997
    },
    "35": {
        "cost": 61.7806896539368,
        "ce": 15,
        "cc": 26,
        "z": 0.6399999999999997
    },
    "36": {
        "cost": 62.24689655047921,
        "ce": 15,
        "cc": 27,
        "z": 0.6599999999999997
    },
    "37": {
        "cost": 62.31448275737441,
        "ce": 16,
        "cc": 25,
        "z": 0.6199999999999997
    },
    "38": {
        "cost": 62.848275860811995,
        "ce": 17,
        "cc": 24,
        "z": 0.5999999999999996
    },
    "39": {
        "cost": 62.8924137918456,
        "ce": 16,
        "cc": 26,
        "z": 0.6299999999999997
    },
    "40": {
        "cost": 62.959999998740805,
        "ce": 17,
        "cc": 24,
        "z": 0.5899999999999996
    },
    "41": {
        "cost": 63.4262068952832,
        "ce": 17,
        "cc": 25,
        "z": 0.6099999999999997
    },
    "42": {
        "cost": 63.493793102178394,
        "ce": 18,
        "cc": 23,
        "z": 0.5699999999999996
    },
    "43": {
        "cost": 63.6055172401072,
        "ce": 18,
        "cc": 23,
        "z": 0.5599999999999996
    },
    "44": {
        "cost": 64.07172413664959,
        "ce": 18,
        "cc": 24,
        "z": 0.5799999999999996
    },
    "45": {
        "cost": 64.13931034354479,
        "ce": 19,
        "cc": 22,
        "z": 0.5399999999999996
    },
    "46": {
        "cost": 64.25103448147361,
        "ce": 19,
        "cc": 22,
        "z": 0.5299999999999996
    },
    "47": {
        "cost": 64.717241378016,
        "ce": 19,
        "cc": 23,
        "z": 0.5499999999999996
    },
    "48": {
        "cost": 64.7848275849112,
        "ce": 20,
        "cc": 21,
        "z": 0.5099999999999996
    },
    "49": {
        "cost": 65.36275861938239,
        "ce": 20,
        "cc": 22,
        "z": 0.5199999999999996
    }
}