{
    "0": {
        "cost": 107.72000000700797,
        "ce": 20,
        "cc": 13,
        "z": 0.36999999999999944
    },
    "1": {
        "cost": 108.28000000709196,
        "ce": 20,
        "cc": 13,
        "z": 0.37999999999999945
    },
    "2": {
        "cost": 111.84000000747596,
        "ce": 20,
        "cc": 14,
        "z": 0.38999999999999946
    },
    "3": {
        "cost": 111.96000000764397,
        "ce": 19,
        "cc": 14,
        "z": 0.4099999999999995
    },
    "4": {
        "cost": 112.40000000755997,
        "ce": 20,
        "cc": 14,
        "z": 0.39999999999999947
    },
    "5": {
        "cost": 115.52000000802795,
        "ce": 19,
        "cc": 15,
        "z": 0.4199999999999995
    },
    "6": {
        "cost": 115.64000000819595,
        "ce": 18,
        "cc": 15,
        "z": 0.4399999999999995
    },
    "7": {
        "cost": 116.08000000811197,
        "ce": 19,
        "cc": 15,
        "z": 0.4299999999999995
    },
    "8": {
        "cost": 116.20000000827996,
        "ce": 18,
        "cc": 15,
        "z": 0.4499999999999995
    },
    "9": {
        "cost": 119.76000000866395,
        "ce": 18,
        "cc": 16,
        "z": 0.4599999999999995
    },
    "10": {
        "cost": 119.88000000883196,
        "ce": 17,
        "cc": 16,
        "z": 0.47999999999999954
    },
    "11": {
        "cost": 120.32000000874797,
        "ce": 18,
        "cc": 16,
        "z": 0.46999999999999953
    },
    "12": {
        "cost": 123.44000000921595,
        "ce": 17,
        "cc": 17,
        "z": 0.48999999999999955
    },
    "13": {
        "cost": 124.00000000929997,
        "ce": 17,
        "cc": 17,
        "z": 0.49999999999999956
    },
    "14": {
        "cost": 124.12000000946796,
        "ce": 16,
        "cc": 17,
        "z": 0.5199999999999996
    },
    "15": {
        "cost": 124.56000000938397,
        "ce": 17,
        "cc": 17,
        "z": 0.5099999999999996
    },
    "16": {
        "cost": 127.68000000985197,
        "ce": 16,
        "cc": 18,
        "z": 0.5299999999999996
    },
    "17": {
        "cost": 127.80000001001997,
        "ce": 15,
        "cc": 18,
        "z": 0.5499999999999996
    },
    "18": {
        "cost": 128.24000000993595,
        "ce": 16,
        "cc": 18,
        "z": 0.5399999999999996
    },
    "19": {
        "cost": 128.36000001010396,
        "ce": 15,
        "cc": 18,
        "z": 0.5599999999999996
    },
    "20": {
        "cost": 131.92000001048797,
        "ce": 15,
        "cc": 19,
        "z": 0.5699999999999996
    },
    "21": {
        "cost": 132.04000001065597,
        "ce": 14,
        "cc": 19,
        "z": 0.5899999999999996
    },
    "22": {
        "cost": 132.48000001057198,
        "ce": 15,
        "cc": 19,
        "z": 0.5799999999999996
    },
    "23": {
        "cost": 135.60000001103995,
        "ce": 14,
        "cc": 20,
        "z": 0.5999999999999996
    },
    "24": {
        "cost": 135.72000001120796,
        "ce": 13,
        "cc": 20,
        "z": 0.6199999999999997
    },
    "25": {
        "cost": 136.16000001112397,
        "ce": 14,
        "cc": 20,
        "z": 0.6099999999999997
    },
    "26": {
        "cost": 136.28000001129197,
        "ce": 13,
        "cc": 20,
        "z": 0.6299999999999997
    },
    "27": {
        "cost": 139.84000001167598,
        "ce": 13,
        "cc": 21,
        "z": 0.6399999999999997
    },
    "28": {
        "cost": 139.960000011844,
        "ce": 12,
        "cc": 21,
        "z": 0.6599999999999997
    },
    "29": {
        "cost": 140.40000001175997,
        "ce": 13,
        "cc": 21,
        "z": 0.6499999999999997
    },
    "30": {
        "cost": 143.52000001222797,
        "ce": 12,
        "cc": 22,
        "z": 0.6699999999999997
    },
    "31": {
        "cost": 143.64000001239597,
        "ce": 11,
        "cc": 22,
        "z": 0.6899999999999997
    },
    "32": {
        "cost": 144.08000001231198,
        "ce": 12,
        "cc": 22,
        "z": 0.6799999999999997
    },
    "33": {
        "cost": 144.20000001248,
        "ce": 11,
        "cc": 22,
        "z": 0.6999999999999997
    },
    "34": {
        "cost": 147.32000001294796,
        "ce": 10,
        "cc": 23,
        "z": 0.7199999999999998
    },
    "35": {
        "cost": 147.76000001286397,
        "ce": 11,
        "cc": 23,
        "z": 0.7099999999999997
    },
    "36": {
        "cost": 147.88000001303197,
        "ce": 10,
        "cc": 23,
        "z": 0.7299999999999998
    },
    "37": {
        "cost": 151.44000001341598,
        "ce": 10,
        "cc": 24,
        "z": 0.7399999999999998
    },
    "38": {
        "cost": 151.560000013584,
        "ce": 9,
        "cc": 24,
        "z": 0.7599999999999998
    },
    "39": {
        "cost": 152.00000001349997,
        "ce": 10,
        "cc": 24,
        "z": 0.7499999999999998
    },
    "40": {
        "cost": 152.12000001366798,
        "ce": 9,
        "cc": 24,
        "z": 0.7699999999999998
    },
    "41": {
        "cost": 155.68000001405198,
        "ce": 9,
        "cc": 25,
        "z": 0.7799999999999998
    },
    "42": {
        "cost": 155.80000001422,
        "ce": 8,
        "cc": 25,
        "z": 0.7999999999999998
    },
    "43": {
        "cost": 156.240000014136,
        "ce": 9,
        "cc": 25,
        "z": 0.7899999999999998
    },
    "44": {
        "cost": 159.360000014604,
        "ce": 8,
        "cc": 26,
        "z": 0.8099999999999998
    },
    "45": {
        "cost": 159.48000001477197,
        "ce": 7,
        "cc": 26,
        "z": 0.8299999999999998
    },
    "46": {
        "cost": 159.920000014688,
        "ce": 8,
        "cc": 26,
        "z": 0.8199999999999998
    },
    "47": {
        "cost": 160.040000014856,
        "ce": 7,
        "cc": 26,
        "z": 0.8399999999999999
    },
    "48": {
        "cost": 163.160000015324,
        "ce": 6,
        "cc": 27,
        "z": 0.8599999999999999
    },
    "49": {
        "cost": 163.60000001523997,
        "ce": 7,
        "cc": 27,
        "z": 0.8499999999999999
    },
    "50": {
        "cost": 163.720000015408,
        "ce": 6,
        "cc": 27,
        "z": 0.8699999999999999
    },
    "51": {
        "cost": 164.280000015492,
        "ce": 6,
        "cc": 27,
        "z": 0.8799999999999999
    },
    "52": {
        "cost": 167.40000001596,
        "ce": 5,
        "cc": 28,
        "z": 0.8999999999999999
    },
    "53": {
        "cost": 167.840000015876,
        "ce": 6,
        "cc": 28,
        "z": 0.8899999999999999
    },
    "54": {
        "cost": 167.96000001604398,
        "ce": 5,
        "cc": 28,
        "z": 0.9099999999999999
    },
    "55": {
        "cost": 171.080000016512,
        "ce": 4,
        "cc": 29,
        "z": 0.9299999999999999
    },
    "56": {
        "cost": 171.52000001642799,
        "ce": 5,
        "cc": 29,
        "z": 0.9199999999999999
    },
    "57": {
        "cost": 171.640000016596,
        "ce": 4,
        "cc": 29,
        "z": 0.94
    },
    "58": {
        "cost": 172.20000001668,
        "ce": 4,
        "cc": 29,
        "z": 0.95
    },
    "59": {
        "cost": 174.760000017064,
        "ce": 3,
        "cc": 30,
        "z": 0.96
    },
    "60": {
        "cost": 175.320000017148,
        "ce": 3,
        "cc": 30,
        "z": 0.97
    },
    "61": {
        "cost": 175.44000001731598,
        "ce": 2,
        "cc": 30,
        "z": 0.99
    },
    "62": {
        "cost": 175.880000017232,
        "ce": 3,
        "cc": 30,
        "z": 0.98
    },
    "63": {
        "cost": 177.0000000177,
        "ce": 0,
        "cc": 31,
        "z": 1.0
    }
}