{
    "0": {
        "cost": 61.88000000238197,
        "ce": 20,
        "cc": 5,
        "z": 0.13999999999999924
    },
    "1": {
        "cost": 65.30000000274497,
        "ce": 20,
        "cc": 6,
        "z": 0.14999999999999925
    },
    "2": {
        "cost": 65.72000000280796,
        "ce": 20,
        "cc": 6,
        "z": 0.15999999999999925
    },
    "3": {
        "cost": 66.14000000287096,
        "ce": 20,
        "cc": 6,
        "z": 0.16999999999999926
    },
    "4": {
        "cost": 66.56000000293398,
        "ce": 20,
        "cc": 6,
        "z": 0.17999999999999927
    },
    "5": {
        "cost": 68.98000000329696,
        "ce": 19,
        "cc": 7,
        "z": 0.18999999999999928
    },
    "6": {
        "cost": 69.40000000335996,
        "ce": 19,
        "cc": 7,
        "z": 0.1999999999999993
    },
    "7": {
        "cost": 69.82000000342296,
        "ce": 19,
        "cc": 7,
        "z": 0.2099999999999993
    },
    "8": {
        "cost": 70.24000000348596,
        "ce": 19,
        "cc": 7,
        "z": 0.2199999999999993
    },
    "9": {
        "cost": 70.66000000354897,
        "ce": 19,
        "cc": 7,
        "z": 0.22999999999999932
    },
    "10": {
        "cost": 73.08000000391198,
        "ce": 18,
        "cc": 8,
        "z": 0.23999999999999932
    },
    "11": {
        "cost": 73.50000000397498,
        "ce": 18,
        "cc": 8,
        "z": 0.24999999999999933
    },
    "12": {
        "cost": 73.76000000416397,
        "ce": 17,
        "cc": 8,
        "z": 0.27999999999999936
    },
    "13": {
        "cost": 73.92000000403797,
        "ce": 18,
        "cc": 8,
        "z": 0.25999999999999934
    },
    "14": {
        "cost": 74.34000000410097,
        "ce": 18,
        "cc": 8,
        "z": 0.26999999999999935
    },
    "15": {
        "cost": 77.18000000452696,
        "ce": 17,
        "cc": 9,
        "z": 0.28999999999999937
    },
    "16": {
        "cost": 77.60000000458997,
        "ce": 17,
        "cc": 9,
        "z": 0.2999999999999994
    },
    "17": {
        "cost": 78.02000000465296,
        "ce": 17,
        "cc": 9,
        "z": 0.3099999999999994
    },
    "18": {
        "cost": 78.44000000471597,
        "ce": 17,
        "cc": 9,
        "z": 0.3199999999999994
    },
    "19": {
        "cost": 80.86000000507897,
        "ce": 16,
        "cc": 10,
        "z": 0.3299999999999994
    },
    "20": {
        "cost": 81.28000000514197,
        "ce": 16,
        "cc": 10,
        "z": 0.3399999999999994
    },
    "21": {
        "cost": 81.70000000520497,
        "ce": 16,
        "cc": 10,
        "z": 0.3499999999999994
    },
    "22": {
        "cost": 82.12000000526797,
        "ce": 16,
        "cc": 10,
        "z": 0.35999999999999943
    },
    "23": {
        "cost": 82.54000000533097,
        "ce": 16,
        "cc": 10,
        "z": 0.36999999999999944
    },
    "24": {
        "cost": 84.96000000569398,
        "ce": 15,
        "cc": 11,
        "z": 0.37999999999999945
    },
    "25": {
        "cost": 85.38000000575698,
        "ce": 15,
        "cc": 11,
        "z": 0.38999999999999946
    },
    "26": {
        "cost": 85.80000000581998,
        "ce": 15,
        "cc": 11,
        "z": 0.39999999999999947
    },
    "27": {
        "cost": 86.22000000588298,
        "ce": 15,
        "cc": 11,
        "z": 0.4099999999999995
    },
    "28": {
        "cost": 88.64000000624598,
        "ce": 14,
        "cc": 12,
        "z": 0.4199999999999995
    },
    "29": {
        "cost": 89.06000000630898,
        "ce": 14,
        "cc": 12,
        "z": 0.4299999999999995
    },
    "30": {
        "cost": 89.48000000637198,
        "ce": 14,
        "cc": 12,
        "z": 0.4399999999999995
    },
    "31": {
        "cost": 89.90000000643498,
        "ce": 14,
        "cc": 12,
        "z": 0.4499999999999995
    },
    "32": {
        "cost": 90.32000000649799,
        "ce": 14,
        "cc": 12,
        "z": 0.4599999999999995
    },
    "33": {
        "cost": 92.74000000686098,
        "ce": 13,
        "cc": 13,
        "z": 0.46999999999999953
    },
    "34": {
        "cost": 93.16000000692398,
        "ce": 13,
        "cc": 13,
        "z": 0.47999999999999954
    },
    "35": {
        "cost": 93.58000000698698,
        "ce": 13,
        "cc": 13,
        "z": 0.48999999999999955
    },
    "36": {
        "cost": 94.00000000704998,
        "ce": 13,
        "cc": 13,
        "z": 0.49999999999999956
    },
    "37": {
        "cost": 94.42000000711298,
        "ce": 13,
        "cc": 13,
        "z": 0.5099999999999996
    },
    "38": {
        "cost": 96.840000007476,
        "ce": 12,
        "cc": 14,
        "z": 0.5199999999999996
    },
    "39": {
        "cost": 97.26000000753899,
        "ce": 12,
        "cc": 14,
        "z": 0.5299999999999996
    },
    "40": {
        "cost": 97.68000000760199,
        "ce": 12,
        "cc": 14,
        "z": 0.5399999999999996
    },
    "41": {
        "cost": 98.10000000766499,
        "ce": 12,
        "cc": 14,
        "z": 0.5499999999999996
    },
    "42": {
        "cost": 100.94000000809099,
        "ce": 11,
        "cc": 15,
        "z": 0.5699999999999996
    },
    "43": {
        "cost": 101.36000000815397,
        "ce": 11,
        "cc": 15,
        "z": 0.5799999999999996
    },
    "44": {
        "cost": 101.520000008028,
        "ce": 12,
        "cc": 15,
        "z": 0.5599999999999996
    },
    "45": {
        "cost": 101.78000000821699,
        "ce": 11,
        "cc": 15,
        "z": 0.5899999999999996
    },
    "46": {
        "cost": 102.20000000828,
        "ce": 11,
        "cc": 15,
        "z": 0.5999999999999996
    },
    "47": {
        "cost": 104.62000000864299,
        "ce": 10,
        "cc": 16,
        "z": 0.6099999999999997
    },
    "48": {
        "cost": 105.04000000870599,
        "ce": 10,
        "cc": 16,
        "z": 0.6199999999999997
    },
    "49": {
        "cost": 105.46000000876899,
        "ce": 10,
        "cc": 16,
        "z": 0.6299999999999997
    },
    "50": {
        "cost": 105.88000000883198,
        "ce": 10,
        "cc": 16,
        "z": 0.6399999999999997
    },
    "51": {
        "cost": 106.30000000889498,
        "ce": 10,
        "cc": 16,
        "z": 0.6499999999999997
    },
    "52": {
        "cost": 108.720000009258,
        "ce": 9,
        "cc": 17,
        "z": 0.6599999999999997
    },
    "53": {
        "cost": 109.14000000932099,
        "ce": 9,
        "cc": 17,
        "z": 0.6699999999999997
    },
    "54": {
        "cost": 109.560000009384,
        "ce": 9,
        "cc": 17,
        "z": 0.6799999999999997
    },
    "55": {
        "cost": 109.980000009447,
        "ce": 9,
        "cc": 17,
        "z": 0.6899999999999997
    },
    "56": {
        "cost": 110.40000000951,
        "ce": 9,
        "cc": 17,
        "z": 0.6999999999999997
    },
    "57": {
        "cost": 112.82000000987298,
        "ce": 8,
        "cc": 18,
        "z": 0.7099999999999997
    },
    "58": {
        "cost": 113.240000009936,
        "ce": 8,
        "cc": 18,
        "z": 0.7199999999999998
    },
    "59": {
        "cost": 113.50000001012498,
        "ce": 7,
        "cc": 18,
        "z": 0.7499999999999998
    },
    "60": {
        "cost": 113.66000000999898,
        "ce": 8,
        "cc": 18,
        "z": 0.7299999999999998
    },
    "61": {
        "cost": 114.080000010062,
        "ce": 8,
        "cc": 18,
        "z": 0.7399999999999998
    },
    "62": {
        "cost": 116.920000010488,
        "ce": 7,
        "cc": 19,
        "z": 0.7599999999999998
    },
    "63": {
        "cost": 117.340000010551,
        "ce": 7,
        "cc": 19,
        "z": 0.7699999999999998
    },
    "64": {
        "cost": 117.760000010614,
        "ce": 7,
        "cc": 19,
        "z": 0.7799999999999998
    },
    "65": {
        "cost": 118.18000001067699,
        "ce": 7,
        "cc": 19,