{
    "0": {
        "cost": 83.00000000449995,
        "ce": 20,
        "cc": 9,
        "z": 0.24999999999999933
    },
    "1": {
        "cost": 83.48000000457195,
        "ce": 20,
        "cc": 9,
        "z": 0.25999999999999934
    },
    "2": {
        "cost": 83.96000000464394,
        "ce": 20,
        "cc": 9,
        "z": 0.26999999999999935
    },
    "3": {
        "cost": 84.44000000471596,
        "ce": 20,
        "cc": 9,
        "z": 0.27999999999999936
    },
    "4": {
        "cost": 86.92000000508796,
        "ce": 19,
        "cc": 10,
        "z": 0.28999999999999937
    },
    "5": {
        "cost": 87.40000000515997,
        "ce": 19,
        "cc": 10,
        "z": 0.2999999999999994
    },
    "6": {
        "cost": 87.88000000523195,
        "ce": 19,
        "cc": 10,
        "z": 0.3099999999999994
    },
    "7": {
        "cost": 88.36000000530396,
        "ce": 19,
        "cc": 10,
        "z": 0.3199999999999994
    },
    "8": {
        "cost": 90.84000000567596,
        "ce": 18,
        "cc": 11,
        "z": 0.3299999999999994
    },
    "9": {
        "cost": 91.32000000574796,
        "ce": 18,
        "cc": 11,
        "z": 0.3399999999999994
    },
    "10": {
        "cost": 91.80000000581997,
        "ce": 18,
        "cc": 11,
        "z": 0.3499999999999994
    },
    "11": {
        "cost": 92.28000000589196,
        "ce": 18,
        "cc": 11,
        "z": 0.35999999999999943
    },
    "12": {
        "cost": 94.76000000626395,
        "ce": 17,
        "cc": 12,
        "z": 0.36999999999999944
    },
    "13": {
        "cost": 95.24000000633596,
        "ce": 17,
        "cc": 12,
        "z": 0.37999999999999945
    },
    "14": {
        "cost": 95.72000000640796,
        "ce": 17,
        "cc": 12,
        "z": 0.38999999999999946
    },
    "15": {
        "cost": 96.20000000647995,
        "ce": 17,
        "cc": 12,
        "z": 0.39999999999999947
    },
    "16": {
        "cost": 99.16000000692398,
        "ce": 16,
        "cc": 13,
        "z": 0.4199999999999995
    },
    "17": {
        "cost": 99.64000000699596,
        "ce": 16,
        "cc": 13,
        "z": 0.4299999999999995
    },
    "18": {
        "cost": 99.68000000685197,
        "ce": 17,
        "cc": 13,
        "z": 0.4099999999999995
    },
    "19": {
        "cost": 100.12000000706797,
        "ce": 16,
        "cc": 13,
        "z": 0.4399999999999995
    },
    "20": {
        "cost": 103.08000000751197,
        "ce": 15,
        "cc": 14,
        "z": 0.4599999999999995
    },
    "21": {
        "cost": 103.56000000758398,
        "ce": 15,
        "cc": 14,
        "z": 0.46999999999999953
    },
    "22": {
        "cost": 103.60000000743997,
        "ce": 16,
        "cc": 14,
        "z": 0.4499999999999995
    },
    "23": {
        "cost": 104.04000000765598,
        "ce": 15,
        "cc": 14,
        "z": 0.47999999999999954
    },
    "24": {
        "cost": 106.52000000802796,
        "ce": 14,
        "cc": 15,
        "z": 0.48999999999999955
    },
    "25": {
        "cost": 107.00000000809996,
        "ce": 14,
        "cc": 15,
        "z": 0.49999999999999956
    },
    "26": {
        "cost": 107.48000000817197,
        "ce": 14,
        "cc": 15,
        "z": 0.5099999999999996
    },
    "27": {
        "cost": 107.96000000824397,
        "ce": 14,
        "cc": 15,
        "z": 0.5199999999999996
    },
    "28": {
        "cost": 110.92000000868796,
        "ce": 13,
        "cc": 16,
        "z": 0.5399999999999996
    },
    "29": {
        "cost": 111.40000000875997,
        "ce": 13,
        "cc": 16,
        "z": 0.5499999999999996
    },
    "30": {
        "cost": 111.44000000861595,
        "ce": 14,
        "cc": 16,
        "z": 0.5299999999999996
    },
    "31": {
        "cost": 111.88000000883196,
        "ce": 13,
        "cc": 16,
        "z": 0.5599999999999996
    },
    "32": {
        "cost": 112.36000000890397,
        "ce": 13,
        "cc": 16,
        "z": 0.5699999999999996
    },
    "33": {
        "cost": 114.84000000927597,
        "ce": 12,
        "cc": 17,
        "z": 0.5799999999999996
    },
    "34": {
        "cost": 115.32000000934798,
        "ce": 12,
        "cc": 17,
        "z": 0.5899999999999996
    },
    "35": {
        "cost": 115.80000000941996,
        "ce": 12,
        "cc": 17,
        "z": 0.5999999999999996
    },
    "36": {
        "cost": 116.28000000949197,
        "ce": 12,
        "cc": 17,
        "z": 0.6099999999999997
    },
    "37": {
        "cost": 118.76000000986397,
        "ce": 11,
        "cc": 18,
        "z": 0.6199999999999997
    },
    "38": {
        "cost": 119.24000000993598,
        "ce": 11,
        "cc": 18,
        "z": 0.6299999999999997
    },
    "39": {
        "cost": 119.72000001000796,
        "ce": 11,
        "cc": 18,
        "z": 0.6399999999999997
    },
    "40": {
        "cost": 120.20000001007998,
        "ce": 11,
        "cc": 18,
        "z": 0.6499999999999997
    },
    "41": {
        "cost": 122.68000001045198,
        "ce": 10,
        "cc": 19,
        "z": 0.6599999999999997
    },
    "42": {
        "cost": 123.16000001052397,
        "ce": 10,
        "cc": 19,
        "z": 0.6699999999999997
    },
    "43": {
        "cost": 123.64000001059597,
        "ce": 10,
        "cc": 19,
        "z": 0.6799999999999997
    },
    "44": {
        "cost": 124.12000001066798,
        "ce": 10,
        "cc": 19,
        "z": 0.6899999999999997
    },
    "45": {
        "cost": 126.60000001103997,
        "ce": 9,
        "cc": 20,
        "z": 0.6999999999999997
    },
    "46": {
        "cost": 127.08000001111196,
        "ce": 9,
        "cc": 20,
        "z": 0.7099999999999997
    },
    "47": {
        "cost": 127.56000001118397,
        "ce": 9,
        "cc": 20,
        "z": 0.7199999999999998
    },
    "48": {
        "cost": 128.04000001125598,
        "ce": 9,
        "cc": 20,
        "z": 0.7299999999999998
    },
    "49": {
        "cost": 130.52000001162799,
        "ce": 8,
        "cc": 21,
        "z": 0.7399999999999998
    },
    "50": {
        "cost": 131.00000001169997,
        "ce": 8,
        "cc": 21,
        "z": 0.7499999999999998
    },
    "51": {
        "cost": 131.48000001177198,
        "ce": 8,
        "cc": 21,
        "z": 0.7599999999999998
    },
    "52": {
        "cost": 131.96000001184396,
        "ce": 8,
        "cc": 21,
        "z": 0.7699999999999998
    },
    "53": {
        "cost": 134.440000012216,
        "ce": 7,
        "cc": 22,
        "z": 0.7799999999999998
    },
    "54": {
        "cost": 134.92000001228797,
        "ce": 7,
        "cc": 22,
        "z": 0.7899999999999998
    },
    "55": {
        "cost": 135.36000001250397,
        "ce": 6,
        "cc": 22,
        "z": 0.8199999999999998
    },
    "56": {
        "cost": 135.40000001235998,
        "ce": 7,
        "cc": 22,
        "z": 0.7999999999999998
    },
    "57": {
        "cost": 135.880000012432,
        "ce": 7,
        "cc": 22,
        "z": 0.8099999999999998
    },
    "58": {
        "cost": 138.84000001287598,
        "ce": 6,
        "cc": 23,
        "z": 0.8299999999999998
    },
    "59": {
        "cost": 139.320000012948,
        "ce": 6,
        "cc": 23,
        "z": 0.8399999999999999
    },
    "60": {
        "cost": 139.80000001302,
        "ce": 6,
        "cc": 23,
        "z": 0.8499999999999999
    },
    "61": {
        "cost": 142.28000001339197,
        "ce": 5,
        "cc": 24,
        "z": 0.8599999999999999
    },
    "62": {
        "cost": 142.76000001346398,
        "ce": 5,
        "cc": 24,
        "z": 0.8699999999999999
    },
    "63": {
        "cost": 143.20000001367998,
        "ce": 4,
        "cc": 24,
        "z": 0.8999999999999999
    },
    "64": {
        "cost": 143.24000001353596,
        "ce": 5,
        "cc": 24,
        "z": 0.8799999999999999
    },
    "65": {
        "cost": 143.720000013608,