{
    "0": {
        "cost": 32.4137931028,
        "ce": 0,
        "cc": 25,
        "z": 1.0
    },
    "1": {
        "cost": 33.8606896544952,
        "ce": 2,
        "cc": 24,
        "z": 0.98
    },
    "2": {
        "cost": 33.9289655165628,
        "ce": 2,
        "cc": 24,
        "z": 0.97
    },
    "3": {
        "cost": 34.482068964827604,
        "ce": 2,
        "cc": 25,
        "z": 0.99
    },
    "4": {
        "cost": 34.5124137924132,
        "ce": 3,
        "cc": 23,
        "z": 0.9299999999999999
    },
    "5": {
        "cost": 34.9972413786104,
        "ce": 3,
        "cc": 24,
        "z": 0.96
    },
    "6": {
        "cost": 35.06551724067799,
        "ce": 3,
        "cc": 24,
        "z": 0.95
    },
    "7": {
        "cost": 35.1337931027456,
        "ce": 3,
        "cc": 24,
        "z": 0.94
    },
    "8": {
        "cost": 35.5806896544608,
        "ce": 4,
        "cc": 23,
        "z": 0.9199999999999999
    },
    "9": {
        "cost": 35.6489655165284,
        "ce": 4,
        "cc": 23,
        "z": 0.9099999999999999
    },
    "10": {
        "cost": 35.717241378596,
        "ce": 4,
        "cc": 23,
        "z": 0.8999999999999999
    },
    "11": {
        "cost": 36.095862068243605,
        "ce": 5,
        "cc": 22,
        "z": 0.8899999999999999
    },
    "12": {
        "cost": 36.1641379303112,
        "ce": 5,
        "cc": 22,
        "z": 0.8799999999999999
    },
    "13": {
        "cost": 36.2324137923788,
        "ce": 5,
        "cc": 22,
        "z": 0.8699999999999999
    },
    "14": {
        "cost": 36.3006896544464,
        "ce": 5,
        "cc": 22,
        "z": 0.8599999999999999
    },
    "15": {
        "cost": 36.368965516513995,
        "ce": 5,
        "cc": 22,
        "z": 0.8499999999999999
    },
    "16": {
        "cost": 36.7475862061616,
        "ce": 6,
        "cc": 21,
        "z": 0.8399999999999999
    },
    "17": {
        "cost": 36.8158620682292,
        "ce": 6,
        "cc": 21,
        "z": 0.8299999999999998
    },
    "18": {
        "cost": 36.8841379302968,
        "ce": 6,
        "cc": 21,
        "z": 0.8199999999999998
    },
    "19": {
        "cost": 36.952413792364396,
        "ce": 6,
        "cc": 21,
        "z": 0.8099999999999998
    },
    "20": {
        "cost": 37.331034482012,
        "ce": 7,
        "cc": 20,
        "z": 0.7999999999999998
    },
    "21": {
        "cost": 37.399310344079595,
        "ce": 7,
        "cc": 20,
        "z": 0.7899999999999998
    },
    "22": {
        "cost": 37.467586206147196,
        "ce": 7,
        "cc": 20,
        "z": 0.7799999999999998
    },
    "23": {
        "cost": 37.5358620682148,
        "ce": 7,
        "cc": 20,
        "z": 0.7699999999999998
    },
    "24": {
        "cost": 37.6041379302824,
        "ce": 7,
        "cc": 20,
        "z": 0.7599999999999998
    },
    "25": {
        "cost": 37.982758619929996,
        "ce": 8,
        "cc": 19,
        "z": 0.7499999999999998
    },
    "26": {
        "cost": 38.051034481997604,
        "ce": 8,
        "cc": 19,
        "z": 0.7399999999999998
    },
    "27": {
        "cost": 38.1193103440652,
        "ce": 8,
        "cc": 19,
        "z": 0.7299999999999998
    },
    "28": {
        "cost": 38.1875862061328,
        "ce": 8,
        "cc": 19,
        "z": 0.7199999999999998
    },
    "29": {
        "cost": 38.5662068957804,
        "ce": 9,
        "cc": 18,
        "z": 0.7099999999999997
    },
    "30": {
        "cost": 38.634482757848,
        "ce": 9,
        "cc": 18,
        "z": 0.6999999999999997
    },
    "31": {
        "cost": 38.7027586199156,
        "ce": 9,
        "cc": 18,
        "z": 0.6899999999999997
    },
    "32": {
        "cost": 38.7710344819832,
        "ce": 9,
        "cc": 18,
        "z": 0.6799999999999997
    },
    "33": {
        "cost": 39.2179310336984,
        "ce": 10,
        "cc": 17,
        "z": 0.6599999999999997
    },
    "34": {
        "cost": 39.286206895766,
        "ce": 10,
        "cc": 17,
        "z": 0.6499999999999997
    },
    "35": {
        "cost": 39.354482757833594,
        "ce": 10,
        "cc": 17,
        "z": 0.6399999999999997
    },
    "36": {
        "cost": 39.422758619901195,
        "ce": 10,
        "cc": 17,
        "z": 0.6299999999999997
    },
    "37": {
        "cost": 39.8013793095488,
        "ce": 11,
        "cc": 16,
        "z": 0.6199999999999997
    },
    "38": {
        "cost": 39.8393103440308,
        "ce": 10,
        "cc": 18,
        "z": 0.6699999999999997
    },
    "39": {
        "cost": 39.8696551716164,
        "ce": 11,
        "cc": 16,
        "z": 0.6099999999999997
    },
    "40": {
        "cost": 39.937931033683995,
        "ce": 11,
        "cc": 16,
        "z": 0.5999999999999996
    },
    "41": {
        "cost": 40.0062068957516,
        "ce": 11,
        "cc": 16,
        "z": 0.5899999999999996
    },
    "42": {
        "cost": 40.4531034474668,
        "ce": 12,
        "cc": 15,
        "z": 0.5699999999999996
    },
    "43": {
        "cost": 40.5213793095344,
        "ce": 12,
        "cc": 15,
        "z": 0.5599999999999996
    },
    "44": {
        "cost": 40.589655171602004,
        "ce": 12,
        "cc": 15,
        "z": 0.5499999999999996
    },
    "45": {
        "cost": 40.6579310336696,
        "ce": 12,
        "cc": 15,
        "z": 0.5399999999999996
    },
    "46": {
        "cost": 41.036551723317196,
        "ce": 13,
        "cc": 14,
        "z": 0.5299999999999996
    },
    "47": {
        "cost": 41.074482757799196,
        "ce": 12,
        "cc": 16,
        "z": 0.5799999999999996
    },
    "48": {
        "cost": 41.1048275853848,
        "ce": 13,
        "cc": 14,
        "z": 0.5199999999999996
    },
    "49": {
        "cost": 41.1731034474524,
        "ce": 13,
        "cc": 14,
        "z": 0.5099999999999996
    },
    "50": {
        "cost": 41.24137930952,
        "ce": 13,
        "cc": 14,
        "z": 0.49999999999999956
    },
    "51": {
        "cost": 41.3096551715876,
        "ce": 13,
        "cc": 14,
        "z": 0.48999999999999955
    },
    "52": {
        "cost": 41.6882758612352,
        "ce": 14,
        "cc": 13,
        "z": 0.47999999999999954
    },
    "53": {
        "cost": 41.7565517233028,
        "ce": 14,
        "cc": 13,
        "z": 0.46999999999999953
    },
    "54": {
        "cost": 41.8248275853704,
        "ce": 14,
        "cc": 13,
        "z": 0.4599999999999995
    },
    "55": {
        "cost": 41.893103447437994,
        "ce": 14,
        "cc": 13,
        "z": 0.4499999999999995
    },
    "56": {
        "cost": 42.2717241370856,
        "ce": 15,
        "cc": 12,
        "z": 0.4399999999999995
    },
    "57": {
        "cost": 42.33999999915319,
        "ce": 15,
        "cc": 12,
        "z": 0.4299999999999995
    },
    "58": {
        "cost": 42.408275861220794,
        "ce": 15,
        "cc": 12,
        "z": 0.4199999999999995
    },
    "59": {
        "cost": 42.476551723288395,
        "ce": 15,
        "cc": 12,
        "z": 0.4099999999999995
    },
    "60": {
        "cost": 42.9234482750036,
        "ce": 16,
        "cc": 11,
        "z": 0.38999999999999946
    },
    "61": {
        "cost": 42.9917241370712,
        "ce": 16,
        "cc": 11,
        "z": 0.37999999999999945
    },
    "62": {
        "cost": 43.059999999138796,
        "ce": 16,
        "cc": 11,
        "z": 0.36999999999999944
    },
    "63": {
        "cost": 43.128275861206404,
        "ce": 16,
        "cc": 11,
        "z": 0.35999999999999943
    },
    "64": {
        "cost": 43.506896550854,
        "ce": 17,
        "cc": 10,
        "z": 0.3499999999999994
    },
    "65": {
        "cost": 43.544827585335995,
        "ce": 16,
        "cc": 12,
        "z": 0.39999999999999947
    },
    "66": {
        "cost": 43.5751724129216,
        "ce": 17,
        "cc": 10,