{
    "0": {
        "cost": 5.5172413792,
        "ce": 0,
        "cc": 5,
        "z": 1.0
    },
    "1": {
        "cost": 6.526551724007399,
        "ce": 1,
        "cc": 5,
        "z": 0.99
    },
    "2": {
        "cost": 6.535862068834799,
        "ce": 1,
        "cc": 5,
        "z": 0.98
    },
    "3": {
        "cost": 7.5451724136422005,
        "ce": 2,
        "cc": 5,
        "z": 0.97
    },
    "4": {
        "cost": 7.5544827584696,
        "ce": 2,
        "cc": 5,
        "z": 0.96
    },
    "5": {
        "cost": 7.563793103297,
        "ce": 2,
        "cc": 5,
        "z": 0.95
    },
    "6": {
        "cost": 7.5731034481243995,
        "ce": 2,
        "cc": 5,
        "z": 0.94
    },
    "7": {
        "cost": 7.582413792951799,
        "ce": 2,
        "cc": 5,
        "z": 0.9299999999999999
    },
    "8": {
        "cost": 7.5917241377792,
        "ce": 2,
        "cc": 5,
        "z": 0.9199999999999999
    },
    "9": {
        "cost": 7.6010344826066,
        "ce": 2,
        "cc": 5,
        "z": 0.9099999999999999
    },
    "10": {
        "cost": 7.610344827434,
        "ce": 2,
        "cc": 5,
        "z": 0.8999999999999999
    },
    "11": {
        "cost": 7.6196551722614,
        "ce": 2,
        "cc": 5,
        "z": 0.8899999999999999
    },
    "12": {
        "cost": 7.628965517088799,
        "ce": 2,
        "cc": 5,
        "z": 0.8799999999999999
    },
    "13": {
        "cost": 7.6382758619162,
        "ce": 2,
        "cc": 5,
        "z": 0.8699999999999999
    },
    "14": {
        "cost": 7.6475862067436,
        "ce": 2,
        "cc": 5,
        "z": 0.8599999999999999
    },
    "15": {
        "cost": 7.656896551571,
        "ce": 2,
        "cc": 5,
        "z": 0.8499999999999999
    },
    "16": {
        "cost": 7.6662068963984,
        "ce": 2,
        "cc": 5,
        "z": 0.8399999999999999
    },
    "17": {
        "cost": 7.6755172412258,
        "ce": 2,
        "cc": 5,
        "z": 0.8299999999999998
    },
    "18": {
        "cost": 7.6848275860532,
        "ce": 2,
        "cc": 5,
        "z": 0.8199999999999998
    },
    "19": {
        "cost": 7.6941379308806,
        "ce": 2,
        "cc": 5,
        "z": 0.8099999999999998
    },
    "20": {
        "cost": 7.703448275708,
        "ce": 2,
        "cc": 5,
        "z": 0.7999999999999998
    },
    "21": {
        "cost": 7.999999999839998,
        "ce": 5,
        "cc": 0,
        "z": 0
    },
    "22": {
        "cost": 8.106896551561999,
        "ce": 3,
        "cc": 4,
        "z": 0.6999999999999997
    },
    "23": {
        "cost": 8.116206896389398,
        "ce": 3,
        "cc": 4,
        "z": 0.6899999999999997
    },
    "24": {
        "cost": 8.125517241216798,
        "ce": 3,
        "cc": 4,
        "z": 0.6799999999999997
    },
    "25": {
        "cost": 8.1348275860442,
        "ce": 3,
        "cc": 4,
        "z": 0.6699999999999997
    },
    "26": {
        "cost": 8.144137930871599,
        "ce": 3,
        "cc": 4,
        "z": 0.6599999999999997
    },
    "27": {
        "cost": 8.153448275698999,
        "ce": 3,
        "cc": 4,
        "z": 0.6499999999999997
    },
    "28": {
        "cost": 8.1627586205264,
        "ce": 3,
        "cc": 4,
        "z": 0.6399999999999997
    },
    "29": {
        "cost": 8.172068965353798,
        "ce": 3,
        "cc": 4,
        "z": 0.6299999999999997
    },
    "30": {
        "cost": 8.1813793101812,
        "ce": 3,
        "cc": 4,
        "z": 0.6199999999999997
    },
    "31": {
        "cost": 8.1906896550086,
        "ce": 3,
        "cc": 4,
        "z": 0.6099999999999997
    },
    "32": {
        "cost": 8.199999999835999,
        "ce": 3,
        "cc": 4,
        "z": 0.5999999999999996
    },
    "33": {
        "cost": 8.2093103446634,
        "ce": 3,
        "cc": 4,
        "z": 0.5899999999999996
    },
    "34": {
        "cost": 8.218620689490798,
        "ce": 3,
        "cc": 4,
        "z": 0.5799999999999996
    },
    "35": {
        "cost": 8.2279310343182,
        "ce": 3,
        "cc": 4,
        "z": 0.5699999999999996
    },
    "36": {
        "cost": 8.2372413791456,
        "ce": 3,
        "cc": 4,
        "z": 0.5599999999999996
    },
    "37": {
        "cost": 8.246551723972999,
        "ce": 3,
        "cc": 4,
        "z": 0.5499999999999996
    },
    "38": {
        "cost": 8.255862068800399,
        "ce": 3,
        "cc": 4,
        "z": 0.5399999999999996
    },
    "39": {
        "cost": 8.265172413627798,
        "ce": 3,
        "cc": 4,
        "z": 0.5299999999999996
    },
    "40": {
        "cost": 8.677931034309198,
        "ce": 4,
        "cc": 3,
        "z": 0.4199999999999995
    },
    "41": {
        "cost": 8.6803448274126,
        "ce": 5,
        "cc": 1,
        "z": 0.009999999999999247
    },
    "42": {
        "cost": 8.687241379136598,
        "ce": 4,
        "cc": 3,
        "z": 0.4099999999999995
    },
    "43": {
        "cost": 8.696551723964,
        "ce": 4,
        "cc": 3,
        "z": 0.39999999999999947
    },
    "44": {
        "cost": 8.705862068791399,
        "ce": 4,
        "cc": 3,
        "z": 0.38999999999999946
    },
    "45": {
        "cost": 8.712758620515398,
        "ce": 3,
        "cc": 5,
        "z": 0.7899999999999998
    },
    "46": {
        "cost": 8.715172413618799,
        "ce": 4,
        "cc": 3,
        "z": 0.37999999999999945
    },
    "47": {
        "cost": 8.722068965342798,
        "ce": 3,
        "cc": 5,
        "z": 0.7799999999999998
    },
    "48": {
        "cost": 8.724482758446198,
        "ce": 4,
        "cc": 3,
        "z": 0.36999999999999944
    },
    "49": {
        "cost": 8.7313793101702,
        "ce": 3,
        "cc": 5,
        "z": 0.7699999999999998
    },
    "50": {
        "cost": 8.733793103273598,
        "ce": 4,
        "cc": 3,
        "z": 0.35999999999999943
    },
    "51": {
        "cost": 8.740689654997599,
        "ce": 3,
        "cc": 5,
        "z": 0.7599999999999998
    },
    "52": {
        "cost": 8.743103448101,
        "ce": 4,
        "cc": 3,
        "z": 0.3499999999999994
    },
    "53": {
        "cost": 8.749999999824999,
        "ce": 3,
        "cc": 5,
        "z": 0.7499999999999998
    },
    "54": {
        "cost": 8.7524137929284,
        "ce": 4,
        "cc": 3,
        "z": 0.3399999999999994
    },
    "55": {
        "cost": 8.759310344652398,
        "ce": 3,
        "cc": 5,
        "z": 0.7399999999999998
    },
    "56": {
        "cost": 8.761724137755799,
        "ce": 4,
        "cc": 3,
        "z": 0.3299999999999994
    },
    "57": {
        "cost": 8.768620689479798,
        "ce": 3,
        "cc": 5,
        "z": 0.7299999999999998
    },
    "58": {
        "cost": 8.771034482583199,
        "ce": 4,
        "cc": 3,
        "z": 0.3199999999999994
    },
    "59": {
        "cost": 8.7779310343072,
        "ce": 3,
        "cc": 5,
        "z": 0.7199999999999998
    },
    "60": {
        "cost": 8.780344827410598,
        "ce": 4,
        "cc": 3,
        "z": 0.3099999999999994
    },
    "61": {
        "cost": 8.7872413791346,
        "ce": 3,
        "cc": 5,
        "z": 0.7099999999999997
    },
    "62": {
        "cost": 8.789655172237998,
        "ce": 4,
        "cc": 3,
        "z": 0.2999999999999994
    },
    "63": {
        "cost": 8.7989655170654,
        "ce": 4,
        "cc": 3,
        "z": 0.28999999999999937
    },
    "64": {
        "cost": 8.8082758618928,
        "ce": 4,
        "cc": 3,
        "z": 0.27999999999999936
    },
    "65": {
        "cost": 8.817586206720199,
        "ce": 4,
        "cc": 3,
        "z": 0.26999999999999935
    },
    "66": {
        "cost": 8.826896551547598,
        "ce": 4,
        "cc": 3,
        "z": 0.25999999999999934
    },
    "67": {
        "cost": 8.836206896374998,
        "ce": 4,
        "cc": 3,
        "z": 0.24999999999999933
    },