{
    "0": {
        "cost": 13.103448275599998,
        "ce": 0,
        "cc": 11,
        "z": 1.0
    },
    "1": {
        "cost": 14.463448275572802,
        "ce": 2,
        "cc": 10,
        "z": 0.98
    },
    "2": {
        "cost": 14.4882758617792,
        "ce": 2,
        "cc": 10,
        "z": 0.97
    },
    "3": {
        "cost": 14.5131034479856,
        "ce": 2,
        "cc": 10,
        "z": 0.96
    },
    "4": {
        "cost": 14.537931034191999,
        "ce": 2,
        "cc": 10,
        "z": 0.95
    },
    "5": {
        "cost": 14.562758620398402,
        "ce": 2,
        "cc": 10,
        "z": 0.94
    },
    "6": {
        "cost": 15.128275861766397,
        "ce": 2,
        "cc": 11,
        "z": 0.99
    },
    "7": {
        "cost": 15.587586206584799,
        "ce": 3,
        "cc": 10,
        "z": 0.9299999999999999
    },
    "8": {
        "cost": 15.6124137927912,
        "ce": 3,
        "cc": 10,
        "z": 0.9199999999999999
    },
    "9": {
        "cost": 15.637241378997599,
        "ce": 3,
        "cc": 10,
        "z": 0.9099999999999999
    },
    "10": {
        "cost": 15.662068965204,
        "ce": 3,
        "cc": 10,
        "z": 0.8999999999999999
    },
    "11": {
        "cost": 15.686896551410399,
        "ce": 3,
        "cc": 10,
        "z": 0.8899999999999999
    },
    "12": {
        "cost": 15.711724137616798,
        "ce": 3,
        "cc": 10,
        "z": 0.8799999999999999
    },
    "13": {
        "cost": 15.7365517238232,
        "ce": 3,
        "cc": 10,
        "z": 0.8699999999999999
    },
    "14": {
        "cost": 15.7613793100296,
        "ce": 3,
        "cc": 10,
        "z": 0.8599999999999999
    },
    "15": {
        "cost": 15.786206896236,
        "ce": 3,
        "cc": 10,
        "z": 0.8499999999999999
    },
    "16": {
        "cost": 16.121379310022398,
        "ce": 4,
        "cc": 9,
        "z": 0.8399999999999999
    },
    "17": {
        "cost": 16.1462068962288,
        "ce": 4,
        "cc": 9,
        "z": 0.8299999999999998
    },
    "18": {
        "cost": 16.1710344824352,
        "ce": 4,
        "cc": 9,
        "z": 0.8199999999999998
    },
    "19": {
        "cost": 16.1958620686416,
        "ce": 4,
        "cc": 9,
        "z": 0.8099999999999998
    },
    "20": {
        "cost": 16.220689654848,
        "ce": 4,
        "cc": 9,
        "z": 0.7999999999999998
    },
    "21": {
        "cost": 16.2455172410544,
        "ce": 4,
        "cc": 9,
        "z": 0.7899999999999998
    },
    "22": {
        "cost": 16.2703448272608,
        "ce": 4,
        "cc": 9,
        "z": 0.7799999999999998
    },
    "23": {
        "cost": 16.2951724134672,
        "ce": 4,
        "cc": 9,
        "z": 0.7699999999999998
    },
    "24": {
        "cost": 16.319999999673602,
        "ce": 4,
        "cc": 9,
        "z": 0.7599999999999998
    },
    "25": {
        "cost": 16.34482758588,
        "ce": 4,
        "cc": 9,
        "z": 0.7499999999999998
    },
    "26": {
        "cost": 16.3696551720864,
        "ce": 4,
        "cc": 9,
        "z": 0.7399999999999998
    },
    "27": {
        "cost": 16.7048275858728,
        "ce": 5,
        "cc": 8,
        "z": 0.7299999999999998
    },
    "28": {
        "cost": 16.7296551720792,
        "ce": 5,
        "cc": 8,
        "z": 0.7199999999999998
    },
    "29": {
        "cost": 16.7544827582856,
        "ce": 5,
        "cc": 8,
        "z": 0.7099999999999997
    },
    "30": {
        "cost": 16.779310344492,
        "ce": 5,
        "cc": 8,
        "z": 0.6999999999999997
    },
    "31": {
        "cost": 16.8041379306984,
        "ce": 5,
        "cc": 8,
        "z": 0.6899999999999997
    },
    "32": {
        "cost": 16.828965516904802,
        "ce": 5,
        "cc": 8,
        "z": 0.6799999999999997
    },
    "33": {
        "cost": 16.8537931031112,
        "ce": 5,
        "cc": 8,
        "z": 0.6699999999999997
    },
    "34": {
        "cost": 16.8786206893176,
        "ce": 5,
        "cc": 8,
        "z": 0.6599999999999997
    },
    "35": {
        "cost": 16.903448275524,
        "ce": 5,
        "cc": 8,
        "z": 0.6499999999999997
    },
    "36": {
        "cost": 16.9282758617304,
        "ce": 5,
        "cc": 8,
        "z": 0.6399999999999997
    },
    "37": {
        "cost": 16.9531034479368,
        "ce": 5,
        "cc": 8,
        "z": 0.6299999999999997
    },
    "38": {
        "cost": 17.3131034479296,
        "ce": 6,
        "cc": 7,
        "z": 0.6099999999999997
    },
    "39": {
        "cost": 17.337931034136,
        "ce": 6,
        "cc": 7,
        "z": 0.5999999999999996
    },
    "40": {
        "cost": 17.362758620342397,
        "ce": 6,
        "cc": 7,
        "z": 0.5899999999999996
    },
    "41": {
        "cost": 17.3875862065488,
        "ce": 6,
        "cc": 7,
        "z": 0.5799999999999996
    },
    "42": {
        "cost": 17.4124137927552,
        "ce": 6,
        "cc": 7,
        "z": 0.5699999999999996
    },
    "43": {
        "cost": 17.4372413789616,
        "ce": 6,
        "cc": 7,
        "z": 0.5599999999999996
    },
    "44": {
        "cost": 17.462068965168,
        "ce": 6,
        "cc": 7,
        "z": 0.5499999999999996
    },
    "45": {
        "cost": 17.4868965513744,
        "ce": 6,
        "cc": 7,
        "z": 0.5399999999999996
    },
    "46": {
        "cost": 17.5117241375808,
        "ce": 6,
        "cc": 7,
        "z": 0.5299999999999996
    },
    "47": {
        "cost": 17.5365517237872,
        "ce": 6,
        "cc": 7,
        "z": 0.5199999999999996
    },
    "48": {
        "cost": 17.5613793099936,
        "ce": 6,
        "cc": 7,
        "z": 0.5099999999999996
    },
    "49": {
        "cost": 17.9213793099864,
        "ce": 7,
        "cc": 6,
        "z": 0.48999999999999955
    },
    "50": {
        "cost": 17.9462068961928,
        "ce": 7,
        "cc": 6,
        "z": 0.47999999999999954
    },
    "51": {
        "cost": 17.971034482399197,
        "ce": 7,
        "cc": 6,
        "z": 0.46999999999999953
    },
    "52": {
        "cost": 17.9779310341232,
        "ce": 6,
        "cc": 8,
        "z": 0.6199999999999997
    },
    "53": {
        "cost": 17.9958620686056,
        "ce": 7,
        "cc": 6,
        "z": 0.4599999999999995
    },
    "54": {
        "cost": 18.020689654812,
        "ce": 7,
        "cc": 6,
        "z": 0.4499999999999995
    },
    "55": {
        "cost": 18.045517241018402,
        "ce": 7,
        "cc": 6,
        "z": 0.4399999999999995
    },
    "56": {
        "cost": 18.0703448272248,
        "ce": 7,
        "cc": 6,
        "z": 0.4299999999999995
    },
    "57": {
        "cost": 18.0951724134312,
        "ce": 7,
        "cc": 6,
        "z": 0.4199999999999995
    },
    "58": {
        "cost": 18.1199999996376,
        "ce": 7,
        "cc": 6,
        "z": 0.4099999999999995
    },
    "59": {
        "cost": 18.144827585844,
        "ce": 7,
        "cc": 6,
        "z": 0.39999999999999947
    },
    "60": {
        "cost": 18.169655172050398,
        "ce": 7,
        "cc": 6,
        "z": 0.38999999999999946
    },
    "61": {
        "cost": 18.5296551720432,
        "ce": 8,
        "cc": 5,
        "z": 0.36999999999999944
    },
    "62": {
        "cost": 18.554482758249602,
        "ce": 8,
        "cc": 5,
        "z": 0.35999999999999943
    },
    "63": {
        "cost": 18.579310344456,
        "ce": 8,
        "cc": 5,
        "z": 0.3499999999999994
    },
    "64": {
        "cost": 18.58620689618,
        "ce": 7,
        "cc": 7,
        "z": 0.49999999999999956
    },
    "65": {
        "cost": 18.6041379306624,
        "ce": 8,
        "cc": 5,
        "z": 0.3399999999999994
    },
    "66": {
        "cost": 18.6289655168688,
        "ce": 8,
        "cc": 5,
        "z": 0.3299999999999994
    },
    "67": {
        "cost": 18.6537931030752,
        "ce": 8,
        "cc": 5,