{
    "0": {
        "cost": 29.6551724132,
        "ce": 0,
        "cc": 23,
        "z": 1.0
    },
    "1": {
        "cost": 31.089655171791996,
        "ce": 2,
        "cc": 22,
        "z": 0.98
    },
    "2": {
        "cost": 31.151724137307994,
        "ce": 2,
        "cc": 22,
        "z": 0.97
    },
    "3": {
        "cost": 31.717241378675997,
        "ce": 2,
        "cc": 23,
        "z": 0.99
    },
    "4": {
        "cost": 32.213793102804,
        "ce": 3,
        "cc": 22,
        "z": 0.96
    },
    "5": {
        "cost": 32.275862068319995,
        "ce": 3,
        "cc": 22,
        "z": 0.95
    },
    "6": {
        "cost": 32.337931033836,
        "ce": 3,
        "cc": 22,
        "z": 0.94
    },
    "7": {
        "cost": 32.399999999352,
        "ce": 3,
        "cc": 22,
        "z": 0.9299999999999999
    },
    "8": {
        "cost": 32.772413792448,
        "ce": 4,
        "cc": 21,
        "z": 0.9199999999999999
    },
    "9": {
        "cost": 32.834482757964,
        "ce": 4,
        "cc": 21,
        "z": 0.9099999999999999
    },
    "10": {
        "cost": 32.896551723479995,
        "ce": 4,
        "cc": 21,
        "z": 0.8999999999999999
    },
    "11": {
        "cost": 32.958620688996,
        "ce": 4,
        "cc": 21,
        "z": 0.8899999999999999
    },
    "12": {
        "cost": 33.331034482091994,
        "ce": 5,
        "cc": 20,
        "z": 0.8799999999999999
    },
    "13": {
        "cost": 33.393103447608,
        "ce": 5,
        "cc": 20,
        "z": 0.8699999999999999
    },
    "14": {
        "cost": 33.455172413124,
        "ce": 5,
        "cc": 20,
        "z": 0.8599999999999999
    },
    "15": {
        "cost": 33.517241378639994,
        "ce": 5,
        "cc": 20,
        "z": 0.8499999999999999
    },
    "16": {
        "cost": 33.579310344156,
        "ce": 5,
        "cc": 20,
        "z": 0.8399999999999999
    },
    "17": {
        "cost": 33.951724137252,
        "ce": 6,
        "cc": 19,
        "z": 0.8299999999999998
    },
    "18": {
        "cost": 34.013793102768,
        "ce": 6,
        "cc": 19,
        "z": 0.8199999999999998
    },
    "19": {
        "cost": 34.075862068283996,
        "ce": 6,
        "cc": 19,
        "z": 0.8099999999999998
    },
    "20": {
        "cost": 34.1379310338,
        "ce": 6,
        "cc": 19,
        "z": 0.7999999999999998
    },
    "21": {
        "cost": 34.199999999316,
        "ce": 6,
        "cc": 19,
        "z": 0.7899999999999998
    },
    "22": {
        "cost": 34.57241379241199,
        "ce": 7,
        "cc": 18,
        "z": 0.7799999999999998
    },
    "23": {
        "cost": 34.634482757928,
        "ce": 7,
        "cc": 18,
        "z": 0.7699999999999998
    },
    "24": {
        "cost": 34.696551723443996,
        "ce": 7,
        "cc": 18,
        "z": 0.7599999999999998
    },
    "25": {
        "cost": 34.758620688959994,
        "ce": 7,
        "cc": 18,
        "z": 0.7499999999999998
    },
    "26": {
        "cost": 34.820689654476,
        "ce": 7,
        "cc": 18,
        "z": 0.7399999999999998
    },
    "27": {
        "cost": 35.193103447572,
        "ce": 8,
        "cc": 17,
        "z": 0.7299999999999998
    },
    "28": {
        "cost": 35.255172413088,
        "ce": 8,
        "cc": 17,
        "z": 0.7199999999999998
    },
    "29": {
        "cost": 35.317241378603995,
        "ce": 8,
        "cc": 17,
        "z": 0.7099999999999997
    },
    "30": {
        "cost": 35.37931034412,
        "ce": 8,
        "cc": 17,
        "z": 0.6999999999999997
    },
    "31": {
        "cost": 35.813793102732,
        "ce": 9,
        "cc": 16,
        "z": 0.6799999999999997
    },
    "32": {
        "cost": 35.875862068248,
        "ce": 9,
        "cc": 16,
        "z": 0.6699999999999997
    },
    "33": {
        "cost": 35.937931033763995,
        "ce": 9,
        "cc": 16,
        "z": 0.6599999999999997
    },
    "34": {
        "cost": 35.99999999928,
        "ce": 9,
        "cc": 16,
        "z": 0.6499999999999997
    },
    "35": {
        "cost": 36.062068964796,
        "ce": 9,
        "cc": 16,
        "z": 0.6399999999999997
    },
    "36": {
        "cost": 36.434482757892,
        "ce": 10,
        "cc": 15,
        "z": 0.6299999999999997
    },
    "37": {
        "cost": 36.441379309615996,
        "ce": 9,
        "cc": 17,
        "z": 0.6899999999999997
    },
    "38": {
        "cost": 36.496551723408,
        "ce": 10,
        "cc": 15,
        "z": 0.6199999999999997
    },
    "39": {
        "cost": 36.558620688923995,
        "ce": 10,
        "cc": 15,
        "z": 0.6099999999999997
    },
    "40": {
        "cost": 36.62068965444,
        "ce": 10,
        "cc": 15,
        "z": 0.5999999999999996
    },
    "41": {
        "cost": 37.055172413052,
        "ce": 11,
        "cc": 14,
        "z": 0.5799999999999996
    },
    "42": {
        "cost": 37.117241378567996,
        "ce": 11,
        "cc": 14,
        "z": 0.5699999999999996
    },
    "43": {
        "cost": 37.179310344083994,
        "ce": 11,
        "cc": 14,
        "z": 0.5599999999999996
    },
    "44": {
        "cost": 37.2413793096,
        "ce": 11,
        "cc": 14,
        "z": 0.5499999999999996
    },
    "45": {
        "cost": 37.675862068212,
        "ce": 12,
        "cc": 13,
        "z": 0.5299999999999996
    },
    "46": {
        "cost": 37.682758619935996,
        "ce": 11,
        "cc": 15,
        "z": 0.5899999999999996
    },
    "47": {
        "cost": 37.737931033727996,
        "ce": 12,
        "cc": 13,
        "z": 0.5199999999999996
    },
    "48": {
        "cost": 37.799999999244,
        "ce": 12,
        "cc": 13,
        "z": 0.5099999999999996
    },
    "49": {
        "cost": 37.86206896476,
        "ce": 12,
        "cc": 13,
        "z": 0.49999999999999956
    },
    "50": {
        "cost": 38.29655172337199,
        "ce": 13,
        "cc": 12,
        "z": 0.47999999999999954
    },
    "51": {
        "cost": 38.303448275096,
        "ce": 12,
        "cc": 14,
        "z": 0.5399999999999996
    },
    "52": {
        "cost": 38.358620688887996,
        "ce": 13,
        "cc": 12,
        "z": 0.46999999999999953
    },
    "53": {
        "cost": 38.420689654404,
        "ce": 13,
        "cc": 12,
        "z": 0.4599999999999995
    },
    "54": {
        "cost": 38.48275861991999,
        "ce": 13,
        "cc": 12,
        "z": 0.4499999999999995
    },
    "55": {
        "cost": 38.917241378532,
        "ce": 14,
        "cc": 11,
        "z": 0.4299999999999995
    },
    "56": {
        "cost": 38.924137930255995,
        "ce": 13,
        "cc": 13,
        "z": 0.48999999999999955
    },
    "57": {
        "cost": 38.979310344047995,
        "ce": 14,
        "cc": 11,
        "z": 0.4199999999999995
    },
    "58": {
        "cost": 39.04137930956399,
        "ce": 14,
        "cc": 11,
        "z": 0.4099999999999995
    },
    "59": {
        "cost": 39.10344827508,
        "ce": 14,
        "cc": 11,
        "z": 0.39999999999999947
    },
    "60": {
        "cost": 39.475862068176,
        "ce": 15,
        "cc": 10,
        "z": 0.38999999999999946
    },
    "61": {
        "cost": 39.537931033692004,
        "ce": 15,
        "cc": 10,
        "z": 0.37999999999999945
    },
    "62": {
        "cost": 39.544827585416,
        "ce": 14,
        "cc": 12,
        "z": 0.4399999999999995
    },
    "63": {
        "cost": 39.599999999208,
        "ce": 15,
        "cc": 10,
        "z": 0.36999999999999944
    },
    "64": {
        "cost": 39.662068964724,
        "ce": 15,
        "cc": 10,
        "z": 0.35999999999999943
    },
    "65": {
        "cost": 39.724137930240005,
        "ce": 15,
        "cc": 10,
        "z": 0.3499999999999994
    },
    "66": {
        "cost": 40.158620688852,
        "ce": 16,
        "cc": 9,
        "z": 0.3299999999999994
    },