{
    "0": {
        "cost": 31.999999996799996,
        "ce": 4,
        "cc": 40,
        "z": 0.95
    },
    "1": {
        "cost": 33.266666663340004,
        "ce": 5,
        "cc": 40,
        "z": 0.94
    },
    "2": {
        "cost": 33.533333329979996,
        "ce": 5,
        "cc": 40,
        "z": 0.9299999999999999
    },
    "3": {
        "cost": 34.46666666322,
        "ce": 6,
        "cc": 39,
        "z": 0.9199999999999999
    },
    "4": {
        "cost": 34.73333332986,
        "ce": 6,
        "cc": 39,
        "z": 0.9099999999999999
    },
    "5": {
        "cost": 35.6666666631,
        "ce": 7,
        "cc": 38,
        "z": 0.8999999999999999
    },
    "6": {
        "cost": 35.93333332974,
        "ce": 7,
        "cc": 38,
        "z": 0.8899999999999999
    },
    "7": {
        "cost": 36.19999999638,
        "ce": 7,
        "cc": 38,
        "z": 0.8799999999999999
    },
    "8": {
        "cost": 37.13333332962,
        "ce": 8,
        "cc": 37,
        "z": 0.8699999999999999
    },
    "9": {
        "cost": 37.39999999626,
        "ce": 8,
        "cc": 37,
        "z": 0.8599999999999999
    },
    "10": {
        "cost": 38.3333333295,
        "ce": 9,
        "cc": 36,
        "z": 0.8499999999999999
    },
    "11": {
        "cost": 38.59999999614,
        "ce": 9,
        "cc": 36,
        "z": 0.8399999999999999
    },
    "12": {
        "cost": 39.799999996020006,
        "ce": 10,
        "cc": 35,
        "z": 0.8199999999999998
    },
    "13": {
        "cost": 39.866666662680004,
        "ce": 10,
        "cc": 36,
        "z": 0.8299999999999998
    },
    "14": {
        "cost": 40.06666666266,
        "ce": 10,
        "cc": 35,
        "z": 0.8099999999999998
    },
    "15": {
        "cost": 40.999999995900005,
        "ce": 11,
        "cc": 34,
        "z": 0.7999999999999998
    },
    "16": {
        "cost": 41.266666662540004,
        "ce": 11,
        "cc": 34,
        "z": 0.7899999999999998
    },
    "17": {
        "cost": 42.46666666242,
        "ce": 12,
        "cc": 33,
        "z": 0.7699999999999998
    },
    "18": {
        "cost": 42.53333332908001,
        "ce": 12,
        "cc": 34,
        "z": 0.7799999999999998
    },
    "19": {
        "cost": 42.73333332906,
        "ce": 12,
        "cc": 33,
        "z": 0.7599999999999998
    },
    "20": {
        "cost": 43.93333332894001,
        "ce": 13,
        "cc": 32,
        "z": 0.7399999999999998
    },
    "21": {
        "cost": 43.99999999560001,
        "ce": 13,
        "cc": 33,
        "z": 0.7499999999999998
    },
    "22": {
        "cost": 45.199999995480006,
        "ce": 14,
        "cc": 32,
        "z": 0.7299999999999998
    },
    "23": {
        "cost": 45.39999999546001,
        "ce": 14,
        "cc": 31,
        "z": 0.7099999999999997
    },
    "24": {
        "cost": 45.466666662120005,
        "ce": 14,
        "cc": 32,
        "z": 0.7199999999999998
    },
    "25": {
        "cost": 46.59999999534,
        "ce": 15,
        "cc": 30,
        "z": 0.6899999999999997
    },
    "26": {
        "cost": 46.666666662000004,
        "ce": 15,
        "cc": 31,
        "z": 0.6999999999999997
    },
    "27": {
        "cost": 47.799999995220006,
        "ce": 16,
        "cc": 29,
        "z": 0.6699999999999997
    },
    "28": {
        "cost": 47.866666661880004,
        "ce": 16,
        "cc": 30,
        "z": 0.6799999999999997
    },
    "29": {
        "cost": 48.066666661860005,
        "ce": 16,
        "cc": 29,
        "z": 0.6599999999999997
    },
    "30": {
        "cost": 49.266666661740004,
        "ce": 17,
        "cc": 28,
        "z": 0.6399999999999997
    },
    "31": {
        "cost": 49.3333333284,
        "ce": 17,
        "cc": 29,
        "z": 0.6499999999999997
    },
    "32": {
        "cost": 50.53333332828001,
        "ce": 18,
        "cc": 28,
        "z": 0.6299999999999997
    },
    "33": {
        "cost": 50.73333332826001,
        "ce": 18,
        "cc": 27,
        "z": 0.6099999999999997
    },
    "34": {
        "cost": 50.79999999492,
        "ce": 18,
        "cc": 28,
        "z": 0.6199999999999997
    },
    "35": {
        "cost": 51.99999999480001,
        "ce": 19,
        "cc": 27,
        "z": 0.5999999999999996
    },
    "36": {
        "cost": 52.266666661440006,
        "ce": 19,
        "cc": 27,
        "z": 0.5899999999999996
    },
    "37": {
        "cost": 53.19999999468001,
        "ce": 20,
        "cc": 26,
        "z": 0.5799999999999996
    },
    "38": {
        "cost": 53.39999999466001,
        "ce": 20,
        "cc": 25,
        "z": 0.5599999999999996
    },
    "39": {
        "cost": 53.466666661320005,
        "ce": 20,
        "cc": 26,
        "z": 0.5699999999999996
    }
}