{
    "0": {
        "cost": 23.9999999976,
        "ce": 0,
        "cc": 37,
        "z": 1.0
    },
    "1": {
        "cost": 26.233333330709996,
        "ce": 2,
        "cc": 37,
        "z": 0.99
    },
    "2": {
        "cost": 27.36666666393,
        "ce": 3,
        "cc": 36,
        "z": 0.97
    },
    "3": {
        "cost": 27.466666663919998,
        "ce": 3,
        "cc": 37,
        "z": 0.98
    },
    "4": {
        "cost": 28.59999999714,
        "ce": 4,
        "cc": 36,
        "z": 0.96
    },
    "5": {
        "cost": 28.83333333045,
        "ce": 4,
        "cc": 36,
        "z": 0.95
    },
    "6": {
        "cost": 29.73333333036,
        "ce": 5,
        "cc": 35,
        "z": 0.94
    },
    "7": {
        "cost": 29.96666666367,
        "ce": 5,
        "cc": 35,
        "z": 0.9299999999999999
    },
    "8": {
        "cost": 30.19999999698,
        "ce": 5,
        "cc": 35,
        "z": 0.9199999999999999
    },
    "9": {
        "cost": 31.099999996890002,
        "ce": 6,
        "cc": 34,
        "z": 0.9099999999999999
    },
    "10": {
        "cost": 31.333333330200002,
        "ce": 6,
        "cc": 34,
        "z": 0.8999999999999999
    },
    "11": {
        "cost": 31.566666663510002,
        "ce": 6,
        "cc": 34,
        "z": 0.8899999999999999
    },
    "12": {
        "cost": 32.46666666342,
        "ce": 7,
        "cc": 33,
        "z": 0.8799999999999999
    },
    "13": {
        "cost": 32.69999999673,
        "ce": 7,
        "cc": 33,
        "z": 0.8699999999999999
    },
    "14": {
        "cost": 32.93333333004,
        "ce": 7,
        "cc": 33,
        "z": 0.8599999999999999
    },
    "15": {
        "cost": 33.83333332995,
        "ce": 8,
        "cc": 32,
        "z": 0.8499999999999999
    },
    "16": {
        "cost": 34.06666666326,
        "ce": 8,
        "cc": 32,
        "z": 0.8399999999999999
    },
    "17": {
        "cost": 35.29999999647,
        "ce": 9,
        "cc": 32,
        "z": 0.8299999999999998
    },
    "18": {
        "cost": 35.43333332979,
        "ce": 9,
        "cc": 31,
        "z": 0.8099999999999998
    },
    "19": {
        "cost": 35.53333332978,
        "ce": 9,
        "cc": 32,
        "z": 0.8199999999999998
    },
    "20": {
        "cost": 36.566666663010004,
        "ce": 10,
        "cc": 30,
        "z": 0.7899999999999998
    },
    "21": {
        "cost": 36.666666663,
        "ce": 10,
        "cc": 31,
        "z": 0.7999999999999998
    },
    "22": {
        "cost": 36.799999996320004,
        "ce": 10,
        "cc": 30,
        "z": 0.7799999999999998
    },
    "23": {
        "cost": 37.933333329540005,
        "ce": 11,
        "cc": 29,
        "z": 0.7599999999999998
    },
    "24": {
        "cost": 38.03333332953,
        "ce": 11,
        "cc": 30,
        "z": 0.7699999999999998
    },
    "25": {
        "cost": 39.16666666275,
        "ce": 12,
        "cc": 29,
        "z": 0.7499999999999998
    },
    "26": {
        "cost": 39.29999999607001,
        "ce": 12,
        "cc": 28,
        "z": 0.7299999999999998
    },
    "27": {
        "cost": 39.399999996060004,
        "ce": 12,
        "cc": 29,
        "z": 0.7399999999999998
    },
    "28": {
        "cost": 40.533333329280005,
        "ce": 13,
        "cc": 28,
        "z": 0.7199999999999998
    },
    "29": {
        "cost": 40.6666666626,
        "ce": 13,
        "cc": 27,
        "z": 0.6999999999999997
    },
    "30": {
        "cost": 40.766666662590005,
        "ce": 13,
        "cc": 28,
        "z": 0.7099999999999997
    },
    "31": {
        "cost": 41.899999995810006,
        "ce": 14,
        "cc": 27,
        "z": 0.6899999999999997
    },
    "32": {
        "cost": 42.03333332913,
        "ce": 14,
        "cc": 26,
        "z": 0.6699999999999997
    },
    "33": {
        "cost": 42.133333329120006,
        "ce": 14,
        "cc": 27,
        "z": 0.6799999999999997
    },
    "34": {
        "cost": 43.26666666234001,
        "ce": 15,
        "cc": 26,
        "z": 0.6599999999999997
    },
    "35": {
        "cost": 43.39999999566,
        "ce": 15,
        "cc": 25,
        "z": 0.6399999999999997
    },
    "36": {
        "cost": 43.49999999565001,
        "ce": 15,
        "cc": 26,
        "z": 0.6499999999999997
    },
    "37": {
        "cost": 44.533333328880005,
        "ce": 16,
        "cc": 24,
        "z": 0.6199999999999997
    },
    "38": {
        "cost": 44.63333332887,
        "ce": 16,
        "cc": 25,
        "z": 0.6299999999999997
    },
    "39": {
        "cost": 44.766666662190005,
        "ce": 16,
        "cc": 24,
        "z": 0.6099999999999997
    },
    "40": {
        "cost": 45.9999999954,
        "ce": 17,
        "cc": 24,
        "z": 0.5999999999999996
    },
    "41": {
        "cost": 46.133333328720006,
        "ce": 17,
        "cc": 23,
        "z": 0.5799999999999996
    },
    "42": {
        "cost": 46.23333332871,
        "ce": 17,
        "cc": 24,
        "z": 0.5899999999999996
    },
    "43": {
        "cost": 47.26666666194001,
        "ce": 18,
        "cc": 22,
        "z": 0.5599999999999996
    },
    "44": {
        "cost": 47.36666666193001,
        "ce": 18,
        "cc": 23,
        "z": 0.5699999999999996
    },
    "45": {
        "cost": 48.499999995150006,
        "ce": 19,
        "cc": 22,
        "z": 0.5499999999999996
    },
    "46": {
        "cost": 48.633333328470016,
        "ce": 19,
        "cc": 21,
        "z": 0.5299999999999996
    },
    "47": {
        "cost": 48.73333332846001,
        "ce": 19,
        "cc": 22,
        "z": 0.5399999999999996
    },
    "48": {
        "cost": 49.86666666168001,
        "ce": 20,
        "cc": 21,
        "z": 0.5199999999999996
    },
    "49": {
        "cost": 49.999999995,
        "ce": 20,
        "cc": 20,
        "z": 0.49999999999999956
    },
    "50": {
        "cost": 50.099999994990014,
        "ce": 20,
        "cc": 21,
        "z": 0.5099999999999996
    }
}