{
    "0": {
        "cost": 8.24000000324,
        "ce": 5,
        "cc": 0,
        "z": 0
    },
    "1": {
        "cost": 9.24000000324,
        "ce": 0,
        "cc": 6,
        "z": 1.0
    },
    "2": {
        "cost": 9.24000000324,
        "ce": 5,
        "cc": 1,
        "z": 0.009999999999999247
    },
    "3": {
        "cost": 10.24000000324,
        "ce": 1,
        "cc": 6,
        "z": 0.99
    },
    "4": {
        "cost": 10.240000003239999,
        "ce": 1,
        "cc": 6,
        "z": 0.98
    },
    "5": {
        "cost": 10.24000000324,
        "ce": 1,
        "cc": 6,
        "z": 0.97
    },
    "6": {
        "cost": 10.240000003239999,
        "ce": 2,
        "cc": 5,
        "z": 0.9299999999999999
    },
    "7": {
        "cost": 10.24000000324,
        "ce": 2,
        "cc": 5,
        "z": 0.9199999999999999
    },
    "8": {
        "cost": 10.24000000324,
        "ce": 2,
        "cc": 5,
        "z": 0.9099999999999999
    },
    "9": {
        "cost": 10.24000000324,
        "ce": 2,
        "cc": 5,
        "z": 0.8999999999999999
    },
    "10": {
        "cost": 10.240000003239999,
        "ce": 2,
        "cc": 5,
        "z": 0.8899999999999999
    },
    "11": {
        "cost": 10.240000003239999,
        "ce": 2,
        "cc": 5,
        "z": 0.8799999999999999
    },
    "12": {
        "cost": 10.24000000324,
        "ce": 2,
        "cc": 5,
        "z": 0.8699999999999999
    },
    "13": {
        "cost": 10.24000000324,
        "ce": 2,
        "cc": 5,
        "z": 0.8599999999999999
    },
    "14": {
        "cost": 10.24000000324,
        "ce": 2,
        "cc": 5,
        "z": 0.8499999999999999
    },
    "15": {
        "cost": 10.240000003239999,
        "ce": 2,
        "cc": 5,
        "z": 0.8399999999999999
    },
    "16": {
        "cost": 10.24000000324,
        "ce": 2,
        "cc": 5,
        "z": 0.8299999999999998
    },
    "17": {
        "cost": 10.24000000324,
        "ce": 2,
        "cc": 5,
        "z": 0.8199999999999998
    },
    "18": {
        "cost": 10.24000000324,
        "ce": 2,
        "cc": 5,
        "z": 0.8099999999999998
    },
    "19": {
        "cost": 10.24000000324,
        "ce": 2,
        "cc": 5,
        "z": 0.7999999999999998
    },
    "20": {
        "cost": 10.240000003239999,
        "ce": 2,
        "cc": 5,
        "z": 0.7899999999999998
    },
    "21": {
        "cost": 10.24000000324,
        "ce": 2,
        "cc": 5,
        "z": 0.7799999999999998
    },
    "22": {
        "cost": 10.24000000324,
        "ce": 2,
        "cc": 5,
        "z": 0.7699999999999998
    },
    "23": {
        "cost": 10.24000000324,
        "ce": 3,
        "cc": 4,
        "z": 0.6399999999999997
    },
    "24": {
        "cost": 10.24000000324,
        "ce": 3,
        "cc": 4,
        "z": 0.6299999999999997
    },
    "25": {
        "cost": 10.24000000324,
        "ce": 3,
        "cc": 4,
        "z": 0.6199999999999997
    },
    "26": {
        "cost": 10.24000000324,
        "ce": 3,
        "cc": 4,
        "z": 0.6099999999999997
    },
    "27": {
        "cost": 10.24000000324,
        "ce": 3,
        "cc": 4,
        "z": 0.5999999999999996
    },
    "28": {
        "cost": 10.240000003239999,
        "ce": 3,
        "cc": 4,
        "z": 0.5899999999999996
    },
    "29": {
        "cost": 10.240000003239999,
        "ce": 3,
        "cc": 4,
        "z": 0.5799999999999996
    },
    "30": {
        "cost": 10.240000003239999,
        "ce": 3,
        "cc": 4,
        "z": 0.5699999999999996
    },
    "31": {
        "cost": 10.24000000324,
        "ce": 3,
        "cc": 4,
        "z": 0.5599999999999996
    },
    "32": {
        "cost": 10.24000000324,
        "ce": 3,
        "cc": 4,
        "z": 0.5499999999999996
    },
    "33": {
        "cost": 10.24000000324,
        "ce": 3,
        "cc": 4,
        "z": 0.5399999999999996
    },
    "34": {
        "cost": 10.24000000324,
        "ce": 3,
        "cc": 4,
        "z": 0.5299999999999996
    },
    "35": {
        "cost": 10.24000000324,
        "ce": 3,
        "cc": 4,
        "z": 0.5199999999999996
    },
    "36": {
        "cost": 10.24000000324,
        "ce": 3,
        "cc": 4,
        "z": 0.5099999999999996
    },
    "37": {
        "cost": 10.240000003239999,
        "ce": 4,
        "cc": 3,
        "z": 0.38999999999999946
    },
    "38": {
        "cost": 10.240000003239999,
        "ce": 4,
        "cc": 3,
        "z": 0.37999999999999945
    },
    "39": {
        "cost": 10.240000003239999,
        "ce": 4,
        "cc": 3,
        "z": 0.36999999999999944
    },
    "40": {
        "cost": 10.24000000324,
        "ce": 4,
        "cc": 3,
        "z": 0.35999999999999943
    },
    "41": {
        "cost": 10.24000000324,
        "ce": 4,
        "cc": 3,
        "z": 0.3499999999999994
    },
    "42": {
        "cost": 10.24000000324,
        "ce": 4,
        "cc": 3,
        "z": 0.3399999999999994
    },
    "43": {
        "cost": 10.24000000324,
        "ce": 4,
        "cc": 3,
        "z": 0.3299999999999994
    },
    "44": {
        "cost": 10.24000000324,
        "ce": 4,
        "cc": 3,
        "z": 0.3199999999999994
    },
    "45": {
        "cost": 10.24000000324,
        "ce": 4,
        "cc": 3,
        "z": 0.3099999999999994
    },
    "46": {
        "cost": 10.240000003239999,
        "ce": 4,
        "cc": 3,
        "z": 0.2999999999999994
    },
    "47": {
        "cost": 10.240000003239999,
        "ce": 4,
        "cc": 3,
        "z": 0.28999999999999937
    },
    "48": {
        "cost": 10.24000000324,
        "ce": 4,
        "cc": 3,
        "z": 0.27999999999999936
    },
    "49": {
        "cost": 10.24000000324,
        "ce": 4,
        "cc": 3,
        "z": 0.26999999999999935
    },
    "50": {
        "cost": 10.24000000324,
        "ce": 4,
        "cc": 3,
        "z": 0.25999999999999934
    },
    "51": {
        "cost": 10.24000000324,
        "ce": 4,
        "cc": 3,
        "z": 0.24999999999999933
    },
    "52": {
        "cost": 10.24000000324,
        "ce": 4,
        "cc": 3,
        "z": 0.23999999999999932
    },
    "53": {
        "cost": 10.24000000324,
        "ce": 4,
        "cc": 3,
        "z": 0.22999999999999932
    },
    "54": {
        "cost": 10.24000000324,
        "ce": 4,
        "cc": 3,
        "z": 0.2199999999999993
    },
    "55": {
        "cost": 10.24000000324,
        "ce": 5,
        "cc": 2,
        "z": 0.15999999999999925
    },
    "56": {
        "cost": 10.24000000324,
        "ce": 5,
        "cc": 2,
        "z": 0.14999999999999925
    },
    "57": {
        "cost": 10.24000000324,
        "ce": 5,
        "cc": 2,
        "z": 0.13999999999999924
    },
    "58": {
        "cost": 10.24000000324,
        "ce": 5,
        "cc": 2,
        "z": 0.12999999999999923
    },
    "59": {
        "cost": 10.24000000324,
        "ce": 5,
        "cc": 2,
        "z": 0.11999999999999923
    },
    "60": {
        "cost": 10.24000000324,
        "ce": 5,
        "cc": 2,
        "z": 0.10999999999999924
    },
    "61": {
        "cost": 10.240000003239999,
        "ce": 5,
        "cc": 2,
        "z": 0.09999999999999924
    },
    "62": {
        "cost": 10.24000000324,
        "ce": 5,
        "cc": 2,
        "z": 0.08999999999999925
    },
    "63": {
        "cost": 10.240000003239999,
        "ce": 5,
        "cc": 2,
        "z": 0.07999999999999925
    },
    "64": {
        "cost": 10.24000000324,
        "ce": 5,
        "cc": 2,
        "z": 0.06999999999999926
    },
    "65": {
        "cost": 10.24000000324,
        "ce": 5,
        "cc": 2,
        "z": 0.059999999999999255
    },
    "66": {
        "cost": 10.24000000324,
        "ce": 5,
        "cc": 2,
        "z": 0.04999999999999925
    },
    "67": {
        "cost": 10.24000000324,
        "ce": 5,
        "cc": 2,
        "z": 0.03999999999999925
    },