{
    "0": {
        "cost": 9.645000003645,
        "ce": 0,
        "cc": 6,
        "z": 1.0
    },
    "1": {
        "cost": 9.645000003645,
        "ce": 6,
        "cc": 0,
        "z": 0
    },
    "2": {
        "cost": 10.645000003645,
        "ce": 1,
        "cc": 6,
        "z": 0.99
    },
    "3": {
        "cost": 10.645000003645,
        "ce": 5,
        "cc": 2,
        "z": 0.13999999999999924
    },
    "4": {
        "cost": 10.645000003645,
        "ce": 5,
        "cc": 2,
        "z": 0.12999999999999923
    },
    "5": {
        "cost": 10.645000003645,
        "ce": 6,
        "cc": 1,
        "z": 0.009999999999999247
    },
    "6": {
        "cost": 11.645000003645,
        "ce": 2,
        "cc": 6,
        "z": 0.98
    },
    "7": {
        "cost": 11.645000003645,
        "ce": 2,
        "cc": 6,
        "z": 0.97
    },
    "8": {
        "cost": 11.645000003644999,
        "ce": 2,
        "cc": 6,
        "z": 0.96
    },
    "9": {
        "cost": 11.645000003645,
        "ce": 2,
        "cc": 6,
        "z": 0.95
    },
    "10": {
        "cost": 11.645000003645,
        "ce": 2,
        "cc": 6,
        "z": 0.94
    },
    "11": {
        "cost": 11.645000003645002,
        "ce": 2,
        "cc": 6,
        "z": 0.9299999999999999
    },
    "12": {
        "cost": 11.645000003645,
        "ce": 2,
        "cc": 6,
        "z": 0.9199999999999999
    },
    "13": {
        "cost": 11.645000003645,
        "ce": 2,
        "cc": 6,
        "z": 0.9099999999999999
    },
    "14": {
        "cost": 11.645000003645,
        "ce": 2,
        "cc": 6,
        "z": 0.8999999999999999
    },
    "15": {
        "cost": 11.645000003645,
        "ce": 2,
        "cc": 6,
        "z": 0.8899999999999999
    },
    "16": {
        "cost": 11.645000003644999,
        "ce": 2,
        "cc": 6,
        "z": 0.8799999999999999
    },
    "17": {
        "cost": 11.645000003645,
        "ce": 2,
        "cc": 6,
        "z": 0.8699999999999999
    },
    "18": {
        "cost": 11.645000003645,
        "ce": 2,
        "cc": 6,
        "z": 0.8599999999999999
    },
    "19": {
        "cost": 11.645000003645002,
        "ce": 2,
        "cc": 6,
        "z": 0.8499999999999999
    },
    "20": {
        "cost": 11.645000003645,
        "ce": 2,
        "cc": 6,
        "z": 0.8399999999999999
    },
    "21": {
        "cost": 11.645000003645,
        "ce": 3,
        "cc": 5,
        "z": 0.8199999999999998
    },
    "22": {
        "cost": 11.645000003645,
        "ce": 3,
        "cc": 5,
        "z": 0.8099999999999998
    },
    "23": {
        "cost": 11.645000003645,
        "ce": 3,
        "cc": 5,
        "z": 0.7999999999999998
    },
    "24": {
        "cost": 11.645000003645,
        "ce": 3,
        "cc": 5,
        "z": 0.7899999999999998
    },
    "25": {
        "cost": 11.645000003645,
        "ce": 3,
        "cc": 5,
        "z": 0.7799999999999998
    },
    "26": {
        "cost": 11.645000003644999,
        "ce": 3,
        "cc": 5,
        "z": 0.7699999999999998
    },
    "27": {
        "cost": 11.645000003645,
        "ce": 3,
        "cc": 5,
        "z": 0.7599999999999998
    },
    "28": {
        "cost": 11.645000003645,
        "ce": 3,
        "cc": 5,
        "z": 0.7499999999999998
    },
    "29": {
        "cost": 11.645000003645002,
        "ce": 3,
        "cc": 5,
        "z": 0.7399999999999998
    },
    "30": {
        "cost": 11.645000003645,
        "ce": 3,
        "cc": 5,
        "z": 0.7299999999999998
    },
    "31": {
        "cost": 11.645000003645,
        "ce": 3,
        "cc": 5,
        "z": 0.7199999999999998
    },
    "32": {
        "cost": 11.645000003645,
        "ce": 3,
        "cc": 5,
        "z": 0.7099999999999997
    },
    "33": {
        "cost": 11.645000003645,
        "ce": 3,
        "cc": 5,
        "z": 0.6999999999999997
    },
    "34": {
        "cost": 11.645000003644999,
        "ce": 3,
        "cc": 5,
        "z": 0.6899999999999997
    },
    "35": {
        "cost": 11.645000003645,
        "ce": 3,
        "cc": 5,
        "z": 0.6799999999999997
    },
    "36": {
        "cost": 11.645000003645,
        "ce": 3,
        "cc": 5,
        "z": 0.6699999999999997
    },
    "37": {
        "cost": 11.645000003644999,
        "ce": 3,
        "cc": 5,
        "z": 0.6599999999999997
    },
    "38": {
        "cost": 11.645000003645,
        "ce": 3,
        "cc": 5,
        "z": 0.6499999999999997
    },
    "39": {
        "cost": 11.645000003645,
        "ce": 3,
        "cc": 5,
        "z": 0.6399999999999997
    },
    "40": {
        "cost": 11.645000003645002,
        "ce": 3,
        "cc": 5,
        "z": 0.6299999999999997
    },
    "41": {
        "cost": 11.645000003645,
        "ce": 4,
        "cc": 4,
        "z": 0.5699999999999996
    },
    "42": {
        "cost": 11.645000003645,
        "ce": 4,
        "cc": 4,
        "z": 0.5599999999999996
    },
    "43": {
        "cost": 11.645000003645002,
        "ce": 4,
        "cc": 4,
        "z": 0.5499999999999996
    },
    "44": {
        "cost": 11.645000003645,
        "ce": 4,
        "cc": 4,
        "z": 0.5399999999999996
    },
    "45": {
        "cost": 11.645000003645,
        "ce": 4,
        "cc": 4,
        "z": 0.5299999999999996
    },
    "46": {
        "cost": 11.645000003645,
        "ce": 4,
        "cc": 4,
        "z": 0.5199999999999996
    },
    "47": {
        "cost": 11.645000003645,
        "ce": 4,
        "cc": 4,
        "z": 0.5099999999999996
    },
    "48": {
        "cost": 11.645000003645,
        "ce": 4,
        "cc": 4,
        "z": 0.49999999999999956
    },
    "49": {
        "cost": 11.645000003645,
        "ce": 4,
        "cc": 4,
        "z": 0.48999999999999955
    },
    "50": {
        "cost": 11.645000003645,
        "ce": 4,
        "cc": 4,
        "z": 0.47999999999999954
    },
    "51": {
        "cost": 11.645000003645002,
        "ce": 4,
        "cc": 4,
        "z": 0.46999999999999953
    },
    "52": {
        "cost": 11.645000003645,
        "ce": 4,
        "cc": 4,
        "z": 0.4599999999999995
    },
    "53": {
        "cost": 11.645000003645,
        "ce": 4,
        "cc": 4,
        "z": 0.4499999999999995
    },
    "54": {
        "cost": 11.645000003644999,
        "ce": 4,
        "cc": 4,
        "z": 0.4399999999999995
    },
    "55": {
        "cost": 11.645000003645,
        "ce": 4,
        "cc": 4,
        "z": 0.4299999999999995
    },
    "56": {
        "cost": 11.645000003645,
        "ce": 4,
        "cc": 4,
        "z": 0.4199999999999995
    },
    "57": {
        "cost": 11.645000003645,
        "ce": 4,
        "cc": 4,
        "z": 0.4099999999999995
    },
    "58": {
        "cost": 11.645000003645,
        "ce": 4,
        "cc": 4,
        "z": 0.39999999999999947
    },
    "59": {
        "cost": 11.645000003644999,
        "ce": 4,
        "cc": 4,
        "z": 0.38999999999999946
    },
    "60": {
        "cost": 11.645000003645,
        "ce": 4,
        "cc": 4,
        "z": 0.37999999999999945
    },
    "61": {
        "cost": 11.645000003645,
        "ce": 5,
        "cc": 3,
        "z": 0.3399999999999994
    },
    "62": {
        "cost": 11.645000003645,
        "ce": 5,
        "cc": 3,
        "z": 0.3299999999999994
    },
    "63": {
        "cost": 11.645000003645,
        "ce": 5,
        "cc": 3,
        "z": 0.3199999999999994
    },
    "64": {
        "cost": 11.645000003645002,
        "ce": 5,
        "cc": 3,
        "z": 0.3099999999999994
    },
    "65": {
        "cost": 11.645000003645,
        "ce": 5,
        "cc": 3,
        "z": 0.2999999999999994
    },
    "66": {
        "cost": 11.645000003645,
        "ce": 5,
        "cc": 3,
        "z": 0.28999999999999937
    },
    "67": {
        "cost": 11.645000003644999,
        "ce": 5,
        "cc": 3,
        "z": 0.27999999999999936
    },
    "68": {
        "cost": 11.645000003645,