{
    "0": {
        "cost": 4.458000001458,
        "ce": 3,
        "cc": 0,
        "z": 0
    },
    "1": {
        "cost": 5.458000001458,
        "ce": 0,
        "cc": 4,
        "z": 1.0
    },
    "2": {
        "cost": 5.458000001458,
        "ce": 3,
        "cc": 1,
        "z": 0.02999999999999925
    },
    "3": {
        "cost": 5.458000001458,
        "ce": 3,
        "cc": 1,
        "z": 0.019999999999999248
    },
    "4": {
        "cost": 5.458000001458,
        "ce": 3,
        "cc": 1,
        "z": 0.009999999999999247
    },
    "5": {
        "cost": 6.458000001458,
        "ce": 1,
        "cc": 4,
        "z": 0.99
    },
    "6": {
        "cost": 6.458000001458,
        "ce": 1,
        "cc": 4,
        "z": 0.98
    },
    "7": {
        "cost": 6.458000001458,
        "ce": 1,
        "cc": 4,
        "z": 0.97
    },
    "8": {
        "cost": 6.458000001458,
        "ce": 1,
        "cc": 4,
        "z": 0.96
    },
    "9": {
        "cost": 6.458000001457999,
        "ce": 1,
        "cc": 4,
        "z": 0.95
    },
    "10": {
        "cost": 6.458000001458,
        "ce": 1,
        "cc": 4,
        "z": 0.94
    },
    "11": {
        "cost": 6.458000001458,
        "ce": 1,
        "cc": 4,
        "z": 0.9299999999999999
    },
    "12": {
        "cost": 6.458000001458,
        "ce": 2,
        "cc": 3,
        "z": 0.8699999999999999
    },
    "13": {
        "cost": 6.458000001458,
        "ce": 2,
        "cc": 3,
        "z": 0.8599999999999999
    },
    "14": {
        "cost": 6.458000001457999,
        "ce": 2,
        "cc": 3,
        "z": 0.8499999999999999
    },
    "15": {
        "cost": 6.458000001457999,
        "ce": 2,
        "cc": 3,
        "z": 0.8399999999999999
    },
    "16": {
        "cost": 6.458000001458,
        "ce": 2,
        "cc": 3,
        "z": 0.8299999999999998
    },
    "17": {
        "cost": 6.458000001458,
        "ce": 2,
        "cc": 3,
        "z": 0.8199999999999998
    },
    "18": {
        "cost": 6.458000001458,
        "ce": 2,
        "cc": 3,
        "z": 0.8099999999999998
    },
    "19": {
        "cost": 6.458000001458,
        "ce": 2,
        "cc": 3,
        "z": 0.7999999999999998
    },
    "20": {
        "cost": 6.458000001458,
        "ce": 2,
        "cc": 3,
        "z": 0.7899999999999998
    },
    "21": {
        "cost": 6.458000001458,
        "ce": 2,
        "cc": 3,
        "z": 0.7799999999999998
    },
    "22": {
        "cost": 6.458000001458,
        "ce": 2,
        "cc": 3,
        "z": 0.7699999999999998
    },
    "23": {
        "cost": 6.458000001458,
        "ce": 2,
        "cc": 3,
        "z": 0.7599999999999998
    },
    "24": {
        "cost": 6.458000001458,
        "ce": 2,
        "cc": 3,
        "z": 0.7499999999999998
    },
    "25": {
        "cost": 6.458000001457999,
        "ce": 2,
        "cc": 3,
        "z": 0.7399999999999998
    },
    "26": {
        "cost": 6.458000001458,
        "ce": 2,
        "cc": 3,
        "z": 0.7299999999999998
    },
    "27": {
        "cost": 6.458000001458,
        "ce": 2,
        "cc": 3,
        "z": 0.7199999999999998
    },
    "28": {
        "cost": 6.458000001458,
        "ce": 2,
        "cc": 3,
        "z": 0.7099999999999997
    },
    "29": {
        "cost": 6.458000001458,
        "ce": 2,
        "cc": 3,
        "z": 0.6999999999999997
    },
    "30": {
        "cost": 6.458000001458,
        "ce": 2,
        "cc": 3,
        "z": 0.6899999999999997
    },
    "31": {
        "cost": 6.458000001458,
        "ce": 2,
        "cc": 3,
        "z": 0.6799999999999997
    },
    "32": {
        "cost": 6.458000001458,
        "ce": 2,
        "cc": 3,
        "z": 0.6699999999999997
    },
    "33": {
        "cost": 6.458000001458,
        "ce": 2,
        "cc": 3,
        "z": 0.6599999999999997
    },
    "34": {
        "cost": 6.458000001458,
        "ce": 2,
        "cc": 3,
        "z": 0.6499999999999997
    },
    "35": {
        "cost": 6.458000001457999,
        "ce": 2,
        "cc": 3,
        "z": 0.6399999999999997
    },
    "36": {
        "cost": 6.458000001457999,
        "ce": 2,
        "cc": 3,
        "z": 0.6299999999999997
    },
    "37": {
        "cost": 6.458000001458,
        "ce": 2,
        "cc": 3,
        "z": 0.6199999999999997
    },
    "38": {
        "cost": 6.458000001458,
        "ce": 2,
        "cc": 3,
        "z": 0.6099999999999997
    },
    "39": {
        "cost": 6.458000001458,
        "ce": 2,
        "cc": 3,
        "z": 0.5999999999999996
    },
    "40": {
        "cost": 6.458000001458,
        "ce": 2,
        "cc": 3,
        "z": 0.5899999999999996
    },
    "41": {
        "cost": 6.458000001458,
        "ce": 2,
        "cc": 3,
        "z": 0.5799999999999996
    },
    "42": {
        "cost": 6.458000001458,
        "ce": 2,
        "cc": 3,
        "z": 0.5699999999999996
    },
    "43": {
        "cost": 6.458000001458,
        "ce": 2,
        "cc": 3,
        "z": 0.5599999999999996
    },
    "44": {
        "cost": 6.458000001458,
        "ce": 2,
        "cc": 3,
        "z": 0.5499999999999996
    },
    "45": {
        "cost": 6.458000001458,
        "ce": 2,
        "cc": 3,
        "z": 0.5399999999999996
    },
    "46": {
        "cost": 6.458000001457999,
        "ce": 2,
        "cc": 3,
        "z": 0.5299999999999996
    },
    "47": {
        "cost": 6.458000001457999,
        "ce": 2,
        "cc": 3,
        "z": 0.5199999999999996
    },
    "48": {
        "cost": 6.458000001458,
        "ce": 3,
        "cc": 2,
        "z": 0.35999999999999943
    },
    "49": {
        "cost": 6.458000001458,
        "ce": 3,
        "cc": 2,
        "z": 0.3499999999999994
    },
    "50": {
        "cost": 6.458000001458,
        "ce": 3,
        "cc": 2,
        "z": 0.3399999999999994
    },
    "51": {
        "cost": 6.458000001458,
        "ce": 3,
        "cc": 2,
        "z": 0.3299999999999994
    },
    "52": {
        "cost": 6.458000001458,
        "ce": 3,
        "cc": 2,
        "z": 0.3199999999999994
    },
    "53": {
        "cost": 6.458000001457999,
        "ce": 3,
        "cc": 2,
        "z": 0.3099999999999994
    },
    "54": {
        "cost": 6.458000001457999,
        "ce": 3,
        "cc": 2,
        "z": 0.2999999999999994
    },
    "55": {
        "cost": 6.458000001458,
        "ce": 3,
        "cc": 2,
        "z": 0.28999999999999937
    },
    "56": {
        "cost": 6.458000001458,
        "ce": 3,
        "cc": 2,
        "z": 0.27999999999999936
    },
    "57": {
        "cost": 6.458000001458,
        "ce": 3,
        "cc": 2,
        "z": 0.26999999999999935
    },
    "58": {
        "cost": 6.458000001458,
        "ce": 3,
        "cc": 2,
        "z": 0.25999999999999934
    },
    "59": {
        "cost": 6.458000001458,
        "ce": 3,
        "cc": 2,
        "z": 0.24999999999999933
    },
    "60": {
        "cost": 6.458000001458,
        "ce": 3,
        "cc": 2,
        "z": 0.23999999999999932
    },
    "61": {
        "cost": 6.458000001458,
        "ce": 3,
        "cc": 2,
        "z": 0.22999999999999932
    },
    "62": {
        "cost": 6.458000001458,
        "ce": 3,
        "cc": 2,
        "z": 0.2199999999999993
    },
    "63": {
        "cost": 6.458000001458,
        "ce": 3,
        "cc": 2,
        "z": 0.2099999999999993
    },
    "64": {
        "cost": 6.458000001457999,
        "ce": 3,
        "cc": 2,
        "z": 0.1999999999999993
    },
    "65": {
        "cost": 6.458000001457999,
        "ce": 3,
        "cc": 2,
        "z": 0.18999999999999928
    },
    "66": {
        "cost": 6.458000001458,
        "ce": 3,
        "cc": 2,
        "z": 0.17999999999999927
    },
    "67": {
        "cost": 6.458000001458,
        "ce": 3,
        "cc": 2,
        "z": 0.16999999999999926
    },
    "68": {
        "cost": 6.458000001458,
        "ce": 3,
        "cc": 2,