{
    "0": {
        "cost": 113.675000054675,
        "ce": 19,
        "cc": 40,
        "z": 0.69
    },
    "1": {
        "cost": 113.675000054675,
        "ce": 20,
        "cc": 39,
        "z": 0.6699999999999999
    },
    "2": {
        "cost": 114.675000054675,
        "ce": 20,
        "cc": 40,
        "z": 0.6799999999999999
    }
}