{
    "0": {
        "cost": 88.12000004212001,
        "ce": 6,
        "cc": 40,
        "z": 0.9
    },
    "1": {
        "cost": 88.12000004212001,
        "ce": 8,
        "cc": 38,
        "z": 0.85
    },
    "2": {
        "cost": 88.12000004212001,
        "ce": 9,
        "cc": 37,
        "z": 0.83
    },
    "3": {
        "cost": 88.12000004212001,
        "ce": 10,
        "cc": 36,
        "z": 0.8099999999999999
    },
    "4": {
        "cost": 88.12000004212001,
        "ce": 11,
        "cc": 35,
        "z": 0.7799999999999999
    },
    "5": {
        "cost": 88.12000004212001,
        "ce": 12,
        "cc": 34,
        "z": 0.7599999999999999
    },
    "6": {
        "cost": 88.12000004212001,
        "ce": 14,
        "cc": 32,
        "z": 0.7099999999999999
    },
    "7": {
        "cost": 89.12000004212001,
        "ce": 7,
        "cc": 40,
        "z": 0.89
    },
    "8": {
        "cost": 89.12000004212001,
        "ce": 7,
        "cc": 40,
        "z": 0.88
    },
    "9": {
        "cost": 89.12000004212001,
        "ce": 8,
        "cc": 39,
        "z": 0.87
    },
    "10": {
        "cost": 89.12000004212001,
        "ce": 8,
        "cc": 39,
        "z": 0.86
    },
    "11": {
        "cost": 89.12000004212001,
        "ce": 9,
        "cc": 38,
        "z": 0.84
    },
    "12": {
        "cost": 89.12000004212,
        "ce": 10,
        "cc": 37,
        "z": 0.82
    },
    "13": {
        "cost": 89.12000004212001,
        "ce": 11,
        "cc": 36,
        "z": 0.7999999999999999
    },
    "14": {
        "cost": 89.12000004212001,
        "ce": 11,
        "cc": 36,
        "z": 0.7899999999999999
    },
    "15": {
        "cost": 89.12000004212001,
        "ce": 12,
        "cc": 35,
        "z": 0.7699999999999999
    },
    "16": {
        "cost": 89.12000004212,
        "ce": 13,
        "cc": 34,
        "z": 0.7499999999999999
    },
    "17": {
        "cost": 89.12000004212,
        "ce": 13,
        "cc": 34,
        "z": 0.7399999999999999
    },
    "18": {
        "cost": 89.12000004212001,
        "ce": 14,
        "cc": 33,
        "z": 0.7299999999999999
    },
    "19": {
        "cost": 89.12000004212001,
        "ce": 14,
        "cc": 33,
        "z": 0.7199999999999999
    },
    "20": {
        "cost": 89.12000004212,
        "ce": 15,
        "cc": 32,
        "z": 0.6999999999999998
    },
    "21": {
        "cost": 89.12000004212001,
        "ce": 15,
        "cc": 32,
        "z": 0.6899999999999998
    },
    "22": {
        "cost": 89.12000004212,
        "ce": 16,
        "cc": 31,
        "z": 0.6799999999999998
    },
    "23": {
        "cost": 89.12000004212001,
        "ce": 16,
        "cc": 31,
        "z": 0.6699999999999998
    },
    "24": {
        "cost": 89.12000004212001,
        "ce": 17,
        "cc": 30,
        "z": 0.6499999999999998
    },
    "25": {
        "cost": 89.12000004212001,
        "ce": 17,
        "cc": 30,
        "z": 0.6399999999999998
    },
    "26": {
        "cost": 89.12000004212,
        "ce": 18,
        "cc": 29,
        "z": 0.6299999999999998
    },
    "27": {
        "cost": 89.12000004212001,
        "ce": 18,
        "cc": 29,
        "z": 0.6199999999999998
    },
    "28": {
        "cost": 89.12000004212001,
        "ce": 19,
        "cc": 28,
        "z": 0.5999999999999998
    },
    "29": {
        "cost": 89.12000004212,
        "ce": 20,
        "cc": 27,
        "z": 0.5799999999999997
    },
    "30": {
        "cost": 89.12000004212001,
        "ce": 20,
        "cc": 27,
        "z": 0.5699999999999997
    },
    "31": {
        "cost": 90.12000004212001,
        "ce": 17,
        "cc": 31,
        "z": 0.6599999999999998
    },
    "32": {
        "cost": 90.12000004212001,
        "ce": 19,
        "cc": 29,
        "z": 0.6099999999999998
    },
    "33": {
        "cost": 90.12000004212001,
        "ce": 20,
        "cc": 28,
        "z": 0.5899999999999997
    }
}