{
    "0": {
        "cost": 77.746000037746,
        "ce": 0,
        "cc": 40,
        "z": 1.0
    },
    "1": {
        "cost": 79.746000037746,
        "ce": 2,
        "cc": 40,
        "z": 0.99
    },
    "2": {
        "cost": 79.746000037746,
        "ce": 3,
        "cc": 39,
        "z": 0.98
    },
    "3": {
        "cost": 79.746000037746,
        "ce": 3,
        "cc": 39,
        "z": 0.97
    },
    "4": {
        "cost": 80.746000037746,
        "ce": 4,
        "cc": 39,
        "z": 0.96
    },
    "5": {
        "cost": 79.746000037746,
        "ce": 4,
        "cc": 38,
        "z": 0.95
    },
    "6": {
        "cost": 79.746000037746,
        "ce": 4,
        "cc": 38,
        "z": 0.94
    },
    "7": {
        "cost": 79.746000037746,
        "ce": 5,
        "cc": 37,
        "z": 0.9299999999999999
    },
    "8": {
        "cost": 79.746000037746,
        "ce": 5,
        "cc": 37,
        "z": 0.9199999999999999
    },
    "9": {
        "cost": 80.746000037746,
        "ce": 6,
        "cc": 37,
        "z": 0.9099999999999999
    },
    "10": {
        "cost": 79.746000037746,
        "ce": 6,
        "cc": 36,
        "z": 0.8999999999999999
    },
    "11": {
        "cost": 79.746000037746,
        "ce": 6,
        "cc": 36,
        "z": 0.8899999999999999
    },
    "12": {
        "cost": 80.746000037746,
        "ce": 7,
        "cc": 36,
        "z": 0.8799999999999999
    },
    "13": {
        "cost": 79.746000037746,
        "ce": 7,
        "cc": 35,
        "z": 0.8699999999999999
    },
    "14": {
        "cost": 80.746000037746,
        "ce": 8,
        "cc": 35,
        "z": 0.8599999999999999
    },
    "15": {
        "cost": 79.746000037746,
        "ce": 8,
        "cc": 34,
        "z": 0.8499999999999999
    },
    "16": {
        "cost": 79.746000037746,
        "ce": 8,
        "cc": 34,
        "z": 0.8399999999999999
    },
    "17": {
        "cost": 80.746000037746,
        "ce": 9,
        "cc": 34,
        "z": 0.8299999999999998
    },
    "18": {
        "cost": 80.746000037746,
        "ce": 9,
        "cc": 34,
        "z": 0.8199999999999998
    },
    "19": {
        "cost": 80.746000037746,
        "ce": 10,
        "cc": 33,
        "z": 0.8099999999999998
    },
    "20": {
        "cost": 80.746000037746,
        "ce": 10,
        "cc": 33,
        "z": 0.7999999999999998
    },
    "21": {
        "cost": 79.746000037746,
        "ce": 10,
        "cc": 32,
        "z": 0.7899999999999998
    },
    "22": {
        "cost": 80.746000037746,
        "ce": 11,
        "cc": 32,
        "z": 0.7799999999999998
    },
    "23": {
        "cost": 80.746000037746,
        "ce": 11,
        "cc": 32,
        "z": 0.7699999999999998
    },
    "24": {
        "cost": 80.746000037746,
        "ce": 11,
        "cc": 32,
        "z": 0.7599999999999998
    },
    "25": {
        "cost": 80.746000037746,
        "ce": 12,
        "cc": 31,
        "z": 0.7499999999999998
    },
    "26": {
        "cost": 80.746000037746,
        "ce": 12,
        "cc": 31,
        "z": 0.7399999999999998
    },
    "27": {
        "cost": 80.746000037746,
        "ce": 13,
        "cc": 30,
        "z": 0.7299999999999998
    },
    "28": {
        "cost": 80.746000037746,
        "ce": 13,
        "cc": 30,
        "z": 0.7199999999999998
    },
    "29": {
        "cost": 79.746000037746,
        "ce": 13,
        "cc": 29,
        "z": 0.7099999999999997
    },
    "30": {
        "cost": 80.746000037746,
        "ce": 14,
        "cc": 29,
        "z": 0.6999999999999997
    },
    "31": {
        "cost": 80.746000037746,
        "ce": 14,
        "cc": 29,
        "z": 0.6899999999999997
    },
    "32": {
        "cost": 80.746000037746,
        "ce": 14,
        "cc": 29,
        "z": 0.6799999999999997
    },
    "33": {
        "cost": 80.746000037746,
        "ce": 15,
        "cc": 28,
        "z": 0.6699999999999997
    },
    "34": {
        "cost": 80.746000037746,
        "ce": 15,
        "cc": 28,
        "z": 0.6599999999999997
    },
    "35": {
        "cost": 80.746000037746,
        "ce": 16,
        "cc": 27,
        "z": 0.6499999999999997
    },
    "36": {
        "cost": 80.746000037746,
        "ce": 16,
        "cc": 27,
        "z": 0.6399999999999997
    },
    "37": {
        "cost": 80.746000037746,
        "ce": 16,
        "cc": 27,
        "z": 0.6299999999999997
    },
    "38": {
        "cost": 80.746000037746,
        "ce": 17,
        "cc": 26,
        "z": 0.6199999999999997
    },
    "39": {
        "cost": 80.746000037746,
        "ce": 17,
        "cc": 26,
        "z": 0.6099999999999997
    },
    "40": {
        "cost": 81.746000037746,
        "ce": 18,
        "cc": 26,
        "z": 0.5999999999999996
    },
    "41": {
        "cost": 80.746000037746,
        "ce": 18,
        "cc": 25,
        "z": 0.5899999999999996
    },
    "42": {
        "cost": 80.746000037746,
        "ce": 18,
        "cc": 25,
        "z": 0.5799999999999996
    },
    "43": {
        "cost": 80.746000037746,
        "ce": 19,
        "cc": 24,
        "z": 0.5699999999999996
    },
    "44": {
        "cost": 80.746000037746,
        "ce": 19,
        "cc": 24,
        "z": 0.5599999999999996
    },
    "45": {
        "cost": 80.746000037746,
        "ce": 19,
        "cc": 24,
        "z": 0.5499999999999996
    },
    "46": {
        "cost": 80.746000037746,
        "ce": 20,
        "cc": 23,
        "z": 0.5399999999999996
    },
    "47": {
        "cost": 80.746000037746,
        "ce": 20,
        "cc": 23,
        "z": 0.5299999999999996
    }
}