{
    "0": {
        "cost": 40.792000018792,
        "ce": 0,
        "cc": 22,
        "z": 1.0
    },
    "1": {
        "cost": 41.792000018792,
        "ce": 2,
        "cc": 21,
        "z": 0.98
    },
    "2": {
        "cost": 41.792000018792,
        "ce": 2,
        "cc": 21,
        "z": 0.97
    },
    "3": {
        "cost": 41.792000018792,
        "ce": 2,
        "cc": 21,
        "z": 0.96
    },
    "4": {
        "cost": 41.792000018792,
        "ce": 3,
        "cc": 20,
        "z": 0.94
    },
    "5": {
        "cost": 41.792000018792,
        "ce": 3,
        "cc": 20,
        "z": 0.9299999999999999
    },
    "6": {
        "cost": 41.792000018792,
        "ce": 3,
        "cc": 20,
        "z": 0.9199999999999999
    },
    "7": {
        "cost": 41.792000018792,
        "ce": 4,
        "cc": 19,
        "z": 0.8799999999999999
    },
    "8": {
        "cost": 41.792000018792,
        "ce": 4,
        "cc": 19,
        "z": 0.8699999999999999
    },
    "9": {
        "cost": 41.792000018792,
        "ce": 5,
        "cc": 18,
        "z": 0.8299999999999998
    },
    "10": {
        "cost": 41.792000018792,
        "ce": 5,
        "cc": 18,
        "z": 0.8199999999999998
    },
    "11": {
        "cost": 41.792000018792,
        "ce": 6,
        "cc": 17,
        "z": 0.7799999999999998
    },
    "12": {
        "cost": 41.792000018792,
        "ce": 6,
        "cc": 17,
        "z": 0.7699999999999998
    },
    "13": {
        "cost": 41.792000018792,
        "ce": 7,
        "cc": 16,
        "z": 0.7199999999999998
    },
    "14": {
        "cost": 41.792000018792,
        "ce": 8,
        "cc": 15,
        "z": 0.6699999999999997
    },
    "15": {
        "cost": 41.792000018792,
        "ce": 9,
        "cc": 14,
        "z": 0.6199999999999997
    },
    "16": {
        "cost": 41.792000018792,
        "ce": 9,
        "cc": 14,
        "z": 0.6099999999999997
    },
    "17": {
        "cost": 41.792000018792,
        "ce": 10,
        "cc": 13,
        "z": 0.5699999999999996
    },
    "18": {
        "cost": 41.792000018792,
        "ce": 10,
        "cc": 13,
        "z": 0.5599999999999996
    },
    "19": {
        "cost": 41.792000018792,
        "ce": 11,
        "cc": 12,
        "z": 0.5199999999999996
    },
    "20": {
        "cost": 41.792000018792,
        "ce": 11,
        "cc": 12,
        "z": 0.5099999999999996
    },
    "21": {
        "cost": 41.792000018792,
        "ce": 12,
        "cc": 11,
        "z": 0.4599999999999995
    },
    "22": {
        "cost": 41.792000018792,
        "ce": 12,
        "cc": 11,
        "z": 0.4499999999999995
    },
    "23": {
        "cost": 41.792000018791995,
        "ce": 13,
        "cc": 10,
        "z": 0.4099999999999995
    },
    "24": {
        "cost": 41.792000018792,
        "ce": 13,
        "cc": 10,
        "z": 0.39999999999999947
    },
    "25": {
        "cost": 41.792000018792,
        "ce": 14,
        "cc": 9,
        "z": 0.35999999999999943
    },
    "26": {
        "cost": 41.792000018791995,
        "ce": 14,
        "cc": 9,
        "z": 0.3499999999999994
    },
    "27": {
        "cost": 41.792000018792,
        "ce": 15,
        "cc": 8,
        "z": 0.3099999999999994
    },
    "28": {
        "cost": 41.792000018792,
        "ce": 15,
        "cc": 8,
        "z": 0.2999999999999994
    },
    "29": {
        "cost": 41.792000018792,
        "ce": 16,
        "cc": 7,
        "z": 0.25999999999999934
    },
    "30": {
        "cost": 41.792000018792,
        "ce": 16,
        "cc": 7,
        "z": 0.24999999999999933
    },
    "31": {
        "cost": 41.792000018792,
        "ce": 16,
        "cc": 7,
        "z": 0.23999999999999932
    },
    "32": {
        "cost": 41.792000018792,
        "ce": 17,
        "cc": 6,
        "z": 0.1999999999999993
    },
    "33": {
        "cost": 41.792000018792,
        "ce": 18,
        "cc": 5,
        "z": 0.15999999999999925
    },
    "34": {
        "cost": 41.792000018792,
        "ce": 18,
        "cc": 5,
        "z": 0.14999999999999925
    },
    "35": {
        "cost": 41.792000018792,
        "ce": 18,
        "cc": 5,
        "z": 0.13999999999999924
    },
    "36": {
        "cost": 41.792000018792,
        "ce": 19,
        "cc": 4,
        "z": 0.10999999999999924
    },
    "37": {
        "cost": 41.792000018792,
        "ce": 19,
        "cc": 4,
        "z": 0.09999999999999924
    },
    "38": {
        "cost": 41.79200001879201,
        "ce": 19,
        "cc": 4,
        "z": 0.08999999999999925
    },
    "39": {
        "cost": 41.792000018792,
        "ce": 20,
        "cc": 3,
        "z": 0.059999999999999255
    },
    "40": {
        "cost": 41.792000018792,
        "ce": 20,
        "cc": 3,
        "z": 0.04999999999999925
    },
    "41": {
        "cost": 41.792000018792,
        "ce": 20,
        "cc": 3,
        "z": 0.03999999999999925
    },
    "42": {
        "cost": 41.792000018792,
        "ce": 20,
        "cc": 3,
        "z": 0.02999999999999925
    },
    "43": {
        "cost": 42.792000018792,
        "ce": 2,
        "cc": 22,
        "z": 0.99
    },
    "44": {
        "cost": 42.792000018792,
        "ce": 3,
        "cc": 21,
        "z": 0.95
    },
    "45": {
        "cost": 42.792000018792,
        "ce": 4,
        "cc": 20,
        "z": 0.9099999999999999
    },
    "46": {
        "cost": 42.792000018792,
        "ce": 4,
        "cc": 20,
        "z": 0.8999999999999999
    },
    "47": {
        "cost": 42.792000018792,
        "ce": 4,
        "cc": 20,
        "z": 0.8899999999999999
    },
    "48": {
        "cost": 42.792000018792,
        "ce": 5,
        "cc": 19,
        "z": 0.8599999999999999
    },
    "49": {
        "cost": 42.792000018792,
        "ce": 5,
        "cc": 19,
        "z": 0.8499999999999999
    },
    "50": {
        "cost": 42.792000018792,
        "ce": 5,
        "cc": 19,
        "z": 0.8399999999999999
    },
    "51": {
        "cost": 42.792000018792,
        "ce": 6,
        "cc": 18,
        "z": 0.8099999999999998
    },
    "52": {
        "cost": 42.792000018792,
        "ce": 6,
        "cc": 18,
        "z": 0.7999999999999998
    },
    "53": {
        "cost": 42.792000018792,
        "ce": 6,
        "cc": 18,
        "z": 0.7899999999999998
    },
    "54": {
        "cost": 42.792000018792,
        "ce": 7,
        "cc": 17,
        "z": 0.7599999999999998
    },
    "55": {
        "cost": 42.792000018792,
        "ce": 7,
        "cc": 17,
        "z": 0.7499999999999998
    },
    "56": {
        "cost": 42.792000018792,
        "ce": 7,
        "cc": 17,
        "z": 0.7399999999999998
    },
    "57": {
        "cost": 42.792000018792,
        "ce": 7,
        "cc": 17,
        "z": 0.7299999999999998
    },
    "58": {
        "cost": 42.792000018792,
        "ce": 8,
        "cc": 16,
        "z": 0.7099999999999997
    },
    "59": {
        "cost": 42.792000018792,
        "ce": 8,
        "cc": 16,
        "z": 0.6999999999999997
    },
    "60": {
        "cost": 42.792000018792,
        "ce": 8,
        "cc": 16,
        "z": 0.6899999999999997
    },
    "61": {
        "cost": 42.792000018792,
        "ce": 8,
        "cc": 16,
        "z": 0.6799999999999997
    },
    "62": {
        "cost": 42.792000018792,
        "ce": 9,
        "cc": 15,
        "z": 0.6599999999999997
    },
    "63": {
        "cost": 42.792000018792,
        "ce": 9,
        "cc": 15,
        "z": 0.6499999999999997
    },
    "64": {
        "cost": 42.792000018792,
        "ce": 9,
        "cc": 15,
        "z": 0.6399999999999997
    },
    "65": {
        "cost": 42.792000018792,
        "ce": 9,
        "cc": 15,
        "z": 0.6299999999999997
    },
    "66": {
        "cost": 42.792000018792,
        "ce": 10,
        "cc": 14,
        "z": 0.5999999999999996
    },
    "67": {
        "cost": 42.792000018792,
        "ce": 10,
        "cc": 14,