{
    "0": {
        "cost": 112.189000054189,
        "ce": 18,
        "cc": 40,
        "z": 0.7
    },
    "1": {
        "cost": 112.189000054189,
        "ce": 19,
        "cc": 39,
        "z": 0.6799999999999999
    },
    "2": {
        "cost": 113.189000054189,
        "ce": 19,
        "cc": 40,
        "z": 0.69
    },
    "3": {
        "cost": 113.18900005418901,
        "ce": 20,
        "cc": 39,
        "z": 0.6699999999999999
    }
}