{
    "0": {
        "cost": 35.038000016038,
        "ce": 0,
        "cc": 19,
        "z": 1.0
    },
    "1": {
        "cost": 35.038000016038,
        "ce": 19,
        "cc": 0,
        "z": 0
    },
    "2": {
        "cost": 36.038000016038,
        "ce": 2,
        "cc": 18,
        "z": 0.98
    },
    "3": {
        "cost": 36.038000016038,
        "ce": 2,
        "cc": 18,
        "z": 0.97
    },
    "4": {
        "cost": 36.038000016038,
        "ce": 18,
        "cc": 2,
        "z": 0.02999999999999925
    },
    "5": {
        "cost": 36.038000016038,
        "ce": 18,
        "cc": 2,
        "z": 0.019999999999999248
    },
    "6": {
        "cost": 37.038000016038,
        "ce": 2,
        "cc": 19,
        "z": 0.99
    },
    "7": {
        "cost": 37.038000016038,
        "ce": 3,
        "cc": 18,
        "z": 0.96
    },
    "8": {
        "cost": 37.038000016038,
        "ce": 3,
        "cc": 18,
        "z": 0.95
    },
    "9": {
        "cost": 37.038000016038,
        "ce": 3,
        "cc": 18,
        "z": 0.94
    },
    "10": {
        "cost": 37.038000016038,
        "ce": 3,
        "cc": 18,
        "z": 0.9299999999999999
    },
    "11": {
        "cost": 37.038000016038,
        "ce": 4,
        "cc": 17,
        "z": 0.9099999999999999
    },
    "12": {
        "cost": 37.038000016038,
        "ce": 4,
        "cc": 17,
        "z": 0.8999999999999999
    },
    "13": {
        "cost": 37.038000016038,
        "ce": 4,
        "cc": 17,
        "z": 0.8899999999999999
    },
    "14": {
        "cost": 37.038000016038,
        "ce": 4,
        "cc": 17,
        "z": 0.8799999999999999
    },
    "15": {
        "cost": 37.038000016038,
        "ce": 4,
        "cc": 17,
        "z": 0.8699999999999999
    },
    "16": {
        "cost": 37.038000016038,
        "ce": 5,
        "cc": 16,
        "z": 0.8499999999999999
    },
    "17": {
        "cost": 37.038000016038,
        "ce": 5,
        "cc": 16,
        "z": 0.8399999999999999
    },
    "18": {
        "cost": 37.038000016038,
        "ce": 5,
        "cc": 16,
        "z": 0.8299999999999998
    },
    "19": {
        "cost": 37.038000016038,
        "ce": 5,
        "cc": 16,
        "z": 0.8199999999999998
    },
    "20": {
        "cost": 37.038000016038,
        "ce": 6,
        "cc": 15,
        "z": 0.7899999999999998
    },
    "21": {
        "cost": 37.038000016038,
        "ce": 6,
        "cc": 15,
        "z": 0.7799999999999998
    },
    "22": {
        "cost": 37.038000016038,
        "ce": 6,
        "cc": 15,
        "z": 0.7699999999999998
    },
    "23": {
        "cost": 37.038000016038,
        "ce": 6,
        "cc": 15,
        "z": 0.7599999999999998
    },
    "24": {
        "cost": 37.038000016038,
        "ce": 7,
        "cc": 14,
        "z": 0.7199999999999998
    },
    "25": {
        "cost": 37.038000016038,
        "ce": 7,
        "cc": 14,
        "z": 0.7099999999999997
    },
    "26": {
        "cost": 37.038000016038,
        "ce": 7,
        "cc": 14,
        "z": 0.6999999999999997
    },
    "27": {
        "cost": 37.038000016038,
        "ce": 8,
        "cc": 13,
        "z": 0.6599999999999997
    },
    "28": {
        "cost": 37.038000016038,
        "ce": 8,
        "cc": 13,
        "z": 0.6499999999999997
    },
    "29": {
        "cost": 37.038000016038,
        "ce": 8,
        "cc": 13,
        "z": 0.6399999999999997
    },
    "30": {
        "cost": 37.038000016038,
        "ce": 9,
        "cc": 12,
        "z": 0.5999999999999996
    },
    "31": {
        "cost": 37.038000016038,
        "ce": 9,
        "cc": 12,
        "z": 0.5899999999999996
    },
    "32": {
        "cost": 37.038000016038,
        "ce": 9,
        "cc": 12,
        "z": 0.5799999999999996
    },
    "33": {
        "cost": 37.038000016038,
        "ce": 10,
        "cc": 11,
        "z": 0.5399999999999996
    },
    "34": {
        "cost": 37.038000016038,
        "ce": 10,
        "cc": 11,
        "z": 0.5299999999999996
    },
    "35": {
        "cost": 37.038000016038,
        "ce": 10,
        "cc": 11,
        "z": 0.5199999999999996
    },
    "36": {
        "cost": 37.038000016038,
        "ce": 11,
        "cc": 10,
        "z": 0.47999999999999954
    },
    "37": {
        "cost": 37.038000016038,
        "ce": 11,
        "cc": 10,
        "z": 0.46999999999999953
    },
    "38": {
        "cost": 37.038000016038,
        "ce": 11,
        "cc": 10,
        "z": 0.4599999999999995
    },
    "39": {
        "cost": 37.038000016038,
        "ce": 12,
        "cc": 9,
        "z": 0.4199999999999995
    },
    "40": {
        "cost": 37.038000016038,
        "ce": 12,
        "cc": 9,
        "z": 0.4099999999999995
    },
    "41": {
        "cost": 37.038000016038,
        "ce": 12,
        "cc": 9,
        "z": 0.39999999999999947
    },
    "42": {
        "cost": 37.038000016038,
        "ce": 13,
        "cc": 8,
        "z": 0.35999999999999943
    },
    "43": {
        "cost": 37.038000016038,
        "ce": 13,
        "cc": 8,
        "z": 0.3499999999999994
    },
    "44": {
        "cost": 37.038000016038,
        "ce": 13,
        "cc": 8,
        "z": 0.3399999999999994
    },
    "45": {
        "cost": 37.038000016038,
        "ce": 14,
        "cc": 7,
        "z": 0.2999999999999994
    },
    "46": {
        "cost": 37.038000016038,
        "ce": 14,
        "cc": 7,
        "z": 0.28999999999999937
    },
    "47": {
        "cost": 37.038000016038,
        "ce": 14,
        "cc": 7,
        "z": 0.27999999999999936
    },
    "48": {
        "cost": 37.038000016038,
        "ce": 15,
        "cc": 6,
        "z": 0.23999999999999932
    },
    "49": {
        "cost": 37.038000016038005,
        "ce": 15,
        "cc": 6,
        "z": 0.22999999999999932
    },
    "50": {
        "cost": 37.038000016038,
        "ce": 15,
        "cc": 6,
        "z": 0.2199999999999993
    },
    "51": {
        "cost": 37.038000016038005,
        "ce": 15,
        "cc": 6,
        "z": 0.2099999999999993
    },
    "52": {
        "cost": 37.038000016038,
        "ce": 16,
        "cc": 5,
        "z": 0.17999999999999927
    },
    "53": {
        "cost": 37.038000016038005,
        "ce": 16,
        "cc": 5,
        "z": 0.16999999999999926
    },
    "54": {
        "cost": 37.038000016038,
        "ce": 16,
        "cc": 5,
        "z": 0.15999999999999925
    },
    "55": {
        "cost": 37.038000016038005,
        "ce": 16,
        "cc": 5,
        "z": 0.14999999999999925
    },
    "56": {
        "cost": 37.038000016038005,
        "ce": 17,
        "cc": 4,
        "z": 0.12999999999999923
    },
    "57": {
        "cost": 37.038000016038,
        "ce": 17,
        "cc": 4,
        "z": 0.11999999999999923
    },
    "58": {
        "cost": 37.038000016038005,
        "ce": 17,
        "cc": 4,
        "z": 0.10999999999999924
    },
    "59": {
        "cost": 37.038000016038,
        "ce": 17,
        "cc": 4,
        "z": 0.09999999999999924
    },
    "60": {
        "cost": 37.038000016038005,
        "ce": 17,
        "cc": 4,
        "z": 0.08999999999999925
    },
    "61": {
        "cost": 37.038000016038,
        "ce": 18,
        "cc": 3,
        "z": 0.06999999999999926
    },
    "62": {
        "cost": 37.038000016038,
        "ce": 18,
        "cc": 3,
        "z": 0.059999999999999255
    },
    "63": {
        "cost": 37.038000016038,
        "ce": 18,
        "cc": 3,
        "z": 0.04999999999999925
    },
    "64": {
        "cost": 37.038000016038,
        "ce": 18,
        "cc": 3,
        "z": 0.03999999999999925
    },
    "65": {
        "cost": 37.038000016038,
        "ce": 19,
        "cc": 2,
        "z": 0.009999999999999247
    },
    "66": {
        "cost": 38.038000016038,
        "ce": 4,
        "cc": 18,
        "z": 0.9199999999999999
    },
    "67": {
        "cost": 38.038000016038,
        "ce": 5,
        "cc": 17,