{
    "0": {
        "cost": 114.323000055323,
        "ce": 19,
        "cc": 40,
        "z": 0.69
    },
    "1": {
        "cost": 115.323000055323,
        "ce": 20,
        "cc": 40,
        "z": 0.6799999999999999
    },
    "2": {
        "cost": 115.323000055323,
        "ce": 20,
        "cc": 40,
        "z": 0.6699999999999999
    }
}