{
    "0": {
        "cost": 15.399000006399,
        "ce": 0,
        "cc": 9,
        "z": 1.0
    },
    "1": {
        "cost": 15.399000006399,
        "ce": 9,
        "cc": 0,
        "z": 0
    },
    "2": {
        "cost": 16.399000006399,
        "ce": 1,
        "cc": 9,
        "z": 0.99
    },
    "3": {
        "cost": 16.399000006399,
        "ce": 2,
        "cc": 8,
        "z": 0.9099999999999999
    },
    "4": {
        "cost": 16.399000006399,
        "ce": 8,
        "cc": 2,
        "z": 0.07999999999999925
    },
    "5": {
        "cost": 16.399000006399,
        "ce": 8,
        "cc": 2,
        "z": 0.06999999999999926
    },
    "6": {
        "cost": 16.399000006398996,
        "ce": 8,
        "cc": 2,
        "z": 0.059999999999999255
    },
    "7": {
        "cost": 17.399000006399,
        "ce": 2,
        "cc": 9,
        "z": 0.98
    },
    "8": {
        "cost": 17.399000006399,
        "ce": 2,
        "cc": 9,
        "z": 0.97
    },
    "9": {
        "cost": 17.399000006399,
        "ce": 2,
        "cc": 9,
        "z": 0.96
    },
    "10": {
        "cost": 17.399000006399,
        "ce": 2,
        "cc": 9,
        "z": 0.95
    },
    "11": {
        "cost": 17.399000006399,
        "ce": 2,
        "cc": 9,
        "z": 0.94
    },
    "12": {
        "cost": 17.399000006399,
        "ce": 2,
        "cc": 9,
        "z": 0.9299999999999999
    },
    "13": {
        "cost": 17.399000006399,
        "ce": 2,
        "cc": 9,
        "z": 0.9199999999999999
    },
    "14": {
        "cost": 17.399000006399,
        "ce": 3,
        "cc": 8,
        "z": 0.8999999999999999
    },
    "15": {
        "cost": 17.399000006399,
        "ce": 3,
        "cc": 8,
        "z": 0.8899999999999999
    },
    "16": {
        "cost": 17.399000006399,
        "ce": 3,
        "cc": 8,
        "z": 0.8799999999999999
    },
    "17": {
        "cost": 17.399000006399,
        "ce": 3,
        "cc": 8,
        "z": 0.8699999999999999
    },
    "18": {
        "cost": 17.399000006399,
        "ce": 3,
        "cc": 8,
        "z": 0.8599999999999999
    },
    "19": {
        "cost": 17.399000006399,
        "ce": 3,
        "cc": 8,
        "z": 0.8499999999999999
    },
    "20": {
        "cost": 17.399000006399,
        "ce": 3,
        "cc": 8,
        "z": 0.8399999999999999
    },
    "21": {
        "cost": 17.399000006399,
        "ce": 3,
        "cc": 8,
        "z": 0.8299999999999998
    },
    "22": {
        "cost": 17.399000006399,
        "ce": 3,
        "cc": 8,
        "z": 0.8199999999999998
    },
    "23": {
        "cost": 17.399000006399,
        "ce": 3,
        "cc": 8,
        "z": 0.8099999999999998
    },
    "24": {
        "cost": 17.399000006399,
        "ce": 3,
        "cc": 8,
        "z": 0.7999999999999998
    },
    "25": {
        "cost": 17.399000006399,
        "ce": 3,
        "cc": 8,
        "z": 0.7899999999999998
    },
    "26": {
        "cost": 17.399000006399,
        "ce": 4,
        "cc": 7,
        "z": 0.7699999999999998
    },
    "27": {
        "cost": 17.399000006399,
        "ce": 4,
        "cc": 7,
        "z": 0.7599999999999998
    },
    "28": {
        "cost": 17.399000006399,
        "ce": 4,
        "cc": 7,
        "z": 0.7499999999999998
    },
    "29": {
        "cost": 17.399000006399,
        "ce": 4,
        "cc": 7,
        "z": 0.7399999999999998
    },
    "30": {
        "cost": 17.399000006399,
        "ce": 4,
        "cc": 7,
        "z": 0.7299999999999998
    },
    "31": {
        "cost": 17.399000006399,
        "ce": 4,
        "cc": 7,
        "z": 0.7199999999999998
    },
    "32": {
        "cost": 17.399000006399,
        "ce": 4,
        "cc": 7,
        "z": 0.7099999999999997
    },
    "33": {
        "cost": 17.399000006399,
        "ce": 4,
        "cc": 7,
        "z": 0.6999999999999997
    },
    "34": {
        "cost": 17.399000006399,
        "ce": 4,
        "cc": 7,
        "z": 0.6899999999999997
    },
    "35": {
        "cost": 17.399000006399,
        "ce": 4,
        "cc": 7,
        "z": 0.6799999999999997
    },
    "36": {
        "cost": 17.399000006399,
        "ce": 4,
        "cc": 7,
        "z": 0.6699999999999997
    },
    "37": {
        "cost": 17.399000006399,
        "ce": 4,
        "cc": 7,
        "z": 0.6599999999999997
    },
    "38": {
        "cost": 17.399000006399,
        "ce": 4,
        "cc": 7,
        "z": 0.6499999999999997
    },
    "39": {
        "cost": 17.399000006399,
        "ce": 5,
        "cc": 6,
        "z": 0.6099999999999997
    },
    "40": {
        "cost": 17.399000006399,
        "ce": 5,
        "cc": 6,
        "z": 0.5999999999999996
    },
    "41": {
        "cost": 17.399000006399,
        "ce": 5,
        "cc": 6,
        "z": 0.5899999999999996
    },
    "42": {
        "cost": 17.399000006399,
        "ce": 5,
        "cc": 6,
        "z": 0.5799999999999996
    },
    "43": {
        "cost": 17.399000006399,
        "ce": 5,
        "cc": 6,
        "z": 0.5699999999999996
    },
    "44": {
        "cost": 17.399000006399,
        "ce": 5,
        "cc": 6,
        "z": 0.5599999999999996
    },
    "45": {
        "cost": 17.399000006399,
        "ce": 5,
        "cc": 6,
        "z": 0.5499999999999996
    },
    "46": {
        "cost": 17.399000006399,
        "ce": 5,
        "cc": 6,
        "z": 0.5399999999999996
    },
    "47": {
        "cost": 17.399000006399,
        "ce": 5,
        "cc": 6,
        "z": 0.5299999999999996
    },
    "48": {
        "cost": 17.399000006399,
        "ce": 5,
        "cc": 6,
        "z": 0.5199999999999996
    },
    "49": {
        "cost": 17.399000006399,
        "ce": 5,
        "cc": 6,
        "z": 0.5099999999999996
    },
    "50": {
        "cost": 17.399000006399,
        "ce": 6,
        "cc": 5,
        "z": 0.46999999999999953
    },
    "51": {
        "cost": 17.399000006399,
        "ce": 6,
        "cc": 5,
        "z": 0.4599999999999995
    },
    "52": {
        "cost": 17.399000006399,
        "ce": 6,
        "cc": 5,
        "z": 0.4499999999999995
    },
    "53": {
        "cost": 17.399000006399,
        "ce": 6,
        "cc": 5,
        "z": 0.4399999999999995
    },
    "54": {
        "cost": 17.399000006399,
        "ce": 6,
        "cc": 5,
        "z": 0.4299999999999995
    },
    "55": {
        "cost": 17.399000006399,
        "ce": 6,
        "cc": 5,
        "z": 0.4199999999999995
    },
    "56": {
        "cost": 17.399000006399,
        "ce": 6,
        "cc": 5,
        "z": 0.4099999999999995
    },
    "57": {
        "cost": 17.399000006399,
        "ce": 6,
        "cc": 5,
        "z": 0.39999999999999947
    },
    "58": {
        "cost": 17.399000006399,
        "ce": 6,
        "cc": 5,
        "z": 0.38999999999999946
    },
    "59": {
        "cost": 17.399000006399,
        "ce": 6,
        "cc": 5,
        "z": 0.37999999999999945
    },
    "60": {
        "cost": 17.399000006399,
        "ce": 6,
        "cc": 5,
        "z": 0.36999999999999944
    },
    "61": {
        "cost": 17.399000006399,
        "ce": 6,
        "cc": 5,
        "z": 0.35999999999999943
    },
    "62": {
        "cost": 17.399000006399,
        "ce": 7,
        "cc": 4,
        "z": 0.3199999999999994
    },
    "63": {
        "cost": 17.399000006399,
        "ce": 7,
        "cc": 4,
        "z": 0.3099999999999994
    },
    "64": {
        "cost": 17.399000006399,
        "ce": 7,
        "cc": 4,
        "z": 0.2999999999999994
    },
    "65": {
        "cost": 17.399000006399,
        "ce": 7,
        "cc": 4,
        "z": 0.28999999999999937
    },
    "66": {
        "cost": 17.399000006399,
        "ce": 7,
        "cc": 4,
        "z": 0.27999999999999936
    },
    "67": {
        "cost": 17.399000006399,
        "ce": 7,
        "cc": 4,
        "z": 0.26999999999999935
    },
    "68": {
        "cost": 17.399000006399,
        "ce": 7,
        "cc": 4,