{
    "0": {
        "cost": 109.73100005273099,
        "ce": 17,
        "cc": 40,
        "z": 0.72
    },
    "1": {
        "cost": 109.73100005273099,
        "ce": 17,
        "cc": 40,
        "z": 0.71
    },
    "2": {
        "cost": 109.73100005273099,
        "ce": 18,
        "cc": 39,
        "z": 0.7
    },
    "3": {
        "cost": 109.73100005273099,
        "ce": 19,
        "cc": 38,
        "z": 0.6799999999999999
    },
    "4": {
        "cost": 109.73100005273099,
        "ce": 20,
        "cc": 37,
        "z": 0.6599999999999999
    },
    "5": {
        "cost": 110.731000052731,
        "ce": 19,
        "cc": 39,
        "z": 0.69
    },
    "6": {
        "cost": 110.73100005273099,
        "ce": 20,
        "cc": 38,
        "z": 0.6699999999999999
    }
}