{
    "0": {
        "cost": 109.24500005224499,
        "ce": 20,
        "cc": 37,
        "z": 0.6599999999999999
    },
    "1": {
        "cost": 109.24500005224502,
        "ce": 20,
        "cc": 37,
        "z": 0.6699999999999999
    },
    "2": {
        "cost": 109.245000052245,
        "ce": 19,
        "cc": 38,
        "z": 0.6799999999999999
    },
    "3": {
        "cost": 109.245000052245,
        "ce": 19,
        "cc": 38,
        "z": 0.69
    },
    "4": {
        "cost": 109.24500005224502,
        "ce": 18,
        "cc": 39,
        "z": 0.7
    },
    "5": {
        "cost": 109.245000052245,
        "ce": 17,
        "cc": 40,
        "z": 0.72
    },
    "6": {
        "cost": 109.245000052245,
        "ce": 17,
        "cc": 40,
        "z": 0.73
    },
    "7": {
        "cost": 110.24500005224502,
        "ce": 18,
        "cc": 40,
        "z": 0.71
    }
}