{
    "0": {
        "cost": 114.918000054918,
        "ce": 20,
        "cc": 40,
        "z": 0.6799999999999999
    },
    "1": {
        "cost": 114.918000054918,
        "ce": 20,
        "cc": 40,
        "z": 0.69
    }
}