{
    "0": {
        "cost": 114.83700005483699,
        "ce": 20,
        "cc": 40,
        "z": 0.69
    },
    "1": {
        "cost": 114.837000054837,
        "ce": 20,
        "cc": 40,
        "z": 0.6799999999999999
    }
}