{
    "0": {
        "cost": 109.56900005256901,
        "ce": 20,
        "cc": 37,
        "z": 0.6599999999999999
    },
    "1": {
        "cost": 109.569000052569,
        "ce": 19,
        "cc": 38,
        "z": 0.6699999999999999
    },
    "2": {
        "cost": 109.569000052569,
        "ce": 19,
        "cc": 38,
        "z": 0.6799999999999999
    },
    "3": {
        "cost": 109.569000052569,
        "ce": 18,
        "cc": 39,
        "z": 0.7
    },
    "4": {
        "cost": 109.56900005256901,
        "ce": 17,
        "cc": 40,
        "z": 0.71
    },
    "5": {
        "cost": 109.56900005256898,
        "ce": 17,
        "cc": 40,
        "z": 0.72
    },
    "6": {
        "cost": 110.56900005256898,
        "ce": 19,
        "cc": 39,
        "z": 0.69
    }
}