{
    "0": {
        "cost": 113.837000054837,
        "ce": 20,
        "cc": 39,
        "z": 0.6699999999999999
    },
    "1": {
        "cost": 113.83700005483699,
        "ce": 19,
        "cc": 40,
        "z": 0.69
    },
    "2": {
        "cost": 114.837000054837,
        "ce": 20,
        "cc": 40,
        "z": 0.6799999999999999
    }
}