{
    "0": {
        "cost": 6.187000002187,
        "ce": 4,
        "cc": 0,
        "z": 0
    },
    "1": {
        "cost": 7.187000002187,
        "ce": 4,
        "cc": 1,
        "z": 0.009999999999999247
    },
    "2": {
        "cost": 7.187000002186999,
        "ce": 4,
        "cc": 1,
        "z": 0.019999999999999248
    },
    "3": {
        "cost": 7.187000002187,
        "ce": 1,
        "cc": 4,
        "z": 0.96
    },
    "4": {
        "cost": 7.187000002187,
        "ce": 0,
        "cc": 5,
        "z": 1.0
    },
    "5": {
        "cost": 8.187000002187,
        "ce": 4,
        "cc": 2,
        "z": 0.02999999999999925
    },
    "6": {
        "cost": 8.187000002187,
        "ce": 4,
        "cc": 2,
        "z": 0.03999999999999925
    },
    "7": {
        "cost": 8.187000002187,
        "ce": 4,
        "cc": 2,
        "z": 0.04999999999999925
    },
    "8": {
        "cost": 8.187000002187,
        "ce": 4,
        "cc": 2,
        "z": 0.059999999999999255
    },
    "9": {
        "cost": 8.187000002187,
        "ce": 4,
        "cc": 2,
        "z": 0.06999999999999926
    },
    "10": {
        "cost": 8.187000002187002,
        "ce": 4,
        "cc": 2,
        "z": 0.07999999999999925
    },
    "11": {
        "cost": 8.187000002187,
        "ce": 4,
        "cc": 2,
        "z": 0.08999999999999925
    },
    "12": {
        "cost": 8.187000002187,
        "ce": 4,
        "cc": 2,
        "z": 0.09999999999999924
    },
    "13": {
        "cost": 8.187000002187,
        "ce": 4,
        "cc": 2,
        "z": 0.10999999999999924
    },
    "14": {
        "cost": 8.187000002187,
        "ce": 4,
        "cc": 2,
        "z": 0.11999999999999923
    },
    "15": {
        "cost": 8.187000002187,
        "ce": 4,
        "cc": 2,
        "z": 0.12999999999999923
    },
    "16": {
        "cost": 8.187000002187,
        "ce": 4,
        "cc": 2,
        "z": 0.13999999999999924
    },
    "17": {
        "cost": 8.187000002187,
        "ce": 4,
        "cc": 2,
        "z": 0.14999999999999925
    },
    "18": {
        "cost": 8.187000002187,
        "ce": 4,
        "cc": 2,
        "z": 0.15999999999999925
    },
    "19": {
        "cost": 8.187000002187,
        "ce": 4,
        "cc": 2,
        "z": 0.16999999999999926
    },
    "20": {
        "cost": 8.187000002187,
        "ce": 4,
        "cc": 2,
        "z": 0.17999999999999927
    },
    "21": {
        "cost": 8.187000002187,
        "ce": 4,
        "cc": 2,
        "z": 0.18999999999999928
    },
    "22": {
        "cost": 8.187000002187,
        "ce": 4,
        "cc": 2,
        "z": 0.1999999999999993
    },
    "23": {
        "cost": 8.187000002187,
        "ce": 4,
        "cc": 2,
        "z": 0.2099999999999993
    },
    "24": {
        "cost": 8.187000002187,
        "ce": 4,
        "cc": 2,
        "z": 0.2199999999999993
    },
    "25": {
        "cost": 8.187000002187,
        "ce": 4,
        "cc": 2,
        "z": 0.22999999999999932
    },
    "26": {
        "cost": 8.187000002187,
        "ce": 4,
        "cc": 2,
        "z": 0.23999999999999932
    },
    "27": {
        "cost": 8.187000002187,
        "ce": 3,
        "cc": 3,
        "z": 0.2999999999999994
    },
    "28": {
        "cost": 8.187000002187,
        "ce": 3,
        "cc": 3,
        "z": 0.3099999999999994
    },
    "29": {
        "cost": 8.187000002187,
        "ce": 3,
        "cc": 3,
        "z": 0.3199999999999994
    },
    "30": {
        "cost": 8.187000002187,
        "ce": 3,
        "cc": 3,
        "z": 0.3299999999999994
    },
    "31": {
        "cost": 8.187000002187,
        "ce": 3,
        "cc": 3,
        "z": 0.3399999999999994
    },
    "32": {
        "cost": 8.187000002187,
        "ce": 3,
        "cc": 3,
        "z": 0.3499999999999994
    },
    "33": {
        "cost": 8.187000002187,
        "ce": 3,
        "cc": 3,
        "z": 0.35999999999999943
    },
    "34": {
        "cost": 8.187000002187,
        "ce": 3,
        "cc": 3,
        "z": 0.36999999999999944
    },
    "35": {
        "cost": 8.187000002187,
        "ce": 3,
        "cc": 3,
        "z": 0.37999999999999945
    },
    "36": {
        "cost": 8.187000002187,
        "ce": 3,
        "cc": 3,
        "z": 0.38999999999999946
    },
    "37": {
        "cost": 8.187000002187,
        "ce": 3,
        "cc": 3,
        "z": 0.39999999999999947
    },
    "38": {
        "cost": 8.187000002187,
        "ce": 3,
        "cc": 3,
        "z": 0.4099999999999995
    },
    "39": {
        "cost": 8.187000002187,
        "ce": 3,
        "cc": 3,
        "z": 0.4199999999999995
    },
    "40": {
        "cost": 8.187000002187,
        "ce": 3,
        "cc": 3,
        "z": 0.4299999999999995
    },
    "41": {
        "cost": 8.187000002187,
        "ce": 3,
        "cc": 3,
        "z": 0.4399999999999995
    },
    "42": {
        "cost": 8.187000002187,
        "ce": 3,
        "cc": 3,
        "z": 0.4499999999999995
    },
    "43": {
        "cost": 8.187000002187,
        "ce": 3,
        "cc": 3,
        "z": 0.4599999999999995
    },
    "44": {
        "cost": 8.187000002187,
        "ce": 3,
        "cc": 3,
        "z": 0.46999999999999953
    },
    "45": {
        "cost": 8.187000002187,
        "ce": 3,
        "cc": 3,
        "z": 0.47999999999999954
    },
    "46": {
        "cost": 8.187000002187,
        "ce": 3,
        "cc": 3,
        "z": 0.48999999999999955
    },
    "47": {
        "cost": 8.187000002187,
        "ce": 3,
        "cc": 3,
        "z": 0.49999999999999956
    },
    "48": {
        "cost": 8.187000002187,
        "ce": 3,
        "cc": 3,
        "z": 0.5099999999999996
    },
    "49": {
        "cost": 8.187000002187,
        "ce": 3,
        "cc": 3,
        "z": 0.5199999999999996
    },
    "50": {
        "cost": 8.187000002187,
        "ce": 3,
        "cc": 3,
        "z": 0.5299999999999996
    },
    "51": {
        "cost": 8.187000002187,
        "ce": 3,
        "cc": 3,
        "z": 0.5399999999999996
    },
    "52": {
        "cost": 8.187000002187,
        "ce": 3,
        "cc": 3,
        "z": 0.5499999999999996
    },
    "53": {
        "cost": 8.187000002187,
        "ce": 3,
        "cc": 3,
        "z": 0.5599999999999996
    },
    "54": {
        "cost": 8.187000002187,
        "ce": 3,
        "cc": 3,
        "z": 0.5699999999999996
    },
    "55": {
        "cost": 8.187000002187,
        "ce": 3,
        "cc": 3,
        "z": 0.5799999999999996
    },
    "56": {
        "cost": 8.187000002187,
        "ce": 2,
        "cc": 4,
        "z": 0.6799999999999997
    },
    "57": {
        "cost": 8.187000002187,
        "ce": 2,
        "cc": 4,
        "z": 0.6899999999999997
    },
    "58": {
        "cost": 8.187000002187,
        "ce": 2,
        "cc": 4,
        "z": 0.6999999999999997
    },
    "59": {
        "cost": 8.187000002187,
        "ce": 2,
        "cc": 4,
        "z": 0.7099999999999997
    },
    "60": {
        "cost": 8.187000002187,
        "ce": 2,
        "cc": 4,
        "z": 0.7199999999999998
    },
    "61": {
        "cost": 8.187000002187,
        "ce": 2,
        "cc": 4,
        "z": 0.7299999999999998
    },
    "62": {
        "cost": 8.187000002187,
        "ce": 2,
        "cc": 4,
        "z": 0.7399999999999998
    },
    "63": {
        "cost": 8.187000002187,
        "ce": 2,
        "cc": 4,
        "z": 0.7499999999999998
    },
    "64": {
        "cost": 8.187000002187,
        "ce": 2,
        "cc": 4,
        "z": 0.7599999999999998
    },
    "65": {
        "cost": 8.187000002187,
        "ce": 2,
        "cc": 4,
        "z": 0.7699999999999998
    },
    "66": {
        "cost": 8.187000002187,
        "ce": 2,
        "cc": 4,
        "z": 0.7799999999999998
    },
    "67": {
        "cost": 8.187000002187,
        "ce": 2,
        "cc": 4,
        "z": 0.7899999999999998
    },
    "68": {
        "cost": 8.187000002187,