{
    "0": {
        "cost": 112.108000054108,
        "ce": 19,
        "cc": 39,
        "z": 0.6799999999999999
    },
    "1": {
        "cost": 112.108000054108,
        "ce": 18,
        "cc": 40,
        "z": 0.7
    },
    "2": {
        "cost": 113.108000054108,
        "ce": 20,
        "cc": 39,
        "z": 0.6699999999999999
    },
    "3": {
        "cost": 113.10800005410799,
        "ce": 19,
        "cc": 40,
        "z": 0.69
    }
}